industry,title,article_url,author,published_date,category,thumbnail_url,excerpt,content
Fintech,"Fibe IPO Pitch: More Than A Personal Loan Platform, But Will Investors Buy In?",https://inc42.com/features/fibe-ipo-pitch-more-than-a-personal-loan-platform-but-will-investors-buy-in/,Debarghya Sil,1st July 2026,In-Depth,https://inc42.com/cdn-cgi/image/quality=90/https://asset.inc42.com/2026/06/Fibe-ftr-ipo-490x360.jpg,,"Once known as EarlySalary, Fibe has evolved into a diversified consumer finance platform, offering credit across healthcare, education, insurance, travel and rooftop solar beyond personal loans.

The fintech more than doubled its revenue to ₹1,601 Cr and nearly tripled its profit to ₹291 Cr between FY24 and FY26, while expanding its AUM to ₹8,603 Cr.

While Fibe has improved its asset quality and diversified its business, industry experts question whether its reported $1 Bn valuation adequately factors in the cyclical risks of digital lending.

Earlier this week, Pune-based Fibe filed its draft red herring prospectus (DRHP) with the market regulator SEBI. With this, Fibe has now joined a growing list of Indian startups looking to tap the public markets to unlock their next growth chapter.

Founded in 2015 as EarlySalary , Fibe offered salary advances and small-ticket personal loans to young working professionals at the outset. However, over the last decade, the startup has transformed itself from a single-product lending app to a diversified consumer finance platform.

Fibe has evolved beyond its roots as a personal loan platform, expanding into a wider financial ecosystem that now includes education, healthcare, insurance, travel, and even rooftop solar financing.

With an eye on getting listed via an IPO that will comprise a fresh issue of up to ₹750 Cr and an offer-for-sale component of over 4 Cr shares, here is why Fibe today has become more than just a personal loan startup.

From EarlySalary To Fibe

For years, EarlySalary built its identity around one simple proposition, offering quick salary advances to young professionals with limited access to formal credit. However, as digital lending matured, so did customer expectations.

Instead of borrowing only for emergencies, consumers started seeking financing for specific purchases and lifestyle needs. It was at this time that rising competition and tighter RBI regulations forced lenders to rethink their business models.

Fibe responded by expanding its product portfolio.

According to its DRHP, the company offers financing across multiple categories (as mentioned above). Besides, it continues to offer unsecured personal loans, loans against mutual funds, cobranded credit cards, third-party FDs and insurance products.

More importantly, the startup has changed the way it acquires customers.

Instead of relying exclusively on its mobile apps, Fibe now distributes credit through a wide partner ecosystem that includes telecom operators, ecommerce platforms, hospitals, health insurance companies, educational institutions and online marketplaces.

The strategy is aligned with Fibe’s core customer bases. As per its draft IPO papers, the startup primarily serves India’s aspirational middle-income population, particularly young working professionals. As of FY26, its average customer earned a monthly income of ₹37,083, while the average loan ticket size stood at ₹77,987. This explains the company’s expansion into categories such as healthcare, education, insurance, and other expenses that are increasingly becoming essential but can strain monthly household budgets.

Growth Backed By Improved Financials

Fibe’s diversification has coincided with improved financial growth. Over the last three financial years, the startup’s revenue more than doubled from ₹780 Cr to ₹1,601 Cr. During the same period, net profit nearly tripled from ₹101 Cr to ₹257 Cr, while its assets under management (AUM) almost doubled from ₹4,064 Cr to ₹8,603 Cr, only highlighting that the lending business has expanded.

The startup’s loan originations rose from ₹8,591 Cr in FY24 to ₹15,243 Cr in FY26, while the value of its personal loan portfolio increased from ₹3,888 Cr to ₹8,420 Cr during the same period.

Asset Quality Improves, But Risks Remain

Typically, loan growth comes with concern over credit quality. Fibe, however, argues that its portfolio has steadily improved. Its DRHP revealed that borrowers with credit scores above 731 accounted for 86.15% of originations in FY26, compared to 76.46% two years ago, reflecting a deliberate shift towards prime and above-prime borrowers.

At the same time, its 90+ day past due (DPD) delinquency ratio improved from 2.50% in June 2024 to 1.13% by March 2026. Fibe attributes the improvement to tighter underwriting, stronger collection and migration towards higher-credit-quality customers.

However, digital lending remains a risky business, which is reflected in how some industry experts are evaluating Fibe’s proposed public market debut. A fintech executive said the company’s expected valuation of about $1 Bn appears expensive for a lender of its size.

“Traditional NBFCs typically trade at 15X-20X PE multiple. Fibe is seeking close to 30X-40X, which looks rich for a relatively young company. Lending is a cyclical business. One bad credit cycle and the company could struggle to sustain its growth,” the person said.

The DRHP itself flags regulatory tightening as one of the industry’s biggest challenges. The RBI’s evolving framework around digital lending, co-lending arrangements, customer protection norms and default loss guarantees could materially affect business models across the sector.

Beyond regulation, lending businesses remain vulnerable to macroeconomic slowdowns, rising credit losses, fraud and dependence on external borrowing to fund loan growth.

Why Lending Startups Are Raising Bigger Cheques

Fibe’s IPO also reflects a trend: Digital lenders are increasingly looking at public markets as their balance sheets expand. The sector has renewed momentum over the past year. Kissht and Aye Finance’s IPOs received healthy responses from the public markets, while Kreditbee recently joined India’s unicorn club. Moneyview, too, has been widely expected to go for a public listing in the coming months. This shows continued investor interest in profitable lending businesses.

Unlike ecommerce or SaaS startups that primarily raise capital to fund expansion, lending businesses need cash to support larger loan books.

According to a fintech industry executive, a need for fresh capital is why digital lenders are increasingly turning to public markets. “Most existing investors eventually reach a point where they are unwilling to keep funding balance sheet growth. IPOs are becoming a natural way to raise that capital once private funding starts running thin,” the executive said.

All in all, Fibe is asking the market to value it not as an advance salary app, but as a scaled consumer finance platform with multiple growth engines. Will investors agree?

Edited By Shishir Parasher"
Fintech,Spense Raises $2.8 Mn From Arkam Ventures To Build Secured Lending Infra,https://inc42.com/buzz/spense-raises-2-8-mn-from-arkam-ventures-to-build-secured-lending-infra/,Lokesh Choudhary,1st July 2026,News,https://inc42.com/cdn-cgi/image/quality=90/https://asset.inc42.com/2026/07/Spense-Feature-490x360.png,,"Fintech startup Spense raised $2.8 Mn (about ₹27Cr) in a seed funding round led by Arkam Ventures, with participation from Razorpay Ventures, GrowthCap Ventures, and Atrium Ventures

It enables banks to launch modern asset-backed credit products, including secured credit cards and credit lines, without replacing their existing technology infrastructure

The startup claims to have partnered with seven major banks across India, and powers more than 2 Lakh active cards

For nearly a decade, India’s fintech ecosystem chased the dream of using technology and alternative data to lend to millions of borrowers overlooked by traditional banks, replacing salary slips with digital footprints such as UPI transactions, smartphone usage, among others.

However, rising delinquencies in the unsecured lending segment have prompted banks to tighten their risk appetite, forcing fintech lenders to slow disbursals.

Against this backdrop, Bengaluru-based fintech infrastructure startup Spense believes the industry’s next phase will look fundamentally different.

Instead of building better algorithms to predict whether a borrower will repay an unsecured loan, the startup wants to change the starting point altogether: lend against assets first.

To build the credit infrastructure for this, Spense has raised $2.8 Mn (about ₹27Cr) in a seed funding round led by Arkam Ventures, with participation from Razorpay Ventures, GrowthCap Ventures, and Atrium Ventures.

Founded in 2022 by Pawan Kumar and Srinivas Krishnamurthy, Spense enables banks to launch modern asset-backed credit products, including secured credit cards and credit lines, without replacing their existing technology infrastructure.

The startup claims to have partnered with seven major banks across India, and powers more than 2 Lakh active cards. It also claims to issue over 40,000 cards every month, accounting for nearly 8% of the country’s monthly credit card issuances.

“We cannot underwrite the next 300 Mn Indians the same way we underwrote the first 150 Mn,” founder Kumar told Inc42.

This philosophy underpins Spense’s latest product — Credit Line on UPI (CLOU), a secured lending infrastructure that enables banks to offer revolving credit lines backed by customer assets such as fixed deposits, mutual funds, insurance policies and other financial holdings.

Today, CLOU is primarily used for small-ticket, unsecured loans. Spense aims to change that by enabling banks to offer secured, reusable credit lines instead.

Unlike a traditional loan, where borrowers must apply and submit documents each time they need credit, Spense envisions a reusable credit line that functions much like a credit card. Customers can access this credit through a RuPay credit card, a UPI credit line or other payment rails, while the underlying credit remains secured by an asset.

The Economics Of Unsecured Lending Are Breaking Down

The challenge with small-ticket unsecured lending is not only defaults but also the cost of recovering those loans.

According to Kumar, collecting a defaulted loan can cost lenders about ₹1,000. If the loan itself is worth only ₹2,000 or even ₹10,000, the economics quickly become unattractive, with a single default capable of wiping out the profits from several successful loans.

Collateral changes this equation. If a customer has already pledged a fixed deposit or another financial asset, the lender’s recovery process becomes significantly simpler. The loan remains secured, collection costs fall and the economics become viable even for smaller ticket sizes.

This approach also aligns with the RBI’s increasingly cautious stance on unsecured consumer lending. While the regulator continues to support financial inclusion, it continues to stress that credit growth cannot come at the expense of asset quality. As borrower stress rises, lenders are increasingly looking for ways to reduce risk without excluding first-time borrowers altogether.

Spense’s broader thesis goes beyond secured lending. It sees secured credit as a way to build borrowers’ credit histories.

The startup estimates that millions of Indians already hold deposits with banks but have never accessed formal credit. Instead of immediately offering unsecured personal loans, it believes banks should first extend secured revolving credit lines backed by customers’ existing financial assets.

If borrowers demonstrate responsible repayment behaviour over six to twelve months, lenders can gradually increase their unsecured credit limits based on that track record. In other words, the collateral becomes less important over time and the borrower’s repayment history becomes the real asset.

Kumar compared this approach to how many immigrants in the US begin building their credit history. They often begin with secured credit cards backed by cash deposits and, after demonstrating consistent repayment behaviour, gradually qualify for higher unsecured credit limits.

Spense believes a similar journey could help millions of first-time borrowers in India access formal credit more sustainably.

Why Not Simply Build Better Credit Scores?

The obvious question is: why not simply build better credit-scoring models? After all, dozens of Indian fintech startups are already building alternative underwriting models using bank statements, GST records, UPI transactions and behavioural data.

However, Kumar said that this approach is reaching diminishing returns. His reasoning is that hundreds of companies, including banks, are already trying to solve the same problem using largely the same datasets. If years of experimentation have not consistently cracked underwriting for first-time borrowers, building yet another scoring algorithm is unlikely to fundamentally change the outcome.

Instead, he believes every customer who starts with an asset-backed credit line generates repayment behaviour that did not exist previously.

Homemakers, retirees, informal workers and small business owners — many of whom remain invisible to conventional credit models — can gradually build measurable credit histories without requiring banks to take immediate unsecured risk.

According to Kumar, that behavioural data could eventually become more valuable than the collateral itself.

Whether this thesis succeeds remains to be seen. Asset-backed lending is not new. What Spense is building is the infrastructure that allows secured credit to function like modern digital credit — instant, reusable and seamlessly integrated into everyday payment experiences.

Edited by Vinaykumar Rai"
Fintech,IPO-Bound Fibe’s FY26 PAT More Than Doubles To ₹257 Cr,https://inc42.com/buzz/ipo-bound-fibes-fy26-pat-more-than-doubles-to-%e2%82%b9257-cr/,Lokesh Choudhary,30th June 2026,News,https://inc42.com/cdn-cgi/image/quality=90/https://asset.inc42.com/2026/06/Fibe-ftr-ipo-490x360.jpg,,"Fibe reported a consolidated net profit of ₹257.5 Cr, up over 126% from ₹113.7 Cr in FY25

Fibe's operating revenue for the fiscal zoomed 31% to ₹1,584.5 Cr from ₹1,208.9 Cr in the previous fiscal

Including other income of ₹16.9 Cr, the company's total income for the fiscal stood at ₹1,601.5 Cr

Ahead of filing for an IPO, digital lending startup Fibe posted its strongest financial performance yet in the fiscal year FY26. The startup, which was erstwhile known as Early Salary, reported a consolidated net profit of ₹257.5 Cr, up over 126% from ₹113.7 Cr in FY25.

Its operating revenue for the fiscal zoomed 31% to ₹1,584.5 Cr from ₹1,208.9 Cr in the previous fiscal. Its top line more than doubled from ₹771.9 Cr in FY24.

Including other income of ₹16.9 Cr, the company’s total income for the fiscal stood at ₹1,601.5 Cr. Meanwhile, total expenses rose 19% to ₹1,231.5 Cr in FY26 from ₹1,036.6 Cr in FY25, driven by higher finance costs, employee expenses and operating expenditure.

The growth spurt in the fiscal year ahead was largely driven by expansion of Fibe’s lending portfolio.

Interest income, the company’s single-largest source of revenue, rose 33% YoY to ₹1,023.2 Cr, while fee and commission income jumped 26% to ₹393.6 Cr.

Income from guarantee premiums emerged as the fastest-growing revenue stream, rising 41% YoY to ₹146.3 Cr. Together, these non-interest income streams have steadily become a larger contributor to Fibe’s revenue mix even as lending remains its core business.

The company’s profit margins also improved considerably after coming under pressure in FY25. Net profit margin expanded to 16.3% in FY26 from 9.4% a year earlier.

Total loans on the company’s books increased 64% YoY to ₹5,020.3 Cr from ₹3,052.9 Cr in FY25.

The startup disclosed its financial performance in its draft red herring prospectus (DRHP), which it filed with the SEBI earlier today . The proposed IPO is likely to comprise a fresh issue of shares worth up to ₹750 Cr and an offer-for-sale (OFS) of more than 4 Cr shares by existing investors, including TPG, Norwest Capital, Eight Roads Ventures, Piramal Finance and Chiratae Ventures.

Of the fresh capital, Fibe intends to deploy ₹562.6 Cr from the fresh issue into its NBFC subsidiary, EarlySalary Services Pvt Ltd (ESPL), over the next two financial years to strengthen its lending operations.

How Fibe Makes Money

At first glance, Fibe looks like another lending tech business. Customers open the app, apply for a personal loan, receive money within minutes and repay it over the near future.

However, unlike businesses that primarily act as loan sourcing partners for banks and NBFCs, Fibe operates across multiple layers of the lending value chain. It originates loans, keeps a sizable portion on its own balance sheet, earns interest income like a traditional lender, collects fees for facilitating loans.

It also offers embedded financing products through partners, distributes insurance-linked guarantees and earns servicing income from loans funded by other financial institutions.

This mix has allowed the company to build multiple revenue streams instead of relying solely on commissions or lending spreads.

The biggest contributor to Fibe’s business is straightforward lending.

When a customer takes a loan that is financed from Fibe’s NBFC arm ESPL, it earns interest over the life cycle of the loan. Interest income now accounts for nearly 65% of the company’s operating revenue, making it the single-largest contributor to Fibe’s business.

But holding loans also means assuming credit risk.

If borrowers default, Fibe absorbs the losses. That is why credit impairment remains one of the company’s largest expenses.

In FY26, it set aside ₹420 Cr towards expected credit losses. While this was lower than the ₹466.2 Cr recorded in FY25, it still represented one of the largest costs impacting the startup’s bottom line.

The second major revenue stream comes from fee and commission income.

For many loans it provides to customers, Fibe supplies the capital from banks or NBFCs like Northern Arc, InCred Financial, HDB Financial. It completes customer onboarding, performs credit assessment, manages documentation and services the loan after disbursement for a fee.

While fee and commission income grew at a slower pace than interest income, it remains a significant contributor to overall revenue because it generally carries higher margins than lending income.

Unlike interest income, fee revenue is not exposed to borrower defaults or funding costs. It is, therefore, an important source of relatively asset-light earnings.

Another business line that has expanded rapidly is guarantee premium income.

In practice, this involves credit protection products attached to loans. Borrowers or lending partners pay a premium that provides protection against specified credit events. Fibe earns income from distributing or facilitating these guarantee products alongside its lending offerings.

As consumer lending becomes increasingly embedded into ecommerce, healthcare, education and other digital ecosystems, these ancillary financial products have become an additional source of monetisation.

The company’s diversified model also extends beyond B2C lending.

Fibe has built financing infrastructure for merchants, online platforms and enterprise partners that embed credit directly into customer journeys. Whether it is a medical procedure, education financing or a consumer purchase, borrowers often interact with the partner platform rather than visiting Fibe independently.

The fintech startup underwrites the loans in real time using proprietary risk models, digital KYC, bank statement analysis, bureau information and alternative data.

Once approved, the loan may either be funded by Fibe itself or by one of its lending partners, depending on the structure of the transaction.

This flexibility allows it to decide whether it wants the recurring interest income associated with retaining the loan or the lighter capital requirements associated with originating loans for other institutions.

The financial statements suggest that Fibe is gradually transitioning from a fintech that primarily facilitates lending into one that increasingly behaves like a tech-led lender with multiple monetisation engines."
Fintech,Lending Tech Startup Fibe Files For ₹750 Cr IPO,https://inc42.com/buzz/lending-tech-startup-fibe-files-for-%e2%82%b9750-cr-ipo/,Akshit Pushkarna,30th June 2026,News,https://inc42.com/cdn-cgi/image/quality=90/https://asset.inc42.com/2025/08/Fibe-FY23-ftr-490x360.png,,"Fibe (formerly EarlySalary) has filed its DRHP with SEBI for an IPO which will comprise a fresh issue of up to ₹750 Cr and an offer-for-sale component of over 4 Cr shares

The startup's IPO will offer a major liquidity event to its investors like TPG, Norwest Capital, Eight Road Ventures, Chiratae Ventures, among others

The company plans to use a large chunk of the proceeds from the fresh issue to fuel the operations of its NBFC EarlySalary Services Pvt Ltd

Lending tech startup Fibe (formerly EarlySalary) has filed its DRHP with SEBI for an IPO which will comprise a fresh issue of up to ₹750 Cr and an offer-for-sale component of over 4 Cr shares.

The startup’s IPO will offer a major liquidity event to its investors. TPG will be the largest selling shareholder in the IPO, offloading up to 1.17 Cr shares via its holding entity The Rise Fund III SF Pte Ltd.

Norwest Capital and Eight Road Ventures plan to offload up to 67.38 Lakh and 65.56 Lakh shares apiece, respectively. Piramal Finance, TR Capital, IDG Ventures, and Chiratae Ventures are among the other investors that would sell their shares via the IPO.

The company plans to use a large chunk of the proceeds from the fresh issue to fuel the operations of its NBFC EarlySalary Services Pvt Ltd. It will invest ₹562.6 Cr in the subsidiary over the next two fiscal years.

The remainder of the proceeds would be utilised for general corporate purposes.

On the financial front, Fibe saw its net profit more than double to ₹257.5 Cr in FY26 from ₹113.7 Cr in the previous fiscal year. Operating revenue surged 31% to ₹1,584.6 Cr from ₹1,208.9 Cr in FY25.

Founded in 2015 by Akshay Mehrotra and Ashish Goyal, Fibe is a digital consumer lending platform that offers personal loans and purpose-driven financing solutions. It also offers financing solutions embedded at the point of purchase across sectors such as education, insurance, healthcare, rooftop solar, travel and ecommerce for specific end-use purposes.

The startup’s total assets under management grew at a CAGR of 45.49% to ₹8,602.7 Cr as of March 31, 2026 from ₹4,064.15 Cr as of March 31, 2024, as per the DRHP.

As of FY26, its merchant network spanned over 10,387 touchpoints in India, across merchant categories like universities, skill development platforms, insurance companies, national chain of hospitals, among others.

The startup has raised close to $300 Mn till date. Interestingly, Fibe doesn’t have any promoters. While investors hold 66% of the company, over 34% of its equity is held by employee trusts.

TPG’s The Rise Fund III holds the highest 23.26% stake in the startup, while Norwest and Eight Roads each hold about 13% stake. While International Finance Corporation, which led the startup’s $35 Mn round in December 2025 , holds 5.31% stake, Piramal Finance has a 7.06% stake. Cofounder and CEO Mehrotra holds 2.1% equity, while CFO Goyal owns a 1.75% stake."
Fintech,[Update] Turtlemint Shares End First Trading Session 11% Below Issue Price,https://inc42.com/buzz/turtlemint-shares-make-muted-debut-list-at-over-11-discount/,Anjali Jain,29th June 2026,News,https://inc42.com/cdn-cgi/image/quality=90/https://asset.inc42.com/2026/06/Turtlemint-IPO-1-490x360.jpg,,"Turtlemint’s shares listed at ₹134.90 on the NSE, a discount of 11.25% to the issue price of ₹152

The stock got listed at ₹136.2 apiece on the BSE, a discount of 10.4% to the issue price

Turtlemint had set a price band of ₹144-₹152 for the public issue, which comprised a fresh issue of ₹660.7 Cr and an offer-for-sale (OFS) component of up to 1.46 Cr shares

Update | June 29, 17:00 IST

Shares of insurtech startup Turtlemint failed to breach their issue price on the first day of listing, closing the session at ₹135.4 on the BSE, down almost 11% from the issue price of ₹152. This was also 0.6% lower than the opening price of ₹136.2.

On the NSE, the stock ended the day at ₹137.5, down 9.5% from the issue price but up almost 2% from the opening price of ₹134.9.

The stock reached an intraday high of ₹144.9 on the BSE and ₹144.95 on the NSE on the first day of trading.

Original | June 29, 10:05 IST

Shares of insurtech startup Turtlemint made a weak debut on the bourses today, listing at ₹134.90 on the NSE. This was a discount of 11.25% to the issue price of ₹152.

The stock got listed at ₹136.2 apiece on the BSE, a discount of 10.4% to the issue price.

Following the listing, the stock declined further and was trading at ₹135.65 on the BSE at 10:01 IST. The company’s market capitalisation stood at ₹3,986 Cr (about $422.5 Mn) at the time.

Turtlemint had set a price band of ₹144-₹152 for the public issue. Its IPO, which comprised a fresh issue of ₹660.7 Cr and an offer-for-sale (OFS) component of up to 1.46 Cr shares, was oversubscribed 1.2X.

Peak XV partners, one of Turtlemint’s biggest shareholders, raked in ₹66.2 Cr by offloading 43.56 Lakh shares via the OFS at the issue price of ₹152 per share, translating to a 7.2X return on its initial investment. Other selling shareholders included Blume Ventures, Nexus Partners, GGV, Hummingbird, cofounders Anand Rohidas Prabhudesai and Dhirendra Nalin Mahyavanshi , and more.

Ahead of the IPO, Turtlemint raised ₹397.2 Cr from anchor investors , including Societe Generale, 360 One, Amansa Holdings, BNP Paribas, and Citi Group.

Founded in 2015, Turtlemint operates an insurance distribution platform, connecting consumers with insurers through a network of financial advisors for car, bike, health, and term life insurance.

The company plans to use the proceeds of the fresh issue for strengthening technology infrastructure , product development, marketing, working capital requirements and inorganic growth opportunities.

On the financial front, the company reported a net loss of ₹187.3 Cr during the first nine months (9M) of FY26, up about 20% from ₹154.7 Cr during the corresponding period a year ago. Its revenue increased 80% to ₹741.1 Cr in the first three quarters of FY26 from ₹411.1 Cr in 9M FY25.

With the listing, Turtlemint has become the seventh new-age tech company to go public in 2026 . Kissht, SEDEMAC, Aye Finance, and Fractal are among the other companies which went public earlier this year."
Fintech,"PayU India Turns Adjusted EBITDA Profitable In FY26, Revenue Zooms 13% YoY",https://inc42.com/buzz/payu-india-turns-adjusted-ebitda-profitable-in-fy26-revenue-zooms-13-yoy/,Anjali Jain,29th June 2026,News,https://inc42.com/cdn-cgi/image/quality=90/https://asset.inc42.com/2025/11/PayU-FTR-490x360.jpg,,"Prosus-owned fintech platform PayU India’s revenue jumped 12.5% to $781 Mn (about ₹7,384 Cr) in FY26 from $694 Mn posted in the previous year

PayU India’s credit business’ top line grew 19% to $204 Mn from $171 Mn in FY25, turning adjusted EBITDA profitable in FY26

Prosus noted in its report that PayU exited negative margin portfolios in H2, impacting revenue growth during the period

Prosus-owned fintech platform PayU India’s revenue jumped 12.5% to $781 Mn (about ₹7,384 Cr) in FY26 from $694 Mn posted in the previous year.

According to Prosus’ annual report for FY26, the payments service provider also turned adjusted EBITDA positive in the second half of FY26 (H2 FY26). Its adjusted EBITDA improved to $19 Mn during the period under review compared to an adjusted EBITDA loss of $6 Mn in H2 FY25. The adjusted EBITDA number stood at $18 Mn for the entire FY26.

Adjusted EBITDA margin stood at 5% in H2 FY26 and at 2% for the entire FY26. Prosus noted in its report that PayU exited negative margin portfolios in H2, impacting revenue growth during the period.

The revenue of PayU India’s payments vertical grew 10% to $577 Mn in FY26 from $523 Mn in the previous year. Adjusted EBITDA for the vertical stood at $12 Mn, with a 2% adjusted EBITDA margin. As per Prosus, higher margin services are gaining traction, with value-added services (VAS) and SaaS revenue contributing 33% of payments revenue.

Meanwhile, its credit business’ top line grew 19% to $204 Mn from $171 Mn in FY25. The credit business also turned adjusted EBITDA profitable in FY26, posting a profit of $6 Mn compared to -$28 Mn adjusted EBITDA loss in FY25.

Founded in 2002, PayU acts as the digital payments and lending arm of Prosus. PayU India has two businesses – payments and digital lending. While it charges a commission for processing digital payments, the digital lending vertical provides unsecured personal loans to consumers and business loans to SMBs. It provides the loans via its NBFC PayU Finance, while operating LazyPay as its buy-now-pay-later (BNPL) and personal loans platform.

As per Prosus, PayU India currently accounts for around 25% of the country’s online payments industry revenues, while having $682 Mn in assets under management under its credit arm.

During the year, PayU raised ₹302 Cr from its parent Prosus to shore up the credit business, Inc42 exclusively reported in July 2025. It also received an ‘integrated authorisation’ from the RBI in November last year to operate as a payment aggregator across online, offline, and cross-border transactions. It received final authorisation to operate as a domestic payment aggregator earlier in the year.

The fintech player has been eyeing the public markets for years now, postponing it most recently in July last year to focus on growth and profitability. The company had provided a 6-12 month timeline for the listing back then. It had set a target of September 2025 for its credit vertical to breakeven, which has now been achieved as per its latest annual report.

Prosus said PayU India’s overall financial services costs increased in FY26, driven primarily by increased credit issuance.

Prosus Eyes Synergy Across Portfolio Companies Through PayU

Apart from PayU India, Prosus owns stakes in multiple leading startups in India, including Swiggy, Rapido, Meesho, ixigo, Urban Company, Dehaat, ElasticRun, among others. In FY26, it continued to double down on some of these companies, including through additional stake acquisitions in consumer tech giants Swiggy and Rapido.

Prosus lost “subsequent influence” in Meesho post its stock market listing during the fiscal year. It sold shares worth $7 Mn during the IPO, and recognised a gain of $831 Mn as fair value based on its remaining stake.

The company is pushing for cross-platform collaboration within group companies, resulting in PayU’s payments and lending integration across consumer platforms like Swiggy, Meesho and ixigo.

As per Prosus, since integrating Meesho’s merchant and consumer-lending with PayU India, loan originations worth $2.1 Mn have been recorded. PayU has also processed gross merchandise value worth $5 Mn on Swiggy, while UPI GMV processed on ixigo stood at $1.5 Mn.

At the same time, the investment firm has been ramping up its AI capabilities to increase revenue generation from portfolio companies. As part of its AI-first strategy, Prosus is launching life assistants, like Swiggy’s concierge service Crew, and offering AI agents to partner businesses to improve growth and automation.

It is also working on building large commerce models, which will utilise transaction data under the company to power internal and customer-facing applications and agents, while improving synergies within group companies. This is still a work in progress in India, Prosus said."
Fintech,Zerodha Seeks SEBI Approval To Enter Investment Banking,https://inc42.com/buzz/zerodha-seeks-sebi-approval-to-enter-investment-banking/,Shrishti Bisht,29th June 2026,News,https://inc42.com/cdn-cgi/image/quality=90/https://asset.inc42.com/2026/03/zerodha-crisis-featured-490x360.png,,"Broking giant Zerodha is set to expand its financial services offerings with a planned entry into the investment banking business

The company has applied for a Category I merchant banker licence with the SEBI through its wholly owned subsidiary, Zerodha Corporate Advisors Pvt Ltd

According to SEBI's records, the application was filed on April 27 and is currently under review

Broking giant Zerodha is looking to expand its financial services portfolio as it eyes a foray into the investment banking business.

The company has sought a Category I merchant banking licence from SEBI through its wholly owned subsidiary, Zerodha Corporate Advisors Pvt Ltd.

According to SEBI’s records, the application was filed on April 27 and is currently under review.

Responding to Inc42’s queries, Zerodha said, “We have filed an application for the merchant banking (Category I) licence with SEBI. We’ll be able to share more about our business plans once we receive the licence.”

The development was first reported by Business Standard.

For context, a Category I merchant banking licence authorises companies to operate as a full-service merchant banker. A company with the licence can manage IPOs, advise on fundraising and mergers and acquisitions, and more.

The investment banking push comes as Zerodha continues to expand beyond its core broking business, having already ventured into lending, asset management and startup investments.

Recently, Zerodha, Groww, Angel One and Upstox received approval from the International Financial Services Centres Authority (IFSCA) to offer investors access to international and US stocks through GIFT City.

While Zerodha and Upstox will operate as broker-dealers under the IFSCA framework, Groww and Angel One will function as Global Access Providers (GAPs).

Zerodha’s Diversification Push

The Nithin Kamath-led company is looking to diversify its revenue streams following SEBI’s tightening of F&O regulations and the slowdown in Indian equities markets which have put pressure on the revenues of broking companies.

Earlier this month, Zerodha also rolled out a slew of customer-focused measures in a bid to attract more users amid intensifying competition.

The company waived account maintenance charges (AMC) for the first year for all new users and announced refunds of up to ₹500 on depository transfer fees for customers shifting their portfolios to the platform.

The brokerage said the initiatives are aimed at removing small but recurring costs that often discourage first-time investors from opening demat accounts or switching brokers. Under the new policy, both new users and existing customers consolidating their portfolios on Zerodha are eligible for the transfer fee reimbursement.

The aggressive customer acquisition push comes as competition in the retail broking space continues to heat up.

According to NSE data, Groww remained India’s largest broker with 1.31 Cr active clients in May 2026, followed by Zerodha with 68.47 Lakh and Angel One with 66.76 Lakh.

During October 2025 to April 2026 period, Zerodha’s active client base fell about 2%, while Groww and Dhan saw growth of 8.1% and 7.1%, respectively.

The pressure reflected in Zerodha’s financial performance. In FY25, the company reported operating revenue of ₹8,847 Cr, down 12% from ₹9,993 Cr in the previous year. Net profit fell 23% YoY to ₹4,237 Cr, primarily due to SEBI’s tightening of F&O regulations and higher securities transaction tax (STT).

The company is yet to release its FY26 financial results.

Zerodha is among more than a dozen companies awaiting SEBI’s approval to enter the merchant banking business. Other applicants include Societe Generale Securities, InCred Capital Financial Services, Haitong Securities India, Capri Global Capital Markets, and more."
Fintech,Fintech Startups To Watch: Startups That Caught Our Eye In June,https://inc42.com/features/fintech-startups-to-watch-startups-that-caught-our-eye-in-june/,Lokesh Choudhary,28th June 2026,In-Depth,https://inc42.com/cdn-cgi/image/quality=90/https://asset.inc42.com/2026/06/Fintech-Startup-fintech-ftr-490x360.jpg,,"CRED raised ₹8,550 Cr at a $4.5 Bn valuation, Razorpay confidentially filed for its IPO, Navi explored a $250-300 Mn raise, and Turtlemint debuted on the public markets

Policymakers pushed for stronger safeguards with proposed UPI/IMPS cooling-off norms, stricter insurance intermediary disclosures by IRDAI, and RBI-led 'kill switch' initiatives to strengthen fraud prevention

Amid funding activity, IPO preparations and tighter regulations, India's fintech landscape remained one of the country's most dynamic startup sectors, setting the stage for the latest edition of Inc42's Five Fintech Startups To Watch

The month of June kept the Indian fintech sector busy on multiple fronts. The headline move came from CRED raising ₹8,550 Cr ($900 Mn) in a Series H round led by Meta, valuing the company at $4.5 Bn post-money.

In what can be defined as the watershed moment for the country’s fintech ecosystem, Kunal Shah, the founder of CRED, is now the global head of WhatsApp at Meta . Meanwhile, Razorpay, which confidentially filed its draft IPO papers with SEBI is targeting a fundraise of ₹5,000-6,000 Cr .

On the funding side, Sachin Bansal’s Navi entered talks to raise $250-300 Mn to shore up its lending book and prepare for its listing.

On the IPO front, insurtech platform Turtlemint closed its ₹882.67 Cr public issue with 1.2X oversubscription, becoming one of the few fintech companies to hit the markets, even as investor sentiment remained cautious, with the issue seeing modest subscription.

On the regulatory front, payment platforms are still calibrating compliance stacks around the proposed one-hour cooling-off window for UPI and IMPS transfers above ₹10,000 to curb digital fraud as digital transactions continue to rise.

Separately, IRDAI proposed tighter disclosure norms for insurance intermediaries , requiring greater transparency around commission structures, a move that puts distribution-heavy insurtechs and broking platforms on notice. Meanwhile, the RBI is advancing two distinct ‘kill switch’ initiatives to protect the Indian financial ecosystem.

Against this backdrop, we are back with the third edition of “ Five Fintech Startups To Watch ”. This edition of Inc42’s monthly series spotlights startups operating in some of the most promising and fast-evolving segments of India’s fintech ecosystem.

With that said, here are the fintech startups that caught our attention in June.

Editor’s Note: The list below is not a ranking of any kind. Startups have been listed alphabetically.

Blostem | Providing Digital Distribution Infra To NBFCs

Most fintech apps in India want to offer fixed deposits (FDs), but doing so means integrating with each bank individually, which takes months per partner. As a result, most platforms either skip FDs entirely or offer a single-bank option that leaves yield on the table for users.

Delhi-based Blostem is solving this with a single API. Founded in 2021 by Sandeep Garg, Ravi Jain, Uday Sharma and Pankaj Pratap Singh, Blostem is a B2B banking infrastructure platform that gives brokers, fintech apps, payment companies and wealthtech platforms a plug-and-play layer to launch FDs, FD-backed credit cards and credit on UPI, without building separate integrations with each bank.

Partners integrate once and gain access to Blostem’s network of 10 banks and NBFCs, including Suryoday SFB, Unity SFB, Bajaj Finance, Shriram Finance and Mahindra Finance.

The fintech startup earns through platform fees and transaction spreads and has already onboarded platforms like MobiKwik, Jupiter Money, Upstox, Aditya Birla Capital Digital and GoldenPi. The startup raised a pre-series A round led by Zerodha’s investment arm Rainmatter. It had previously raised ₹4 Cr in a seed round led by AC Ventures.

Operating in India’s banking-as-a-service market, projected to grow from $1.14 Bn in 2022 to $4.43 Bn by 2030, Blostem is targeting 40% of India’s digital FD volumes over the next few years through its partner ecosystem.

Finanjo | Understanding Your Spending Behaviour

Most personal finance apps in India show you what you spent. Very few tell you what to do next. The result is a category of apps that users open once, feel briefly guilty about, and promptly forget.

Jaipur-based Finanjo is taking a different approach. Founded in 2025 by Prithviraj Singh Chauhan and Pankaj Singh Chauhan, Finanjo is a behaviour-first personal finance platform for young Indian users.

Fibe IPO Pitch: More Than A Personal Loan Platform, But Will...

India Trains The World’s Robots, But At What Cost?

D2C’s New Media Playbook

It gives users a consolidated view of their savings, spending, investments and liabilities, and layers AI on top to deliver personalised guidance on budgeting, FDs, and mutual fund investments.

The platform’s core is an AI-powered personal finance assistant, Jo, which translates a user’s behavioural signals into actionable recommendations. The premise is that most first-time earners don’t need more data. They need someone to tell them what to do with it.

Since its beta launch, Finanjo has onboarded over 5,000 users, with approximately 500 daily active users and more than ₹25 Cr in connected savings.

It has begun generating early revenue through referral commissions on FDs and mutual fund recommendations. The fintech operates in India’s personal finance software market , projected to cross $65.3 Mn by 2034.

Finfinity | Building The Financial Backbone of India

India has over 100 licensed banks, hundreds of NBFCs, and more credit products than most borrowers can meaningfully compare.

Yet when a salaried professional or small business owner applies for a loan, they almost always start and end with the first institution they know, usually their salary bank, rarely knowing whether they’re getting the best rate. Mumbai-based Finfinity is building a buyer-centric digital lending marketplace to fix this.

Founded in 2023, the platform lets borrowers compare loan options across multiple lenders in real time, with personalised recommendations driven by deep tech integrations that enable live data exchange and faster credit decisions.

Unlike traditional loan aggregators that earn commissions by pushing users toward specific lenders, Finfinity positions itself on the borrower’s side, offering better rates, more transparency, and smarter matching.

The startup operates across home loans, personal loans, auto loans, education loans and loans against property, and enjoys partnerships with big financial institutions such as YES Bank, IDFC First Bank, AU Small Finance Bank, Muthoot Finance and InCred.

Finfinity raised $2.4 Mn in a seed round led by the Mankind Pharma promoter’s family office, with participation from Vi-John Group and several family offices and angel investors.

In India’s digital lending market , projected to cross $133 Bn in revenue by 2030, the startup is targeting 1 Cr users over the next 18-24 months.

Otto Money | Simplifying Wealth Management Through AI-Driven Insights

India now has over 10 Cr mutual fund folios, millions of equity investors and a rapidly expanding SIP culture. But most retail investors still navigate financial decisions without coherent, unbiased guidance. Wealth platforms, by design, earn from distribution, which means their recommendations are rarely truly neutral.

Bengaluru-based Otto Money is trying to fix this by building a pure-play AI wealth guidance platform that doesn’t distribute any financial products.

Founded in 2025, Otto Money uses institution-grade investment models and AI to give retail investors multi-asset portfolio guidance that explains trade-offs, highlights risks and aligns decisions with long-term goals.

Otto targets digitally active investors in tier 1 cities, who are tired of fragmented, product-pushed financial advice and want the kind of analytical clarity that has historically only been available inside large wealth management firms.

The startup raised $1.3 Mn in a pre-seed round led by Pravega Ventures, with angel participation. Indian wealthtech startups raised over $634 Mn across 51 deals between 2024 and 2025, and the segment continues to attract capital as retail investor sophistication grows.

FatakPay | Building A Financial Wellness Super App

India has over 450 Mn people with limited or no access to formal credit. Most of them aren’t bad borrowers, but simply invisible to traditional underwriting systems built around salaried income, tax filings and established credit histories.

Sometimes, for a gig worker in Kanpur or a blue-collar employee in Nagpur, getting a ₹10,000 emergency loan is not an option.Founded by four cofounders — Amit Lodha, Amit Goyal, Ajit Kumar and Abhishek Gandhi,  Mumbai-based FatakPay is now trying to bridge the gap between those who deserve access to credit and those who actually receive it.

The platform offers instant, collateral-free personal loans of up to ₹5 Lakh, with AI-driven underwriting, free CIBIL monitoring, micro-investment options, and lifestyle rewards, positioning itself less as a lender and more as a full-stack financial wellness app for Bharat.

Since its inception, FatakPay claims to have disbursed over ₹2,500 Cr, onboarded more than 2 Cr users, and built a partner network of over 150 enterprises.

Its latest product, FatakUdaan, reflects where the startup is going next. Targeted at first-time borrowers, gig workers and blue-collar workers in tier II and tier III cities, FatakUdaan gives users access to their credit bureau report and a structured programme to build or repair their credit profile.

FatakPay has also launched an IRDAI-licensed insurance platform, FatakSecure, targeting underserved populations, extending its ambition beyond lending into a broader financial services stack for the same demographic.

Edited by Shishir Parasher"
Fintech,"Turtlemint IPO: Peak XV Nets ₹66.2 Cr, Nexus Venture Books 8.8X Gain",https://inc42.com/buzz/turtlemint-ipo-peak-xv-nets-%e2%82%b966-2-cr-nexus-venture-books-8-8x-gain/,Anjali Jain,27th June 2026,News,https://inc42.com/cdn-cgi/image/quality=90/https://asset.inc42.com/2026/06/Turtlemint-IPO-1-490x360.jpg,,"Peak XV partners, one of Turtlemint’s biggest shareholders, raked in ₹66.2 Cr by offloading 43.56 Lakh shares via the OFS

Nexus Venture Partners, one of Turtlemint’s earliest institutional backers, booked an 8.8X return on its initial investment by offloading 27.47 Lakh shares worth ₹41.75 Cr

The company’s two cofounders became richer by a combined ₹65 Cr by selling partial stakes through the public issue

Shares of insurtech company Turtlemint are set to list on the bourses on Monday (June 29) after its IPO was oversubscribed 1.2X . Several early investors in the company booked sizable gains by selling part of their holdings in the public issue.

Peak XV partners, one of Turtlemint’s biggest shareholders , raked in ₹66.2 Cr by offloading 43.56 Lakh shares via the OFS at the issue price of ₹152 per share. This translated to a 7.2X return on the initial investment. Post the sale, Peak XV owns 4.84 Cr shares of Turtlemint worth ₹736.5 Cr at ₹152 per share.

Turtlemint had set a price band of ₹144-₹152 for the IPO. It’s public issue comprised a fresh issue of shares worth ₹660.7 Cr and an offer for sale (OFS) of up to 1.46 Cr shares by promoters and existing shareholders. The issue valued the company at ₹4,513 Cr (about $475 Mn) at the upper end of the price band.

Nexus Venture Partners, one of Turtlemint’s earliest institutional backers, booked an 8.8X return on its initial investment by offloading 27.47 Lakh shares worth ₹41.75 Cr through the IPO. The VC firm still holds 5.22 Cr shares worth ₹793.4 Cr. This makes Nexus’ remaining holding the largest amongst selling shareholders.

In terms of return, the biggest gains were recorded by UK-based Hummingbird Ventures. The firm minted a 13X return on its initial investment. It sold 1.89 Lakh shares worth ₹2.9 Cr, with 21.12 Lakh shares worth ₹32.1 Cr still under its holding.

Blume Ventures, which invested in Turtlemint through two funds, took home a combined ₹16.5 Cr from the IPO. Blume Ventures Fund 1X booked a 1.6X return on investment, while the Blume Ventures (Opportunities) Fund IIA recorded a 3.8X return. It continues to hold 1.08 Cr shares of Turtlemint worth ₹165 Cr across the two funds.

Meanwhile, GGV Capital posted a 1.9X gain by offloading 11.91 Lakh shares worth ₹18.11 Cr. Japan-based Dream Incubator sold 2.03 Lakh shares worth ₹3.08 Cr through the OFS, booking a 1.8X return.

Founded in 2015 by Anand Rohidas Prabhudesai and Dhirendra Nalin Mahyavanshi, Turtlemint operates an insurance distribution platform, connecting consumers with insurers through a network of financial advisors for car, bike, health, and term life insurance.

The company’s two cofounders became richer by a combined ₹65 Cr by selling partial stakes through the public issue. Prabhudesai raked in ₹32.1 Cr by selling 21.12 Lakh shares. He now holds 1.9 Cr shares worth ₹289 Cr. Mahyavanshi sold 22.11 Lakh shares worth ₹33.6 Cr. The cofounder continues to hold 1.98 Cr shares worth ₹302.4 Cr.

Turtlemint plans to deploy the capital raised through the IPO towards technology infrastructure, product development, marketing, working capital requirements and inorganic growth opportunities.

Ahead of the IPO, Turtlemint raised ₹397.2 Cr from anchor investors by allotting 2.61 Cr equity shares. Seven domestic mutual funds participated in the anchor round via a total of 12 schemes. Other investors who participated in the round included Societe Generale, 360 One, Amansa Holdings, BNP Paribas, Citi Group, among others.

On the financial front, the company reported a net loss of ₹187.3 Cr during the first nine months (9M) of FY26, up about 20% from ₹154.7 Cr during the corresponding period a year ago. The company’s revenue increased 80% to ₹741.1 Cr in the first three quarters of FY26 from ₹411.1 Cr in 9M FY25."
Fintech,"Amazon Announces Additional $13 Bn Investment In India To Boost AI, Cloud Infra",https://inc42.com/buzz/amazon-announces-additional-13-bn-investment-in-india-to-boost-ai-cloud-infra/,Akshit Pushkarna,25th June 2026,News,https://inc42.com/cdn-cgi/image/quality=90/https://asset.inc42.com/2026/06/Your-paragraph-text-15-490x360.png,,"This investment is in addition to the $35 Bn committed by the company for India, taking the total commitment size to $48 Bn

The funds would enable the company to expand AWS data centre capacity in Mumbai and Hyderabad, giving startups, enterprises and government organisations access to custom AI chips, managed AI services, cloud technologies and developer tools

The ecommerce giant is planning to launch 20 new fulfilment centres and over 100 new last mile delivery stations within 2026

Amazon CEO Andy Jassy, who is on a visit to India, announced the ecommerce giant’s plans to invest an additional $13 Bn in India to scale AI and cloud infrastructure by 2030.

This investment is in addition to the $35 Bn committed by the company for India, taking the total commitment size to $48 Bn. Overall, the company plans to invest $21 Bn in AI and cloud infrastructure in India between 2026 and 2030.

The funds would be invested to expand AWS data centre capacity in Mumbai and Hyderabad, giving startups, enterprises and government organisations access to custom AI chips, managed AI services, cloud technologies and developer tools.

Beyond AI, the ecommerce giant plans to launch 20 new fulfilment centres and over 100 new last mile delivery stations within 2026. This expansion would particularly be targeted towards strengthening its presence in the Tier III & IV markets.

“As we grow Amazon in India, our business priorities continue to align with India’s priorities of democratising access to AI, digitising small businesses, creating jobs, and enabling exports. We are investing over $48 Bn in the coming five years to meet the strong demand across our business in India and to help the country achieve these priorities,” Jassy, who also met Prime Minister Narendra Modi today, said.

The ecommerce giant has been aggressively investing to grow its India business. In December 2025, it announced a $35 Bn commitment across all its businesses in India till 2030. Between 2010 and 2030, the company has committed investments to the tune of $88 Bn in the country.

Amazon Doubling Down On Quick Commerce

The announcement comes at a time when Amazon is looking to aggressively expand its quick commerce vertical, Amazon Now, in an effort to catch up with rivals in the segment.

Yesterday, the ecommerce giant announced plans to expand the fulfilment network of Amazon Now to 300 cities from 100 cities it was targeting earlier this year .

Quick commerce has emerged as the central piece of Amazon’s current strategy for its India business. With a war chest of about $300 Mn, Amazon Now is clocking a 25% month-on-month (MoM) growth in orders in India.

Doubling Down On AI

Simultaneously, Amazon has also been bolstering its AI capacity within the country. Last year, the company began deploying multi-billion investments to strengthen its cloud services and AI across states like Maharashtra and Karnataka.

Amazon offers a family of proprietary LLMs called Amazon Nova, along with the Amazon Titan model family. These are accessible to developers through Amazon Bedrock, a fully managed AWS service.

The foundation models handle text, images, and video natively. They are classified into multimodal understanding models, creative generation models and speech-to-speech models (Nova 2 Sonic).

Meeting with Indian business leaders yesterday, Jassy said that India has the scale, talent and ambition to shape the next era of AI-led business transformation.

Underlining the disruptive capabilities of AI, Jassy said that India will be where some of its most important applications are built. He pointed to a deep engineering talent base and the high pace of digital adoption as the reasons the country is positioned not just as a consumer of AI but as a builder and innovator."
Fintech,Actis Sells More Pine Labs Shares In ₹371 Cr Bulk Deal,https://inc42.com/buzz/actis-sells-more-pine-labs-shares-in-%e2%82%b9371-cr-bulk-deal/,Anne Florentyna,24th June 2026,News,https://inc42.com/cdn-cgi/image/quality=90/https://asset.inc42.com/2026/06/Pinelabs-Financials-ftr-1-490x360.jpg,,"Undertaking a second stake sale within a week, Pine Labs’ early backer Actis has now sold 2.39 Cr shares in a block deal worth ₹371 Cr today

The private equity firm, via its holding entity Actis Pine Labs Investment Holdings, offloaded the shares at ₹155.17 per share

Previously, the UK based PE firm offloaded 98.28 Lakh Cr in Pine Labs via a block deal for ₹151.6 Cr on June 19

Undertaking a second stake sale within a week, Pine Labs’ early backer Actis has now sold 2.39 Cr shares in a block deal worth ₹371 Cr today.

As per BSE bulk deal data, the private equity firm, via its holding entity Actis Pine Labs Investment Holdings, offloaded the shares at ₹155.17 per share. A portion of the shares were lapped up by Axis Mutual Fund, with the investor buying 96.15 Lakh shares for ₹148 Cr.

This is the second stake sale for the investor within a week. On June 19, the UK based PE firm offloaded 98.28 Lakh Cr in Pine Labs via a block deal for ₹151.6 Cr.

Pine Labs has seen two more investment firms Altimeter Capital , Invesco and Madison India Capital also diluted their stakes over the previous month. The multiple bulk deals come after the expiry of the lock-in period of the company’s shares in May.

Actis first acquired a stake in the fintech major in 2018, when it led its $82 Mn funding round. Earlier, the investor offloaded shares worth ₹194.7 Cr during the company’s IPO in November 2025. As per Pine Labs’ shareholding data for the March quarter, the investor, via Actis Pine Labs Investment Holdings, held 5.26 Cr shares or 4.58% stake in the company.

Last month, Pine Labs reported its fourth quarter earnings results , where it posted a consolidated net profit of ₹59.4 Cr as against a loss of ₹28.9 Cr in the year-ago quarter. Meanwhile, its operating revenue rose 14.7% YoY to ₹700.5 Cr.

For the full FY26, Pine Labs reported a profit of ₹112.5 Cr as against a loss of ₹145.5 Cr in FY25. Top line spiked 19% to ₹2,710.6 Cr in the reported fiscal year.

During the fourth quarter earnings call, CEO Ambrish Rau disclosed that the company plans to soon launch infrastructure for stablecoin-backed prepaid cards in global markets.

In this light, brokerage Morgan Stanley also maintained its hold rating for the stock, with a price target of ₹245.

Shares of Pine Labs closed 7.5% higher at ₹161.25 apiece on the BSE today, while its market capitalisation stood at ₹18,515.96 Cr ($1.96 Bn)."
Fintech,Exclusive: Home Loan Marketplace Ambak In Talks To Raise ₹80 Cr,https://inc42.com/buzz/exclusive-home-loan-marketplace-ambak-in-talks-to-raise-%e2%82%b980-cr/,Debarghya Sil,24th June 2026,News,https://inc42.com/cdn-cgi/image/quality=90/https://asset.inc42.com/2025/01/Ambak-ftr-1-490x360.png,,"Home loan marketplace Ambak is raising around ₹80 Cr in a fresh round of funding, sources said

Ambak is raising the funding at a post-money valuation in the range of ₹650-680 Cr

Ambak, which operates a marketplace for home loans, has more than 50 lender partners and serves over 15,000 customers

Home loan marketplace Ambak is in talks to raise ₹80 Cr ($8.4 Mn) in a fresh funding round, which will be led by Quona Capital, sources close to the development told Inc42.

The round will also see participation from the startup’s existing investors, including Peak XV Partners and Z47 Partners, among others, the sources added.

Ambak is raising the funding at a post-money valuation in the range of ₹650-680 Cr.

Questions sent to both Ambak and Quona Capital on the funding round didn’t elicit any response till the time of publishing the story.

Founded in 2023 by Raghuveer Malik, Pranav Khattar, Rameshwar Gupta, Ashish Lohia and Rashi Garg, Ambak operates a marketplace for home loans. It has more than 50 lender partners and serves more than 15,000 customers and 3,000 intermediaries.

The startup claims its digital platform helps simplify the home loan process by using its proprietary Bank Rule Engine and integrated credit score tools to match users with the best financiers.

Prior to this, Ambak raised around $7.5 Mn from Peak XV Partners and Z47 Partners in December last year. In January 2025, it had bagged $7 Mn in funding .

The funding comes at a time when a number of startups are trying to streamline the process of availing home loans for consumers. Ambak competes against the likes of Credit Dharma, EasiLoan by Square Yards, Wishfin, BankBazaar among others.

Investors are aggressively backing fintech startups as digital lending is estimated to around 53% of the fintech’s revenue by 2030, rising from around 40% in 2025.

While BankBazaar bagged ₹55 Cr in funding last year, Square Yards turned unicorn yesterday after raising ₹900 Cr . Last month, housing finance platform Nivasa Finance secured ₹25 Cr in its seed funding round from Prime Venture Partners."
Travel Tech,PRISM DRHP: A Look At Shareholding Pattern & Key Personnel,https://inc42.com/buzz/prism-drhp-a-look-at-shareholding-pattern-key-personnel/,Anne Florentyna,1st July 2026,News,https://inc42.com/cdn-cgi/image/quality=90/https://asset.inc42.com/2026/07/ftr-8-490x360.jpg,,"The group CEO Ritesh Agarwal directly holds a 6.59% stake in the company, while he also owns 20.12% and 3.81% indirectly via his investment vehicles

SoftBank via SVF India Holdings (Cayman) Limited holds the highest stake of 40.04% precisely

As per the company’s DRHP, PRISM has a total of 13 subsidiaries as of March 2025, and two joint ventures

OYO parent PRISM has filed its updated DRHP for a fresh issue-only IPO with the SEBI. As per the company’s draft IPO papers, the public issue will consist solely of a fresh issue worth ₹6,650 Cr.

This marks the third attempt for OYO to go public. After shelving plans to go public in 2021, the company refiled confidentially in 2023. The second attempt was also fruitless.

In the run up to its third attempt, it seems that founder Ritesh Agarwal has shored up his holdings in the company.

The group CEO directly holds 6.59% stake in the company. Meanwhile, he also owns 20.12% and 3.81% indirectly via his investment vehicles RA Hospitality Holdings and Patient Capital Investments, respectively.

Besides, the chief human resources officer (CHRO) Dinesh Ramamurthi holds 5.39% shares.

Besides, promoter group entity SoftBank holds the majority stake in PRISM, the company’s cap table features 81,848 diverse shareholders. SoftBank via SVF India Holdings (Cayman) Limited holds the highest stake of 40.04% precisely.

Apart from the aforementioned entities, there are 26 more entities listed as part of the company’s promoter group.

The company rebranded from OYO to PRISM last year, and it has been repositioning itself as a global hospitality platform with businesses spanning hotels, resorts, vacation rentals and coworking spaces.

As per the company’s DRHP, PRISM has a total of 13 subsidiaries as of March 2025, and two joint ventures. Its portfolio includes brands such as OYO, Motel 6, Studio 6, Sunday Hotels, Palette Hotels, DanCenter and Innov8.

After years of being under the light for tax issues, the hotel aggregator received a tax relief of ₹3,885.51 Cr, which was in relation to its share premium received by it from parent entity Oravel Stays Ltd (OSL).

PRISM received the SEBI nod for the IPO earlier this month, months after the company confidentiality filed its DRHP in December 2025.

On the financial front, the company posted a profit of ₹1,214.4 Cr and its top line stood at ₹6,941 Cr in the nine months ended December 2025 (9M FY26). For the full fiscal year FY25, PRISM’s net profit surged 93% to ₹271.8 Cr from ₹141.2 Cr in the previous fiscal. Operating revenue  rose 16% to ₹6,252.8 Cr, compared to ₹5,388.7 Cr in FY24.

With that, here’s a detailed look at PRISM’s board and key management.

Hyderabad Startup Funding Soars In H1 2026, Delhi, Mumbai Fu...

Meru Cabs Withdraws 7-Year-Old Predatory Pricing Appeal Agai...

Proptech Startup Crib Acquires Venture Catalyst-Backed Circl...

Meet PRISM’s Leadership Team

Board of Directors

Ritesh Agarwal

Agarwal founded the company in 2012 and has been heading it as the group CEO and chairman ever since. Besides this, he is also a part of the The Thiel Foundation and serves as an executive committee member at FICCI.

Aditya Ghosh

Ghosh, founder of investment venture Homage, is part of PRISM’s board as non-executive nominee director since December 13, 2019. With an overall experience of almost three decades, Ghosh cofounded Akasa Air and is also a part of the airlines’ board. He is also on the board of The ePlane Company, GreenCell Mobility, Ashoka University and Ras Al Khaimah International Airport. Previously, he has worked with Indigo as president for 10 years.

Sumer Juneja

Juneja is a non-executive nominee director at PRISM since July 9, 2024. He is the managing partner at SoftBank Investment Advisors for more than seven years. With an overall experience of more than two decades, he has also worked with investment companies like Goldman Sachs and Norwest Venture Partners.

Bejul Somaia

Somaia has been serving as an independent director at PRISM since September 26, 2021. He is a partner at Lightspeed Venture Partners.

Troy Matthew Alstead

Alstead is the founder of hospitality company Ocean5 in Seattle. He has also founded Table47 and The Cup Coffee Lounge. He is currently an independent director at PRISM, and has been associated with the company since September 26, 2021. Besides PRISM, he is also a director at Array Technologies, and chairman of board Harley Davidson and Levi Strauss. William Steve Albrecht

Albrecht joined as an independent director at PRISM on September 26, 2021 and has been with the company since then. Albrecht is a former president of the American Accounting Association and the Association of Certified Fraud Examiners. Besides these, he is on the board of companies like SkyWest Airlines, Larry H. Miller Group of Companies, and Deseret Mutual Benefit Association.

Deepa Malik

Malik has been on the board of PRISM since September 26, 2021, as an independent director. She is an Indian para athlete and former president of Paralympic Committee of India. She won the silver medal at 2016 Summer Paralympics in shotput, becoming the first Indian woman to win a medal in the Paralympic Games.

Ajay Tyagi

Tyagi joined PRISM as an independent director of its board on February 1, 2026. Tyagi served as the chairman of Securities and Exchange Board of India (SEBI) for five years until 2022. He has held roles across ministries of environment and forests and petroleum and natural gas, Central Pollution Control Board and the Petroleum and Natural Gas Regulatory Board through his extensive public service career.

Key Managerial Personnel & Senior Management

Ankit Tandon

Tandon joined OYO in 2015 and has held various senior positions in the company for more than 10 years. He was elevated to the chief operating officer and chief executive officer for European operation in 2025. Additionally, he also heads its subsidiary G6 Hospitality as its vice chairman.

He received an aggregate compensation of ₹4.56 Cr for the fiscal year 2025-26.

Rakesh Kumar

Rakesh Kumar joined PRISM as chief financial officer (CFO) in January 2018 and has been with the company since then. Previously, he has held senior positions in companies like EY, Eternal (rebranded from Zomato) and Moore Stephens.

For FY26, he received a remuneration of ₹2.39 Cr.

Shivam Kumar

Shivam Kumar, company secretary and compliance officer of PRISM, joined the company on March 26, 2018. He initially headed the legal division of OYO for five years until he was promoted to his current position. Previously, he has worked with Blue Coast Hotels.

Kumar received an aggregate compensation of ₹30.6 Lakh in FY26.

Dinesh Ramamurthi

Ramamurthi is the chief human resources officer (CHRO) at PRISM since January 11, 2016. Prior to that, he worked with Coca Cola as director of compensation and benefits of Asia Pacific for over two years. With an overall experience of 23 years, he has also worked with companies like ITC Limited, Hewitt Associates and Bharti Airtel.

For the full year FY26, he earned a remuneration of ₹54.1 Lakh from PRISM.

Rakesh Kumar Prusti

Prusti is the company’s general counsel, overseeing legal, corporate governance and risk management functions of PRISM. He has been associated with the company since April 2, 2018. Previously, he has been working with companies like Max Healthcare, Carrefour and NIIT Technologies, as head of their legal operations.

He received an aggregate compensation of ₹4.44 Cr in FY26.

Shashank Jain

Jain joined PRISM on August 23, 2017, and has headed the engineering department for most of his tenure in the company. He was promoted as the global head of technology and marketing in October 2024. Prior to that, he worked with companies like Snapdeal and Tally Solutions. He has also been a member of the Chrome Customer Advisory Board in Google for four years until January 2024.

For the fiscal year ended March 2026, he received a remuneration of ₹2.39 Cr."
Travel Tech,"Meru Cabs Withdraws 7-Year-Old Predatory Pricing Appeal Against Ola, Uber",https://inc42.com/buzz/meru-cabs-withdraws-7-year-old-predatory-pricing-appeal-against-ola-uber/,Shrishti Bisht,1st July 2026,News,https://inc42.com/cdn-cgi/image/quality=90/https://asset.inc42.com/2021/05/meru-490x360.jpg,,"Meru withdrew its seven-year-old NCLAT appeal against Ola and Uber, citing financial constraints and business challenges

The case alleged Ola and Uber spent Rs 13,000 Cr on incentives and deep discounts to drive rivals out of the market. The CCI had dismissed the complaints in 2018

Founded in 2006, Meru was among India's earliest organised cab operators. It was acquired by Mahindra Logistics in 2021 to strengthen its enterprise mobility business

Cab-hailing company Meru Travel Solutions ( Meru Cabs ), whose consumer mobility business now operates under the Alyte brand, has withdrawn its seven-year-old competition appeal against ride-hailing giants Ola and Uber before the National Company Law Appellate Tribunal (NCLAT).

Meru Cabs told the NCLAT that financial constraints and the prolonged impact on its business have left it unable to continue pursuing the appeal.

A division bench allowed Meru to unconditionally withdraw the appeal after the company said it was no longer in a position to pursue the litigation.

According to the NCLAT order, Meru has been “struggling with severe impact on its operations and revenues” for a considerable period, affecting its ability to continue with the case.

“It is not viable for the appellant to continue with the same any longer and as such the management of the appellant has decided to withdraw the appeal,” the order read.

The development was first reported by Bar and Bench.

Founded in 2006, Meru was among India’s earliest organised cab operators and had built a presence in airport ride-hailing, corporate employee transportation and electric vehicle fleet operations. It was acquired by Mahindra Logistics in 2021 to strengthen its enterprise mobility business.

The company later rebranded Meru’s consumer taxi business as Alyte in August 2025.

The case stems from a 2018 CCI order that dismissed four complaints filed by Meru against Ola and Uber over alleged anti-competitive practices in the radio taxi markets of Hyderabad, Mumbai, Kolkata and Chennai.

Meru had alleged that the ride-hailing companies used deep discounts, driver incentives and below-cost pricing, collectively spending around ₹13,000 Cr on incentives, to drive competitors out of the market. However, the CCI dismissed the complaints at the prima facie stage, ruling that such incentives did not amount to anti-competitive conduct. Meru challenged the decision before the NCLAT. With the appeal now withdrawn, the CCI’s 2018 order remains unchanged.

Questions sent by Inc42 to Mahindra Logistics on the matter didn’t elicit any response till publication.

Ola, Uber Under Scanner

Meru’s case was not the only competition law challenge faced by the ride-hailing companies.

In 2015, Chennai-based Fast Track Call Cab accused Ola of predatory pricing, excessive driver incentives and abuse of dominance. The CCI dismissed the complaint, holding that Ola was not dominant in the relevant market, a decision that was later upheld by the NCLAT.

Around the same time, Mega Cabs also alleged that Ola used deep discounts and incentives to drive competitors out of Delhi. The CCI rejected the complaint on similar grounds, ruling that Ola did not hold a dominant position.

Despite multiple complaints over the past decade, the Indian antitrust regulator has not found either Ola or Uber guilty of predatory pricing or abuse of dominance.

The issue of aggressive pricing in the ride-hailing sector resurfaced recently when Union home minister Amit Shah, while launching the Bharat Taxi cooperative service in new cities of Gujarat, accused incumbent ride-hailing platforms of cutting fares and increasing driver commissions to prevent the new entrant from gaining market share.

“Today, I received some phone calls, and some newspapers have reported that Bharat Taxi’s fares are higher. I want to tell customers across the country that wherever Bharat Taxi is entering, competing companies are slashing their fares, ready to incur losses,” Shah said.

He added that incumbent players were increasing commissions for “sarathis” (drivers) to discourage them from joining Bharat Taxi, while asserting that the government-backed cooperative platform would continue expanding with support such as loans, insurance and business assistance for drivers."
Travel Tech,"OYO’s Third Stab At IPO, Funding Slips In H1 2026 & More",https://inc42.com/buzz/oyos-third-stab-at-ipo-funding-slips-in-h1-2026-more/,Team Inc42,1st July 2026,News,https://inc42.com/cdn-cgi/image/quality=90/https://asset.inc42.com/2026/07/FTR-Daily-Brief-2026-07-01T003143.259-490x360.png,,"OYO Files UDRHP For ₹6,650 Cr IPO

OYO is making its third attempt at the Indian bourses. The hospitality unicorn’s parent PRISM has filed its updated DRHP with SEBI for an IPO, which will consist entirely of a fresh issue. Backed by multifold profit surge, will OYO finally cross the D-Street finish line?

OYO’s IPO Gameplan: The hospitality major has filed its papers for a ₹6,650 Cr fresh issue, with no OFS. Eyeing a valuation of up to $8 Bn via the listing, the hospitality giant plans to spend the biggest chunk of the fresh proceeds (₹4,987 Cr) for debt repayment or prepayment. It is also mulling a pre-IPO placement of up to ₹1,330 Cr.

The Profit Story: Unlike its previous two IPO attempts, OYO is entering the public markets fray this time with much stronger numbers. PRISM reported a net profit of ₹748 Cr in 9M FY26, up nearly 3X of its full-year FY25 profit, while operating revenue also rose 11% YoY to ₹6,941 Cr.

The Global Shift: PRISM is steadily repositioning itself as a global hospitality platform rather than a pure India story. The company’s network now spans more than 24,000 hotels and 1.25 Lakh homes, while Europe and the US have become major growth engines. Overall, overseas operations contributed more than 83% of its top line in 9M FY26, while the home turf accounted for the remaining.

The Legal Cloud: But the UDRHP also lays out the heavy legal troubles facing PRISM . The Zostel dispute remains unresolved, and any adverse outcome could force PRISM to transfer up to 7% of its shareholding. There are also risks tied to human trafficking lawsuits in the US, a tax dispute involving shareholder SoftBank and a looming antitrust penalty in India.

As public investors deliberate whether the hospitality giant’s profit surge outweighs the legal baggage, here is all about the OYO parent, PRISM, taking another step towards its IPO…

From The Editor’s Desk

📉 Startup Funding Slips In H1 2026

🛵 Flat June For E2W Sales

🍳 The Indus Valley Bags $17 Mn

🏿 India Inches Closer To ISM 2.0

🔔 Fibe Gears Up For ₹750 Cr IPO

Inc42 Markets

Govt Asks Meta To Pause WhatsApp Username Rollout: Report

PRISM DRHP: A Look At Shareholding Pattern & Key Personnel...

Hyderabad Startup Funding Soars In H1 2026, Delhi, Mumbai Fu...

Inc42 Startup Spotlight

Can Bobakat Bubble Up India’s Tea Scene?

India’s beverage market is expanding, but premium consumers still have limited options beyond coffee and chai. While bubble tea has caught on, the category remains underdeveloped and has very few brands. Bobakat is trying to change this with a quality-first bubble tea experience.

Bubble Tea For Indians: Founded in 2024, Mumbai-based Bobakat is building a D2C beverage chain around bubble tea. Its menu includes specialised tea blends, authentic tapioca pearls, and fruit jellies, designed to make the category more appealing to Indian urban consumers.

A Premium Experience: Bobakat is not competing on novelty alone. The brand is betting on a mix of product quality, a clearly defined target audience and a carefully designed in-store experience. This approach gives the startup a more premium positioning in a market, where many beverage brands struggle to stand out beyond flavour variants and social media buzz.

Built For Scale: The D2C brand claims to have already served more than 10 Lakh customers and posted strong growth. It now plans to open 35 new stores by FY27, followed by 50 stores each in FY28 and FY29, signalling an aggressive retail expansion strategy.

Tapping into India’s bubble tea market, which is projected to become a $219 Mn opportunity by 2033, can Bobakat turn bubble tea into a scalable category?

Infographic Of The Day

Info Edge wants a front-row seat to India’s AI revolution. The investor behind Naukri and 99acres has deployed more than ₹1,003 Cr across AI and deeptech startups since 2020. Here is all about it…"
Travel Tech,A Look At PRISM’s Legal Battles,https://inc42.com/buzz/from-human-trafficking-case-to-feud-with-zostel-a-look-at-prisms-legal-battles/,Lokesh Choudhary,30th June 2026,News,https://inc42.com/cdn-cgi/image/quality=90/https://asset.inc42.com/2026/02/Oyo-ftr-1-490x360.jpg,,"OYO-parent PRISM has set its sight to list on the Indian equities market for the third time

In its third IPO attempt, the Ritesh Agarwal-led company is looking at raising ₹6,650 Cr from the public markets while none of its existing shareholders are looking to offload any stake in the company

However, a closer look at the UDRHP brings to attention an extensive list of legal battles that the company is facing in the run up to its listings

After filing its updated draft red herring prospectus (UDRHP) with the SEBI, OYO-parent PRISM has set its sight to list on the Indian equities market for the third time.

In its third IPO attempt, the Ritesh Agarwal-led company is looking at raising ₹6,650 Cr from the public markets while none of its existing shareholders are looking to offload any stake in the company. A large chunk of the fresh proceeds will help the company repay or prepay certain borrowings.

The company has made significant strides in its financial performance since its last DRHP filing, posting a net profit of ₹748.3 Cr for the first nine months (9M) of FY26.

However, a closer look at the UDRHP brings to attention an extensive list of legal battles that the company is facing in the run up to its listings.

At the centre of those disclosures is the decade-old dispute with Zostel that complicated OYO ’s previous IPO attempt. The draft IPO papers also detail a trafficking-related FIR in Uttar Pradesh, multiple human trafficking lawsuits in the United States following G6 Hospitality acquisition , an antitrust penalty imposed by the Competition Commission of India (CCI) and a promoter-level tax dispute running into nearly ₹16,900 Cr.

Let’s delve into some of the key legal troubles PRISM is facing in the run up to its IPO.

The Zostel Dispute

OYO’s dispute with Zostel, which dates back to 2015, started when the former signed what it described as a non-binding term sheet to acquire parts of Zostel’s business. The deal never materialised and OYO has since maintained that no definitive agreement was executed and key commercial terms remained unresolved.

After arbitration, a 2021 award held that the term sheet had become binding by conduct but stopped short of directing OYO to transfer shares or pay damages. OYO challenged the award, and in May 2025, the Delhi High Court set it aside, ruling that it conflicted with Indian public policy and that specific performance could not be granted for an incomplete commercial arrangement.

What’s fresh is that Zostel withdrew its challenge before the Supreme Court in July 2025 and instead filed a fresh appeal before the Delhi High Court under the Arbitration Act, which remains pending.

In March 2026, the Delhi High Court also allowed OYO’s subsidiary, OYO Hotels and Homes Private Limited (OHHPL), to be removed from the proceedings.

Despite the favourable ruling, OYO says the dispute remains a material risk. If Zostel ultimately succeeds after all appeals are exhausted, the company could be required to transfer up to 7% of its shareholding or pay the equivalent value in cash.

“We cannot assure you that we will not receive any adverse order or claim in the future or that such claims will not have a material adverse impact on us, our financial condition and/or shareholding structure and also in such case, our management’s time and attention and our company’s resources may be diverted,” the DRHP read.

Separately, another dispute over confidential information remains unresolved. OYO has accused former employees of colluding with Zostel to leak proprietary information, while Zostel alleges OYO improperly accessed its confidential data through former employees.

Human Trafficking Litigation In The United States

Following PRISM’s acquisition of G6 Hospitality, the parent of Motel 6 and Studio 6, the company inherited a plethora of legal suits involving its franchise motel properties across the US, with human trafficking emerging as a recurring theme.

One lawsuit, filed in the District Court of Harris County, Texas, involves a woman, identified as Jane Doe, suing OYO Hotels Inc and the owner of a Houston motel on behalf of her minor daughter. The complaint alleges negligence and public nuisance arising from human trafficking at the property and seeks damages exceeding ₹816.4 Cr.

PRISM DRHP: A Look At Shareholding Pattern & Key Personnel...

Hyderabad Startup Funding Soars In H1 2026, Delhi, Mumbai Fu...

Meru Cabs Withdraws 7-Year-Old Predatory Pricing Appeal Agai...

OYO has denied responsibility for the motel’s day-to-day operations, arguing that it was independently owned and managed by the franchisee. It has also cited contractual provisions requiring the hotel owner to indemnify and defend the company.

According to the prospectus, the hotel owner has accepted that obligation and appointed legal counsel, while OYO’s insurer has agreed in principle to fund defence costs. The litigation, however, remains in the discovery stage.

The challenge stems from Motel 6’s franchise model. While franchisees own and operate the hotels, plaintiffs increasingly seek to hold the franchisor liable, arguing it prescribes operating standards, benefits commercially from the properties and fails to detect or prevent illegal activities.

PRISM says franchise agreements require hotel owners to indemnify the company. However, the DRHP also notes that insurance coverage is not always available, with some insurers denying claims under exclusions relating to assault, sexual misconduct and human trafficking, potentially increasing the IPO-bound company’s exposure.

OYO’s Legal Troubles In Europe

The hospitality major has disclosed multiple legal proceedings involving its overseas subsidiaries, including a €2.15 Mn consultancy fee dispute in France and an arbitration in the UK.

According to the UDRHP, OYO Hotels Netherlands B.V. has appealed a French court order directing it to pay consultancy firm Rochefort & Associés €2.15 Mn, excluding taxes, along with late-payment interest and €15,000 in legal costs.

The dispute stems from a June 2024 engagement under which Rochefort was appointed to advise OYO on the proposed acquisition of K&J Consulting SAS (CheckMyGuest). OYO challenged the claim, alleging deficiencies in the services rendered and questioning the jurisdiction of the summary court. However, a French tribunal ruled against the company in October 2025.

OYO said the Court of Appeals has stayed enforcement of the order, subject to the company depositing the disputed amount, interest and legal costs. The appeal remains pending.

Separately, OYO Technology and Hospitality (UK) Limited is involved in arbitration proceedings initiated by Care Property Management Limited over a services agreement signed in 2019. While the claimant initially sought approximately £2.62 Mn, it reduced its claim to about £1.16 Mn in its final submissions filed in May 2026. The arbitral award is awaited.

The filing also disclosed insolvency proceedings involving Belgian subsidiary Lugos B.V. over unpaid social security contributions of €81,175.95. OYO said the payment default occurred during a management transition despite funds having been remitted by its Dutch parent company. It added that the proceedings relate to a non-material subsidiary and are not expected to have a material impact on its European business.

The company also disclosed an employment-related appeal involving a Spanish subsidiary, where proceedings remain pending.

Promoter Tax Dispute

The company disclosed that a long-running tax dispute involving its investor and promoter entity, SoftBank Vision Fund (SVF), remains pending before the Board for Advance Rulings (BAR).

According to the papers, SVF India Holdings (Cayman) Limited had approached the BAR in November 2019 seeking clarity on the Indian tax treatment of its acquisition of shares and securities of OYO’s parent entity, Oravel Stays Ltd, from another SoftBank group entity during FY19.

The application was admitted by the tax authority in May 2024 and is yet to be finally adjudicated.

Pending the outcome of the proceedings, SoftBank deposited income tax amounting to ₹1,689.53 Cr with the Government of India. Subsequently, the investor received an interim refund of ₹622.65 Cr from the Indian tax authorities, while the balance amount continues to remain under dispute.

The filing does not specify the exact tax issue under consideration but states that the matter relates to the tax treatment of the intra-group share acquisition undertaken by SoftBank.

CCI’s Anti Competition Penalty

The company’ s appeal against the CCI’s ₹168.88 Cr penalty over its commercial arrangement with MakeMyTrip-Goibibo (MMT-Go) remains pending before the National Company Law Appellate Tribunal (NCLAT).

The case dates back to 2019, when the Federation of Hotel and Restaurant Associations of India (FHRAI) approached the CCI alleging that the agreement between OYO and MMT-Go was anti-competitive. Subsequently, budget hotel chains FabHotels and Treebo also filed similar complaints, alleging that MMT-Go had delisted their properties after entering into a partnership with OYO, thereby restricting competition in the online hotel booking market.

Following an investigation by the CCI’s Director General, in October 2022, imposed a penalty of ₹168.88 Cr on OYO and ₹223.48 Cr on MakeMyTrip-Goibibo. The CCI held that the arrangement between the parties led to the foreclosure of competition by creating an artificial advantage for OYO and limiting the ability of rival hotel chains to access MMT-Go’s platform.

OYO challenged the order before the NCLAT in November 2022, seeking to set aside the CCI’s findings and withdraw the penalty. The company has argued that its agreement with MMT-Go did not foreclose competition or cause any appreciable adverse effect on competition under the Competition Act, 2002. It has also contended that the penalty was computed without considering the relevant turnover.

The company said the appeal continues to be pending before the appellate tribunal, making the antitrust case one of the material legal proceedings disclosed in its filing."
Electric Vehicles,"E2W Registrations Grow 5% MoM In June To 1.81 Lakh Units, TVS Retains Top Spot",https://inc42.com/buzz/e2w-registrations-grow-5-mom-in-june-to-1-81-lakh-units-tvs-retains-top-spot/,Anjali Jain,30th June 2026,News,https://inc42.com/cdn-cgi/image/quality=90/https://asset.inc42.com/2026/06/E2W-registrations-June-ftr-490x360.jpg,,"E2W registrations jumped nearly 71% on a yearly basis from 1.06 Lakh units registered in June 2025

While Ola Electric’s total registrations fell nearly 1% in June to 15,096 units, rival Ather Energy’s registrations rose 3.2% to 29,422 units in June

Market leader TVS’ registrations grew 3.5% to 44,467 units, while Bajaj Auto inched closer with its registrations breaching the 40,000 units mark

Electric two-wheeler (E2W) registrations continued to see tepid growth in June, with total sales rising 5% to 1.81 Lakh units from 1.72 Lakh units registered in May, according to Vahan data.

Most OEMs reported a moderate MoM increase in registrations, while a few, including Ola Electric, saw a decline.

On a yearly basis, registrations jumped nearly 71% from 1.06 Lakh units.

The EV industry saw renewed interest amid the West Asia conflict in March, driving monthly registrations to an all-time high of 1.92 Lakh units. As petrol and diesel prices surged amid fears of supply disruptions, consumers increasingly turned to E2Ws as a reliable mode of transport.

With the fighting ending, at least temporarily, and normal operations resuming through the Strait of Hormuz after months of disruption, the momentum in E2W sales has also waned.

Ola Electric’s Registrations Decline

Ola Electric’s total registrations fell nearly 1% in June to 15,096 units from 15,218 units in May. The Bhavish Aggarwal-led OEM had been seeing a steady increase in its registrations since March, on the back of its efforts to gain back the market share it lost in 2025. However, its E2W market share declined to 8.3% this month from 8.9% in May.

Nevertheless, S&P Global Market Intelligence recently said that Ola Electric’s volumes are expected to rise 7% in the ongoing fiscal year on the back of recent efforts to address execution challenges, stabilise after-sales service, and streamline costs.

The company also received a BIS certification last week for its indigenously developed LFP 46100 cylindrical cell, making it the first in the county to do so.

Its rival Ather Energy’s registrations rose 3.2% to 29,422 units in June from 28,503 units in the previous month. Its market share at the end of June stood at 16.2%, down 30 basis points MoM. The OEM has now sold over 7 lakh units since starting operations in 2018, with Rizta accounting for nearly 75% of its monthly sales.

Ather is now embarking on a national expansion spree after reporting a breakthrough year in FY26. Earlier this month, its board approved raising ₹2,500 Cr for R&D, expanding marketing initiatives, and repaying or prepaying certain borrowings.

TVS, Bajaj Auto Maintain Lead

Ola Electric and Ather continue to be challenged by legacy automakers TVS Motor and Bajaj Auto. The latter two have taken the top two spots in the E2W market for most of the past year.

In June, market leader TVS’ registrations grew 3.5% to 44,467 units from 42,953 units in May. The OEM has captured almost a quarter of the electric two-wheeler market, even as its market share fell 40 basis points to 24.5% in June.

Earlier this month, TVS achieved the 10 Lakh units manufacturing mark for its flagship iQube electric scooter, a feat achieved within six years of first rolling out the variant.

Meanwhile, Bajaj Auto inched closer to TVS in terms of monthly units sold, with its registrations breaching the 40,000 units mark in June. It recorded 40,576 registrations this month, up 2.7% from 39,503 units in May. The company’s market share also fell 50 basis points to 22.4%.

Recently, the company said it has sold 8 Lakh units of its Chetak escooter. Bajaj is now looking to expand the Chetak portfolio, especially to capture international markets. In its Q4 earnings call, the company’s management outlined plans to expand manufacturing capacity for the escooters, admitting that production has continued to lag behind demand, which stands at 50,000 units per month.

Smaller Players Gain Traction

Hero MotoCorp saw its registrations increase 5.1% to 20,198 units in June from 19,209 units in the previous month. Its market share stood at 11.2%.

The company is now looking to expand its electric motorcycle portfolio, with its CEO Harshavardhan Chitale recently highlighting that electric motorbike adoption has been lagging far behind that of escooters due to the lack of technology required for mass market production, which includes longer ranges and load bearing capacities. It showcased its Vida VXZ electric motorcycle last year, however, production timelines remain unclear.

Recently, the OEM also patented a self-balancing three-wheeler electric scooter called Hero Vida NEX 2 Trike.

IPO-bound Greaves also saw registrations improving significantly this year, as its flagship Ampere range moved to the sixth spot in terms of electric scooter registrations in the country. The OEM’s registrations stood at 10,098 units in June, up 31.1% from 7,702 units in May.

Going ahead, consumer interest is expected to increase in electric vehicles as state governments step up efforts to promote electric mobility. Yesterday, the Delhi government approved its draft EV policy which will come into effect from tomorrow. The government has set aside ₹15,000 Cr for the policy , which states that internal combustion engine two-wheelers will no longer be registered in the capital from April 1, 2028.

The policy, which will remain in place till March 2030, will provide a purchase incentive of ₹30,000 in the first year, ₹20,000 in the second year and ₹10,000 in the third year for buying electric two-wheelers. The government also plans to install 32,000 charging points within the next four years to promote adoption of electric vehicles.

The development led to a steep jump in shares of Ola Electric and Ather Energy today. Ola Electric jumped 11% during the intraday trading and Ather rose nearly 3%, as investors expect the new policy to benefit the companies. Brokerage Nomura said that two-wheeler volumes are likely to grow 18% year-on-year due to increased adoption."
Electric Vehicles,Ola Electric Secures BIS Certification For Its In-House Developed LFP Cell,https://inc42.com/buzz/ola-electric-secures-bis-certification-for-its-in-house-developed-lfp-cell/,Gaurav Bagur,23rd June 2026,News,https://inc42.com/cdn-cgi/image/quality=90/https://asset.inc42.com/2026/04/ola-electric-sankalp-featured-1-490x360.png,,"Ola Electric’s subsidiary Ola Cell Technologies has received BIS certification for its indigenously developed lithium iron phosphate cell

The LFP 46100 cell features an energy density of over 170 Wh/kg and is designed to support up to 4,000 charge-discharge cycles

In April, Ola Electric said that the LFP cells will be integrated with its products starting next quarter

Ola Electric said its subsidiary Ola Cell Technologies has received a certification from the Bureau of Indian Standards (BIS) for its indigenously developed LFP 46100 cylindrical cell.

With this, the EV maker said it has become the first Indian company to secure BIS compliance for an in-house developed cell under the IS 16046 (Part 2):2018 / IEC 62133-2:2017 standard.

Additionally, the lithium iron phosphate (LFP) cell has qualified under IS 16893 (Parts 2 and 3) and UN 38.3 standards, which means the cell has completed the prescribed electrical, mechanical, environmental, reliability, abuse, and transportation-safety evaluations.

The certifications follow a series of safety, performance and endurance tests conducted at a facility accredited by the National Accreditation Board for Testing and Calibration Laboratories (NABL).

Notably, Ola Electric unveiled the in-house developed 46100 LFP cell in April as part of its push for vertical integration.

Ola Electric said the new LFP cell offers an energy density of over 170 Wh/kg and is designed to support up to 4,000 charge-discharge cycles. The product targets applications in both EVs and stationary energy storage systems where cost and lifecycle performance are prioritised.

Can Ola Electric Engineer A Turnaround?

The LFP 46100 cell expands Ola Electric’s existing component portfolio, which already features the NMC 4680 Bharat Cell. Both technologies are developed on a common 46-series architecture as the company aims to utilise this dual-chemistry platform across various mobility and energy storage sectors to lower reliance on imported cell technologies.

In April, Ola Electric said that the LFP cells will be integrated with its products starting next quarter.

In its Q4 shareholders’ letter, the company said its 6 GWh gigafactory installation is “largely complete” , with commercialisation expected by the end of Q1 FY27. Ola Electric plans to expand the capacity of its gigafactory to 20 GWh next year via capital raise at cell entity level.

Last month, the company’s board approved an investment of ₹500 Cr in Ola Cell Technologies . In addition, the EV major also said it would infuse ₹1,500 Cr in its vehicle manufacturing arm, Ola Electric Technologies.

After struggling with high losses and declining sales for most of the past year due to after-sales service issues, Ola Electric is trying to regain its market share. The company was once the leading player in the two-wheeler EV market. However, its market share has declined to single digits.

Last month, the Bhavish Aggarwal-led company’s two-wheeler EV registrations jumped over 22% MoM to 15,139 units, while its market share also improved to around 9% .

As a result, the company’s shares have been on an upward curve over the past few months. The stock is up over 18% since May 20, when the company released its Q4 and FY26 numbers. Today, the shares ended 2.56% higher at ₹43.63 on the BSE.

On the financial front, Ola Electric’s net loss narrowed 43% YoY to ₹500 Cr in Q4 FY26. However, loss increased 3% from ₹487 Cr in Q3. Operating revenue slumped 57% YoY and 44% QoQ to ₹265 Cr."
Electric Vehicles,Why Ather Wants A Fresh Infusion Of Funds Just A Year After Its IPO,https://inc42.com/features/why-ather-wants-a-fresh-infusion-of-funds-just-a-year-after-its-ipo/,Debarghya Sil,22nd June 2026,In-Depth,https://inc42.com/cdn-cgi/image/quality=90/https://asset.inc42.com/2026/06/Ather-ftr-490x360.jpg,,"The Bengaluru-based startup is now eyeing the raise of ₹2,500 Cr via a qualified institutional placement (QIP)

The proposed fundraise, in one or more tranches, will be used to support research and development, expand marketing initiatives, repay or prepay certain borrowings, and meet other corporate requirements

For Ather, the next challenge is scaling nationally while preserving margins, which is why it is now entering a more investment-intensive phase of its growth.

Over a year after raising ₹2,626 Cr via its IPO , Ather Energy is looking to raise more fresh capital. The Bengaluru-based startup is now eyeing the raise of ₹2,500 Cr via a qualified institutional placement (QIP) .

Since its listing, the E2W maker has managed to significantly boost its sales footprint, clock record revenues, improve market share and significantly narrow its losses.

The company’s expansion spree also explains why it is going fundraising again. Unlike many companies that raise capital to improve their balance sheet, Ather is trying to raise capital after delivering what management described as a “breakthrough year”.

FY26 saw Ather deliver its strongest fiscal performance. On the back of a 69% YoY uptick in annual sales volumes, the company’s top line surged 66% YoY to ₹3,823 Cr . Besides, it also made meaningful progress on profitability, with EBITDA margin improving sharply to -2.5% in the March quarter.

With its market share also nearly doubling YoY to 18.6%, FY26 saw Ather establish itself as one of the fastest-growing players in the segment.

However, the opportunity continues to remain significant. Brokerage CLSA estimates that India’s E2W market could expand nearly 40% annually between FY26 and FY30. For OEMs like Ather, that creates a strong incentive to invest ahead of demand and build the capacity and distribution infrastructure needed to capture a larger share of the market.

The next challenge will be scaling nationally while preserving margins. In a bid to address this, Ather is now entering a more investment-intensive phase of its growth journey.

The proposed fundraise, in one or more tranches, will be used to support research and development, expand marketing initiatives, repay or prepay certain borrowings, and meet other corporate requirements.

However, a question that lingers on investors’ minds is, “Why is a recently listed company out to raise capital again so soon?”

The questions seem to have weighed on investor sentiment, with Ather’s shares tanking close to 8% since the QIP announcement.

Let’s look deeper into Ather’s business to make sense of the QIP.

Ather Chases Fresh Fuel

EV companies typically consume capital long before the benefits appear in their income or on their balance sheets. New factories must be built before volumes arrive. Inventory has to be secured before demand materialises. Dealers need to be onboarded before market share can be won.

To double down on its production, the company is building its Factory 3.0 in AURIC (Aurangabad Industrial City) in Maharashtra. When completed, the facility’s annual production capacity is expected to be around 10 Lakh units annually. The first phase of the facility is expected to become operational in Q3 FY27 and will support production of the company’s upcoming, highly anticipated line of electric scooters EL range. The range is Ather’s next-generation scalable escooter architecture.

Simultaneously, Ather’s management also acknowledged the inflationary pressure on global supply chains caused by the conflict in West Asia. While it managed to navigate much of FY26 through strategic sourcing and inventory planning, the company is now bracing for some of these near-term pressures arising from the disruptions.

Under these circumstances, a stronger balance sheet offers flexibility. Rather than waiting for capacity bottlenecks to emerge, Ather appears to be choosing to invest ahead of demand and cut dependence on foreign vendors.

To establish this, the company is broadly targeting two key focus areas to bolster its position.

Fibe IPO Pitch: More Than A Personal Loan Platform, But Will...

India Trains The World’s Robots, But At What Cost?

D2C’s New Media Playbook

Ather Doubles Down On Massy Markets

With 643 patent filings under its belt, Ather’s tech push is in line with its bid to position itself as a more sophisticated, tech-enabled EV.

With a heavy focus on this aspect, Ather’s portfolio has been largely concentrated around premium and mass-premium segments.

However, management believes the largest opportunity in India’s EV market lies in the ₹1 Lakh-₹1.25 Lakh price band, where Ather currently has limited presence.

Over the past year, it rolled out AtherStack 7.0, introduced new software capabilities and continued development of its next-generation EL platform. The EL platform could prove particularly important for Ather’s next phase of growth.

Ather EL is an upcoming line of electric scooters built on Ather’s new, low-cost unibody steel architecture. Expected to launch in India in late 2026, the EL series aims to make electric mobility more accessible, with an expected price starting roughly between ₹90,000 and ₹1.25 Lakh.

According to CEO Tarun Mehta, products built on the EL platform “will improve our margins in the premium and mass premium space”. More importantly, they could help Ather expand into a significantly larger customer segment.

In effect, Ather is not merely funding a new product cycle. It is investing in its ability to compete across a broader range of price points and address a much larger market opportunity.

This becomes increasingly important as rivals such as Ola Electric, TVS Motor and Bajaj Auto continue expanding their EV portfolios across multiple segments.

To note, EL would be the second range of escooters to come out of Ather that have a more massy appeal. Launched in early 2024, the company’s “family scooter”, the Rizta, targets Indian families and focuses on aspects such as comfort, safety and connected tech.

Since launch, the company has dispatched over 3 Lakh Rizta escooters. The family-focused scooter now accounted for over 76% of Ather’s total escooter sales in FY26.

Strengthening Distribution Channels

If Rizta was the product story behind Ather’s breakout year, distribution was the execution story. The company’s expansion across India, with a special focus on ‘Middle India’, translated into tangible market share gains.

Middle India — comprising Maharashtra, Gujarat, Madhya Pradesh, Odisha and Chhattisgarh — emerged as one of Ather’s strongest-performing regions. Its market share in these states surged from roughly 4% to 17.3% as the startup expanded dealer presence and rolled out Rizta across new markets.

The performance reinforced management’s long-held belief that distribution remains one of the most underappreciated growth levers in India’s EV market.

“Distribution was particularly a growth lever that we were very bullish on,” Mehta said during the earnings call.

The strategy has also found support outside the company. In a May report, CLSA identified network expansion as one of the key drivers that could help Ather gain further market share in India’s growing E2W market. The brokerage expects Ather’s escooter market share to reach 22% by FY28.

Notably, around 75% of the new stores added during FY26 were opened by existing dealer partners, indicating improving dealer economics alongside rising vehicle sales.

While dealer partners may fund a substantial part of showroom expansion, Ather still needs capital to support the ecosystem around that network, including inventory, working capital, service infrastructure, supply-chain capacity and brand-building initiatives. This is where the proposed QIP becomes important.

The timing is also notable. Earlier this month, rival Ola Electric raised ₹780 Cr through a QIP to support growth initiatives and repay debt, highlighting how EV manufacturers are increasingly turning to capital markets to fund the next phase of expansion.

Whether Ather can maintain its momentum remains an open question. Ola Electric continues to expand its retail footprint, TVS Motor benefits from a nationwide dealer network built over decades, and Bajaj Auto is leveraging both manufacturing scale and brand familiarity to deepen its EV presence.

Having demonstrated strong demand for its products and meaningful gains in market share, Ather must now prove that it can scale its distribution network, broaden its product portfolio and improve profitability simultaneously. How effectively it executes this balancing act will determine whether it can emerge as one of the long-term leaders in India’s E2W market.

Edited By Akshit Pushkarna Creatives By Abhyam Gusai"
Electric Vehicles,Ola Electric Seeks Settlement With SEBI In Misleading Disclosure Probe: Report,https://inc42.com/buzz/ola-electric-seeks-settlement-with-sebi-in-misleading-disclosure-probe-report/,Shrishti Bisht,17th June 2026,News,https://inc42.com/cdn-cgi/image/quality=90/https://asset.inc42.com/2026/03/ola-electric-sankalp-featured-490x360.png,,"Ola Electric and founder Bhavish Aggarwal have approached SEBI to settle a probe into alleged misleading disclosures

The probe concerns alleged misleading disclosures related to sales, deliveries and service network expansion that may have boosted the company's stock price

Among the issues under scrutiny are Ola Electric’s claims of a surge in sales alongside the expansion of its service network

EV maker Ola Electric and its founder Bhavish Aggarwal have reportedly approached the markets regulator SEBI to settle a probe pertaining to alleged misleading disclosures made by the company around its sales, deliveries and service network expansion that may have inflated the company’s stock price.

According to a report by ET, the company filed a settlement application on April 23, less than two weeks after receiving a show-cause notice (SCN) from the regulator. With the application, the company seeks to resolve the matter without admitting or denying the allegations.

The E2W maker is said to have held several discussions with SEBI officials since receiving the SCN. During these meetings, the company maintained that it did not intend to mislead investors through its disclosures on sales and vehicle registration figures.

The case stems from disclosures made by Ola Electric between its stock market debut in August 2024 and May 2025. SEBI has alleged violations of rules governing fair market practices and disclosure obligations by listed companies.

Queries sent by Inc42 to Ola Electric remained unanswered till the time of publishing.

Among the issues under scrutiny are Ola Electric’s claims about a jump in its sales alongside expansion of its service network. To note, the company said it had opened more than 3,200 stores co-located with service centres back in December 2024.

SEBI later alleged that company records showed only 452 such outlets were operational as of February 19, 2025.

The regulator has also questioned a February 2025 disclosure in which Ola Electric said it had sold more than 25,000 E2Ws in the month, holding more than 28% of the entire E2W market.

Separately, SEBI has alleged that Ola Electric did not sufficiently disclose delays and pending approvals related to its Roadster motorcycle rollout, while continuing to indicate that deliveries began by March 2025.

This is one of the many regulatory hurdles that Ola Electric landed in since becoming a listed entity. To note, the company has also been under the radar of the CCPA, MHI, state police forces, among others, over the past few years.

However, the settlement bid with the SEBI comes at a time when Ola Electric is seemingly looking to turn a new leaf.

The company has just raised ₹780 Cr via a qualified institutional placement (QIP) earlier this month. Investors like Goldman Sachs, Motilal Oswal, Mirae Asset Management, JM Financial, Societe Generale, among others, doubled down on the EV major with the round.

The proceeds will help Ola Electric shed some of its indebtedness, bolster its R&D and fuel its electric cell manufacturing unit, the Ola Electric Gigafactory further.

On the financial front, Ola Electric managed to narrow its Q4 FY26 consolidated net loss by 43% YoY to ₹500 Cr. However, its top line declined 57% to ₹265 Cr amid a sharp drop in electric two-wheeler deliveries.

Shares of Ola Electric ended today’s trading session 0.84% lower at ₹42.71 apiece on BSE. The company’s market capitalisation stood at ₹19,767.9 Cr (about $2 Bn)"
Electric Vehicles,"Ather’s Board Approves Plan To Raise ₹2,500 Cr",https://inc42.com/buzz/athers-board-approves-plan-to-raise-%e2%82%b92500-cr/,Team Inc42,13th June 2026,News,https://inc42.com/cdn-cgi/image/quality=90/https://asset.inc42.com/2026/06/Ather-Energy-Q2-Follow-ftr-490x360.jpg,,"While Ather plans to raise ₹1,500 Cr via a QIP, the remaining ₹1,000 Cr would be raised through a preferential issue, rights issue, equity shares or foreign currency convertible bonds

As part of this, the listed EV major’s board has constituted a committee to deal with all matters related to the proposed fund raise

The EV maker managed to trim its net loss by 57% YoY to ₹100.2 Cr in Q4 FY26, while operating revenue surged 73.7% YoY to ₹1,174.7 Cr during the quarter under review

Listed electric vehicle (EV) maker Ather Energy’s board has approved a proposal to raise up to ₹2,500 Cr via a qualified institutional placement (QIP) and other equity-linked instruments.

In a filing with the exchanges , the original equipment manufacturer (OEM) said that it plans to issue securities totalling up to ₹1,500 Cr via a QIP, while the remaining ₹1,000 Cr would be raised through a preferential issue, rights issue, equity shares or foreign currency convertible bonds (FCCBs).

As part of this, the listed EV major’s board has constituted a committee to deal with all matters related to the proposed fund raise.

This comes days after Ather informed the bourses that its board would consider a proposal to raise fresh funds as the OEM looks to fuel its next phase of growth. If the plans materialise, this will be Ather’s first fundraise post its listing last year.

The development comes as Ather looks to ramp up investments in manufacturing, product development and distribution amid intensifying competition in the electric two-wheeler (E2W) space. Legacy giants TVS Motor and Bajaj Auto continue to maintain a strong grip, cornering a market share of 26% and 23% in May, respectively.

Then, there is the resurgent Ola Electric, which reported the highest 22% jump in registrations to 15,139 units last month, while its market share also improved to around 9%. Not just this, the Bhavish Aggarwal-led company also raised ₹780 Cr via a QIP to bolster its operations.

Meanwhile, Ather would be looking to woo investors for its fundraise with its stronger Q4 FY26 financials and rapid expansion spree. The EV maker managed to trim its net loss by 57.2% to ₹100.2 Cr in Q4 FY26 as against ₹234.4 Cr in the same quarter last year. Meanwhile, operating revenue surged 73.7% YoY to ₹1,174.7 Cr during the quarter under review.

On the operational front, Ather claims to have doubled its retail network during the fiscal to 700 experience centres (ECs) from 351 at the end of FY25. It also increased the number of service centres to 548 in FY26, up nearly 2X YoY. Ather also operated more than 6000 EV charging points by the end of FY26.

On the back of the positive financials, brokerages maintained a positive stance on the stock. HSBC retained its ‘Buy’ rating with a target price of ₹1,050 , citing strong brand and execution capabilities. Nomura also maintained a ‘Buy’ call with a target price of ₹1,120, noting strong growth visibility, upcoming platform launches and network expansion despite near-term margin pressure.

As a result, Ather’s stock hit an all-time high of ₹1,068.8 on the BSE on June 8. Shares of the EV maker have surged 44.8% in the past three months, while the stock is up more than 227.5% in the past year.

Shares of Ather closed Friday’s trading session 0.03% higher at ₹1,028.15 on the BSE."
Electric Vehicles,EV Charging Startup Exponent Energy Nets ₹200 Cr To Accelerate R&D,https://inc42.com/buzz/ev-charging-startup-exponent-energy-nets-%e2%82%b9200-cr-to-accelerate-rd/,Gaurav Bagur,10th June 2026,News,https://inc42.com/cdn-cgi/image/quality=90/https://asset.inc42.com/2021/12/Exponent-Energy-Featured-490x360.jpg,,"Exponent Energy has raised a ₹200 Cr funding round co-led by 360 ONE Asset and TDK Ventures, with all existing investors also participating

Hitachi Ventures has also come on board, making its first investment in an Indian company

Exponent plans to use the capital to accelerate research and development, expand its platform into new vehicle categories, and enter new geographies

EV rapid-charging startup Exponent Energy has raised ₹200 Cr ($21.1 Mn) in a funding round co-led by 360 ONE Asset and TDK Ventures, with additional participation from new investor Hitachi Ventures.

While Hitachi Ventures made its debut investment in an Indian company, 360 ONE has also made its first foray in the EV space with this investment. All existing investors, including Lightspeed, Eight Roads Ventures, 3one4 Capital, and AdvantEdge VC, also participated in the round.

The capital will be used to accelerate research and development, expand its platform into new vehicle categories as well as accelerate physical presence across new geographies, the startup said in a statement.

Founded in 2020, Exponent Energy develops proprietary battery packs and charging infrastructure that enable commercial EVs to achieve a full charge in 15 minutes using standard lithium-ion cells.

Its interoperable charging infrastructure enables drivers to use Exponent’s rapid charging stations as well as standard public or domestic chargers. The startup’s efficient 15-minute rapid charging is engrained in its offerings, namely — ‘e^packs’, ‘e^pumps’, and ‘e^plugs’.

With this round, Exponent has raised a total of $65.7 Mn. Its last funding round came in December 2023 when it raised ₹220 Cr ($26.4 Mn). It competes with the likes of Chargeup and BatterySmart, among others.

Notably, the funding announcement comes amid a leadership shuffle at the startup. Last month, cofounder Jagannath exited the startup amid a structural transition at the company. Jagannath, who left on amicable terms, was slated to continue working with the startup in an advisory role.

Earlier this year, Exponent also announced its entry into EV financing for commercial operators with the launch of its subsidiary ‘Exponent One’. The subsidiary had raised $2 Mn from Exponent’s backer AdvantEdge to expand its presence across key commercial EV hubs, and brought former evfin CEO Sandeep Divakaran as its CEO."
Electric Vehicles,Ola Electric Surges 10% Amid Rally In New-Age Tech Stocks,https://inc42.com/buzz/ola-electric-surges-10-amid-rally-in-new-age-tech-stocks/,Shrishti Bisht,9th June 2026,News,https://inc42.com/cdn-cgi/image/quality=90/https://asset.inc42.com/2026/04/ola-electric-sankalp-featured-1-490x360.png,,"Shares of Ola Electric surged over 10% to touch an intraday high of ₹49.01 on the BSE during the intraday trading today

The rally today came days after the EV maker raised ₹780.24 Cr through a qualified institutional placement (QIP)

The stock has been on an upswing for the last few months, having rebounded more than 90% from its all-time low of around ₹21.21 it hit on March 2 this year

Update | June 9, 2026, 17:16 IST

Shares of Ola Electric ended today’s trading session 6.3% higher at ₹47.32 apiece on the BSE. Its market capitalisation stood at ₹21,901.6 Cr ($2.3 Bn) at end of the day.

Original Story | June 9, 2026, 13:24 IST

Shares of Ola Electric surged over 10% to touch an intraday high of ₹49.01 on the BSE during the intraday trading today amid buying interest in new-age tech stocks.

The stock later pared some of the gains and was trading 8.5% higher at ₹48.31 at 13:30 IST. The company’s market capitalisation stood at about ₹22,359.8 Cr ($2.3 Bn).

The stock has been on an upswing for the last few months, having rebounded more than 90% from its all-time low of around ₹21.21 it hit on March 2 this year. The rally today came days after the EV maker raised ₹780.24 Cr through a qualified institutional placement (QIP).

Last week, Ola Electric issued 21.75 Cr equity shares at ₹35.86 apiece as part of its QIP. The issue was oversubscribed 56% and priced at a 5% discount to the floor price of ₹37.74 announced when the QIP was launched on June 1.

The issue saw participation from the likes of Goldman Sachs, Motilal Oswal, Mirae Asset Management, JM Financial and Societe Generale.

The fundraise is part of Ola Electric’s broader plan to raise up to ₹1,500 Cr. In October last year, the company’s board approved the proposal and shareholders subsequently cleared it.

According to the placement document, ₹225 Cr from the proceeds will be used to repay or prepay borrowings of the company and its material subsidiaries. Another ₹335 Cr has been earmarked for organic growth initiatives, while ₹184.87 Cr will be used for general corporate purposes. After deducting issue-related expenses of about ₹35.37 Cr, the company expects net proceeds of ₹744.87 Cr.

Ola Electric said the fresh capital will strengthen its balance sheet and support future growth plans as it navigates intense competition in India’s electric two-wheeler market.

In FY26, Ola Electric narrowed its net loss by nearly 20% to ₹1,833 Cr from ₹2,276 Cr in the previous year. However, its operating revenue nearly halved to ₹2,460 Cr from ₹4,932 Cr in FY25.

New-Age Tech Stocks Rally

Amid the ongoing market volatility, new-age tech stocks saw interest from investors today, with over 35 companies trading in the green at the time of publishing this story.

Shares of Aye Finance climbed 7.3% to an intraday high of ₹149.70 after the company approved the issuance of senior, secured, rated, listed, redeemable, transferable, non-convertible debentures worth up to $15 Mn yesterday.

Shadowfax also zoomed 6.7% to touch an intraday high of ₹217.05.

Meanwhile, deeptech company SEDEMAC Mechatronics’ shares hit a fresh all-time high of ₹2,650, rising nearly 12% during the intraday trade.

Shares of Fino Payments Bank jumped 10.2% to an intraday high of ₹141 after the bank disclosed a strong set of numbers for its business for May 2026 yesterday.

New deposit accounts rose 29% YoY to 2.9 Lakh, while average deposits rose 10% YoY to ₹2,762 Cr. Digitally active customers increased 19% to 62.6 Lakh. Loan referral disbursals nearly tripled to ₹210 Cr in May 2026 from ₹73 Cr a year earlier.

As part of its SFB transition plans, Fino Payments Bank has partnered with Ezee.ai to build a lending ecosystem and is strengthening its technology infrastructure, merchant network and operational capabilities."
Electric Vehicles,Ola Electric Raises ₹780 Cr Via QIP; Issue Oversubscribed By 56%,https://inc42.com/buzz/ola-electric-closes-qip-by-issuing-shares-at-%e2%82%b935-86-apiece/,Lokesh Choudhary,4th June 2026,News,https://inc42.com/cdn-cgi/image/quality=90/https://asset.inc42.com/2026/02/Outline-Ola-electric_ftr-490x360.jpg,,"Ola Electric has closed its qualified institutional placement (QIP) fund raise, approving the allotment of 21.75 Cr equity shares at an issue price of ₹35.86 per share

This implies a fund raise of ₹780.2 Cr

Ola Electric opened its QIP on June 1, setting a floor price of ₹37.74 for the issue

Electric vehicle (EV) maker Ola Electric has completed its qualified institutional placement (QIP), raising ₹780.24 Cr by issuing 21.75 Cr equity shares at an issue price of  ₹35.86 apiece. The issue received an oversubscription of 56%.

The issue price is about 5% lower than the floor price of  ₹37.74 announced when the company launched the QIP on June 1.

The company’s fund-raising committee approved the allotment of 21.75 Cr equity shares under the issue. Following the allotment, Ola Electric’s paid-up equity share capital will increase to 462.84 Cr shares from 441.08 Cr shares earlier. Investors like Goldman Sachs, Motilal Oswal, Mirae Asset Management, JM Financial, Societe Generale, among others, lapped up shares in the EV company.

The fundraising forms part of the company’s broader plan to raise up to ₹1,500 Cr through various routes. Ola Electric’s board had approved the proposal in October last year, following which shareholders also cleared the plan.

According to the placement document, Ola Electric plans to use ₹225 Cr from the proceeds towards repayment or prepayment of borrowings availed by the company and its material subsidiaries.

Another ₹335 Cr has been earmarked for organic growth initiatives, while ₹184.87 Cr will be used for general corporate purposes. After deducting issue-related expenses of about ₹35.37 Cr, Ola Electric expects net proceeds of  ₹744.87 Cr from the QIP.

The company said the fresh capital will help strengthen its balance sheet and support future growth plans.

As of May 20, 2026, Ola Electric and its subsidiaries had sanctioned borrowings worth ₹2,520 Cr, with outstanding debt of  ₹1,637.61 Cr.

The company said reducing debt could improve its debt-equity ratio and enhance its ability to raise capital at more competitive rates in future. In its placement document, Ola Electric estimated that its debt-to-equity ratio would improve to 0.60x from 0.74x after the issue.

It also plans to invest in manufacturing, R&D, supply chain operations, retail expansion, service infrastructure and customer acquisition. Besides, further investments in the Ola Futurefactory, Ola Gigafactory, lithium-ion cell manufacturing operations and in-house technology development are also expected to continue.

The QIP comes at a time when Ola Electric is trying to improve its financial position amid intense competition in India’s electric two-wheeler market.

In FY26, the company narrowed its net loss by nearly 20% to ₹1,833 Cr from ₹2,276 Cr in the previous year. However, operating revenue almost halved to ₹2,460 Cr from ₹4,932 Cr in FY25.

Ola Electric has increasingly highlighted battery cell manufacturing, battery energy storage systems and its electric motorcycle portfolio as key growth areas. In its placement document, the company described itself as a vertically integrated energy and mobility platform spanning electric vehicles, lithium-ion cells and battery energy storage systems.

The share sale will also result in a dilution of promoter holding. Promoter and promoter group ownership will decline to 32.97% post issue from 34.59% before the QIP, while institutional investor shareholding will increase to 16.42% from 12.30%. Shares of Ola Electric ended today’s trading session 1.25% lower at ₹43.29 on the BSE."
Electric Vehicles,"Ola Electric Opens QIP, Sets Floor Price Of ₹37.74 Floor Price",https://inc42.com/buzz/ola-electric-opens-qip-sets-floor-price-of-%e2%82%b937-74-floor-price/,Lokesh Choudhary,1st June 2026,News,https://inc42.com/cdn-cgi/image/quality=90/https://asset.inc42.com/2025/08/ola-electric-ebike-featured-1-490x360.jpg,,"Ola Electric has launched its qualified institutional placement (QIP) to bolster its position in the E2W market

The company has set a floor price of ₹37.74 for its QIP, a discount of 4.53% from its closing price of ₹39.53

Ola Electric plans to utilise a portion of the net proceeds from the issue to repay or prepay existing borrowings taken by both the parent entity and its material subsidiaries

Ola Electric has launched its qualified institutional placement (QIP) to bolster its position in the E2W market.

The company has set a floor price of ₹37.74 for its QIP, a discount of 4.53% from its closing price today.

Further, the company may offer a discount of up to 5% on the floor price, with the final issue price to be determined in consultation with the book-running lead managers.

While the company didn’t share the exact amount it bids to raise from the issue, its board had earlier approved a proposal to raise ₹1,500 Cr via various routes, including QIP. The board approval, which came back in October, was subsequently approved by the company’s shareholders.

In its recent Q4 FY26 financial disclosures , the company’s auditors revealed a key update on the company’s QIP plans. The company had initiated active discussions with institutional investors and “substantially completed the investor engagement” and appointed advisors for the QIP during the March quarter.

Ola Electric’s QIP Plans: Debt Reduction And EV Expansion

Ola Electric plans to utilise a portion of the net proceeds from the issue to repay or prepay existing borrowings taken by both the parent entity and its material subsidiaries. These borrowings include term loans and working capital facilities availed from banks.

As per its QIP disclosure, Ola Electric and its material subsidiaries had sanctioned loans worth ₹2,520 Cr till May 20, 2026. The outstanding amount currently stands at ₹1,637.61 Cr.

While the listed company has raised debt from venture debt firms like EvolutionX, Stride Ventures and Alteria Capital, its material subsidiaries have raised funds from banks like Bank of Baroda, Axis Bank, Indian Bank and Yes Bank.

The company stated that reducing debt is expected to strengthen its balance sheet by lowering outstanding liabilities and improving its debt-equity ratio.

“In addition, we believe that our debt equity ratio will improve, which will enable us to raise additional funds/ capital at competitive rates in the future to fund potential business development opportunities and plans to grow and expand our business in the future,” the company said.

Besides debt repayment, the EV major also intends to utilise a chunk of the QIP proceeds to scale its vertically integrated EV and energy storage business across manufacturing, R&D, supply chain, stores, service centres, and customer acquisition.

It aims to strengthen its E2W, lithium-ion cell, and residential battery storage operations through investments in the Ola Futurefactory, Ola Gigafactory, and in-house tech development.

The fresh capital raise comes at a critical juncture for Ola Electric. While the company remains one of India’s largest E2W manufacturers, it continues to grapple with losses and intense competition.

For FY26, the company managed to narrow its net loss by nearly 20% to ₹1,833 Cr from ₹2,276 Cr in the previous fiscal.

However, operating revenue more than halved to ₹2,460 Cr from ₹4,932 Cr in FY25 as vehicle deliveries came under pressure amid service-related challenges and weak consumer demand.

Ola Electric’s Next Major Growth Opportunities

In his shareholder communication for Q4 FY26, managing director and MD Bhavish Aggarwal told shareholders that the company is now shifting from a “heavy build-out” phase to a “disciplined scale-up” phase after achieving its first operating cash-flow-positive quarter in Q4 and significantly reducing operating expenses.

Now, he expects Ola Electric’s Gigafactory and its in-house 4680 Bharat Cells to become a major long-term advantage for the company. The cells, which the company began deploying in its vehicles recently, improves the vehicles’ range while reducing the overall costs.

Buoyed by the Gigafactory, Aggarwal highlighted energy storage as the company’s next major growth opportunity, with Shakti and Mahashakti targeting residential, commercial, and utility-scale battery storage demand alongside EV adoption.

He added that Ola is seeing early signs of recovery in demand, with improving service metrics, and rising registrations as well as increasing traction for its Roadster electric motorcycle portfolio.

It is pertinent to note that Ola Electric’s sales have seen significant improvements over the past few months. In the month of April , Ola Electric’s E2W registrations jumped 22% to 15,139 units. The EV maker’s market share also improved to around 9%.

Shares of Ola Electric ended today’s trading session 4.91% lower at ₹39.53 on the BSE."
Electric Vehicles,"E2W Registrations Rebound 8.4% MoM In May, Ola Electric Sees Over 22% Jump",https://inc42.com/buzz/e2w-registrations-rebound-8-4-mom-in-may-ola-electric-sees-over-22-jump/,Anjali Jain,1st June 2026,News,https://inc42.com/cdn-cgi/image/quality=90/https://asset.inc42.com/2026/06/ftr-22-490x360.jpg,,"Market leader TVS Motor retained the top spot in the E2W market with 42,376 units registered last month, while Bajaj stayed firmly at the second spot with a 13.2% MoM increase to 39,104 units

Hero MotoCorp also sustained its sales growth momentum in May, recording an almost 20% increase in monthly registrations to 19,044 units

Ola Electric reported the highest jump in registrations at 22% to 15,139 units while its market share also improved to around 9%, behind Hero’s 11.2% market share

After contracting 20% month-on-month (MoM) in April, electric two-wheeler (E2W) registrations saw an 8.4% jump in May to 1.70 Lakh units from 1.57 Lakh units in the previous month , according to Vahan data.

Most leading OEMs reported a moderate MoM increase in registrations, while smaller players continued to witness double-digit declines.

On a yearly basis, E2W registrations jumped almost 69% from 1.01 Lakh units in May 2025.

Notably, E2W registrations inched up to the highest ever at 1.92 Lakh units in March, coinciding with the West Asia war and resultant jump in fuel prices. Petrol prices in India breached the ₹100/litre mark last month after multiple price hikes resulted in a ₹10 increase per litre of petrol.

Similarly, prices of diesel and CNG have also been increased, leading to commuters showing renewed interest in EVs. At the same time, automakers are offering discounts and attractive financing schemes to attract buyers after EV sales saw flattish growth in 2025.

Legacy OEMs Maintain Market Dominance

Market leader TVS Motor retained the top spot in the E2W market, with registration of 42,376 units last month. While it saw a moderate 5.9% MoM increase in May compared to 40,011 units in the previous month, the OEM has now captured nearly a quarter of the overall market.

During the month, TVS launched a new 4.7 kWh variant of its iQube electric scooter priced at ₹1.37 Lakh. The escooter range is now available in over 1,000 cities through 3,300 dealerships, with the manufacturer increasing focus on longer-range, feature-rich offerings to retain its top spot.

Bajaj Auto also firmly held on to the second spot in May, as its registrations grew 13.2% MoM to 39,104 units. Its total market share in the E2W segment is now at around 23%, with its flagship Chetak range continuing to see strong customer interest. Recently, the OEM increased the top speed across variants, with top variants now able to achieve 80 km per hour speed as against 73 km per hour earlier.

Additional new features include an improved motor output, reduced charging time, Google Maps integration, and new ride modes.

Among legacy OEMs, Hero MotoCorp also sustained its sales growth momentum in May, recording an almost 20% increase in monthly registrations to 19,044 units. The OEM is aggressively expanding its E2W portfolio with over 12 new internal combustion engine (ICE) and EV products expected to be launched in the Indian market in FY27.

PRISM DRHP: A Look At Shareholding Pattern & Key Personnel...

Hyderabad Startup Funding Soars In H1 2026, Delhi, Mumbai Fu...

Meru Cabs Withdraws 7-Year-Old Predatory Pricing Appeal Agai...

These include a new fixed-battery variant of its Vida electric scooter range. The escooter, which will be launched in August, is likely to feature a 3.8kWh battery pack and will be priced below ₹1 Lakh to target mass-market buyers.

The company’s CEO Harshavardhan Chitale recently noted that escooters will account for nearly over half of Hero MotoCorp’s sales by 2030 as against 28% currently. In FY27, production is expected to increase to 2.8 Lakh units, nearly double the FY26 output of 1.48 Lakh units. ‘

“By the end of this month, we would have increased our capacity of Vida (electric scooter) by 50% and (are) on track to further double it by the end of this calendar year, almost three times from the start of the year to where we end this year,” Chitale told PTI last week.

Ola Electric Jumps, Ather Energy Stalls

Ola Electric reported the highest jump in registrations at 22% to 15,139 units. The EV maker’s market share also improved to around 9%, behind Hero’s 11.2% market share.

The company has been seeing a turnaround since March following a continuous decline in its market share since last year owing to customer complaints, servicing backlog and regulatory hurdles. The company now expects order volume in the first quarter of FY27 to double QoQ to nearly 45,000 units.

“We are working towards rebuilding our national market share to 15-20% over the next six months,” cofounder Bhavish Aggarwal said in the company’s shareholders’ letter for Q4 FY26 .

Recently, Ola Electric also received the final nod from the Automotive Research Association of India for an L1-category electric scooter tailored for commercial use, paving the way for the product to be launched soon.

Targeted toward gig workers, the scooter range will be specifically engineered for high-utilisation scenarios such as food delivery, quick commerce logistics, and urban fleet operations, and may also feature delivery boxes and other attachments with payload support of 120-150 kg.

Leveraging its existing production at the Ola Futurefactory, Ola Electric could manufacture as many as 20,000 units of the new range per month, PTI reported.

Meanwhile, Ather Energy’s registrations remained almost flat in May, declining 0.9% MoM to 28,190 units. Its market share stood at 16.5% during the month. The company has been focusing on expanding its geographical footprint , with its retail network improving to 700 experience centres in FY26 from 351 at the end of FY25. Ather also expanded its service footprint during the fiscal, increasing the service centres network to 548 in FY26, up nearly 2X YoY. Ather had more than 6,000 EV charging points by the end of FY26.

It attributed the strong demand for its family scooter Ritza for its recent sales growth, as overall sales in FY26 improved to 2.63 Lakh units in FY26, up 69% YoY, with a guidance of 40,000 to 45,000 orders in Q1 FY27.

However, it flagged that high commodity prices owing to ongoing supply chain constraints will be a drag on its margins in the next few months. It said that production volumes in FY26 were partially impacted due to China’s export ban on rare earth magnets, which has also led to a spike in Lithium-ion battery prices.

Meanwhile, most smaller E2W manufacturers saw their monthly registrations sales tank in the double-digits last month. These players have been struggling to gain market share for the past year or so.

Electric motorbike makers have been especially feeling the heat. Electric bike manufacturer Revolt, for instance, sold 740 units in May, down 22.8% MoM. Its sales have remained mostly flattish over the past year, failing to breach the monthly 1,000 unit mark. Similarly, electric superbike maker Ultraviolette saw sales remain stagnant at 380 units in May, while Oben Electric’s monthly sales declined 31% to 404 units.

Smaller electric scooter makers like Kinetic Green, Okinawa and Pure EV also witnessed double-digit decline in sales figures."
Electric Vehicles,[Update] Exclusive: Simple Energy Raises ₹250 Cr In Mix of Debt & Equity,https://inc42.com/buzz/exclusive-ev-startup-simple-energy-to-raise-%e2%82%b9127-cr/,Shrishti Bisht,1st June 2026,News,https://inc42.com/cdn-cgi/image/quality=90/https://asset.inc42.com/2026/05/Simple-Energy-ftr-490x360.jpg,,"Simple Energy is raising ₹126.7 Cr in a round led by existing backer Thyrocare founder Arokiaswamy Velumani

Cofounders Suhas Rajkumar and Ankit Gupta will infuse ₹13.5 Cr each in the EV startup

The funding comes at a time when the EV startup is gearing up for its IPO later this fiscal year

Update | June 1, 2026, 13:40 IST

EV maker Simple Energy has closed its Series B funding round, raising ₹250 Cr ($26.3 Mn) in a mix of debt and equity. The round was led by the family office of Dr. Arokiaswamy Velumani, and also saw participation from the startup’s founder and CEO Suhas Rajkumar and cofounder and CFO Ankit Gupta.

On the debt side, HDFC Bank and Capitar Ventures were among the key participants, along with other NBFCs, which together contributed ₹123 Cr of the total funding, the startup said in a statement.

Simple Energy plans to use the capital primarily to scale up manufacturing capacity and expand production, while the remaining funds will go toward sales, marketing, and R&D to strengthen its product roadmap and customer experience.

It is also looking to expand its presence to new cities such as Ranchi, Bhubaneswar, and Cuttack in the coming months. Currently, it has a production capacity of 3,000 units per month.

“We are seeing clear market demand, with revenues rising 4X from ₹40 Cr in FY25 to ₹170 Cr in FY26. The funding amounts will be mainly directed towards capacity expansion, targeting monthly sales of 10,000 scooters by March 2027, alongside continued investments in R&D and marketing,” said Rajumar.

He added that this funding will support the startup’s transition to a full-stack EV OEM, strengthening its long-term growth and readiness for public markets.

Currently, Simple Energy sells around 1,500 units per month and operates through more than 71 outlets across 38 cities, including Bengaluru, Delhi, Patna, and Chennai.

Original | May 15, 2026, 11:16 IST

IPO-bound electric two-wheeler maker Simple Energy is raising ₹126.7 Cr (around $13.2 Mn) in a funding round led by its existing backer — Thyrocare founder Arokiaswamy Velumani. The round will also see participation from a clutch of angel investors.

According to Simple Energy’s MCA filings accessed by Inc42, the Bengaluru-based startup’s shareholders passed a resolution last month to issue 2.11 Lakh Series X CCPS at ₹6,000 each. Cofounders Suhas Rajkumar and Ankit Gupta will also participate in the round, investing ₹13.5 Cr each.

The resolution said the fresh capital will be used for Simple Energy’s growth and business expansion plans.

The funding seems to be part of an ongoing round. Questions sent to the startup didn’t elicit any response till the time of publishing this story.

Including the latest funding, Simple Energy’s total funding has crossed $84 Mn, including a $10 Mn bridge round raised last year. It counts Haran Family Office, Apar Industries-backed Desai Family Office, and Vasavi Family Office among its backers.

The development comes at a time when the EV startup is gearing up for its IPO. Last year, cofounder Rajkumar said Simple Energy was eyeing a public listing. He said Simple Energy was looking to raise nearly $350 Mn (about ₹3,000 Cr) via its IPO by Q2 or Q3 of FY27 to double down on R&D and scale its offline footprint to 500 stores.

Founded in 2019 by Rajkumar and later joined by Shreshth Mishra and Gupta, Simple Energy currently sells three electric scooters — Simple One, Simple OneS and Simple Ultra. The startup has expanded its presence across Karnataka, Tamil Nadu, Andhra Pradesh, Telangana, Kerala, Maharashtra, Rajasthan, Delhi and Uttar Pradesh, and currently operates around 70 retail outlets.

However, the EV maker’s ride hasn’t exactly been smooth. Although Simple Energy was initially expected to begin deliveries in 2022, regulatory hurdles and delays in fundraising pushed its rollout by over a year. Sales also remained sluggish till the end of 2024 before gaining traction last year.

Rising Competition In E2W Market

According to Vahan data, Simple Energy has sold around 4,806 electric scooters so far, including 1,244 units in April 2026. The startup recorded its highest-ever monthly sales in March at 1,775 units before demand softened in April amid a broader slowdown in the E2W segment.

Industrywide, E2W registrations fell 20% month-on-month in April to 1.4 Lakh units from 1.92 Lakh units in March. Despite the sequential decline, registrations were still over 50% higher than the 92,532 units recorded in April 2025.

Simple Energy competes with the likes of Ather Energy, Ola Electric, River Mobility, Ultraviolette Automotive, Oben Electric and other players in India’s fast-growing E2W market.

The funding comes at a time when competition in India’s EV market is intensifying, with both startups and legacy automakers doubling down on localisation, niche segments and go-to-market strategies — all vying for a slice of a market projected to reach $132 Bn by 2030.

The momentum has also been supported by the Centre’s continued push for EV adoption. Earlier this month, Prime Minister Narendra Modi called on citizens to cut fossil fuel dependence by shifting to EVs, public transport, and carpooling amid geopolitical tensions in West Asia.

On the financial front, Simple Energy’s operating revenue jumped more than 6X to ₹40.7 Cr in FY25 from ₹6.6 Cr in FY24. Total income rose nearly 4.6X to ₹44.3 Cr during the year. At the same time, the startup’s consolidated net loss widened 32.6% to ₹83 Cr as expenses surged to ₹129.67 Cr.

Simple Energy is yet to disclose its FY26 financials. However, Rajkumar told Inc42 in September last year that Simple Energy was targeting 1,000% year-on-year growth in both revenue and vehicle sales in FY26."
Electric Vehicles,Ola Electric Rallies Over 9% Amid Signs of Demand Revival,https://inc42.com/buzz/ola-electric-rallies-over-9-amid-signs-of-demand-revival/,Shrishti Bisht,29th May 2026,News,https://inc42.com/cdn-cgi/image/quality=90/https://asset.inc42.com/2026/04/ola-electric-sankalp-featured-1-490x360.png,,"Ola Electric shares jumped over 9% intraday driven by improving sentiment and early signs of demand recovery

VAHAN data indicates early signs of recovery in Q1 FY27, with the company reporting around 22,600 registrations

Looking ahead, Ola Electric aims to regain 15-20% market share over the next six months and scale its electric motorcycle business

Update | May 29, 2026, 13:47 IST

Shares of Ola Electric ended today’s trading session 6% higher at ₹41.5 apiece on the BSE. Its market capitalisation stood at ₹18,335.8 Cr (about $1.9 Bn) at end of the day.

Original Story | May 29, 2026, 16:15 IST

Shares of Ola Electric surged over 9% during the intraday trading on the BSE, hitting a high of ₹42.84 as investor sentiment turned positive following improving operational performance and signs of demand recovery.

The stock later pared some of the gains and was trading 7% higher at around ₹42 at 12:52 IST. The company’s market capitalisation stood at approximately ₹18,525.4 Cr (about $1.9 Bn).

The stock has rallied nearly 14% in the past two trading sessions. It has also more than doubled from its 52-week low of ₹21.21 (hit on March 2, 2026). However, it still remains below its 52-week high of ₹71.24, which it touched on September 4, 2025.

Over the past year, the stock is down 21%, though it has gained 12% so far in 2026.

The recent rally follows a mixed Q4 FY26 earnings performance alongside improving operational indicators such as better margins, lower costs and early signs of demand recovery.

Investor sentiment also strengthened after Ola Electric, as per a PTI report, received ARAI approval for a new commercial electric scooter aimed at delivery and logistics applications, including food delivery and quick commerce use cases.

Meanwhile, VAHAN data shows early signs of recovery in Q1 FY27, with the company recording around 22,600 registrations. This is higher than the Q4 FY26 registration of 22,221 units, indicating a pickup in demand after a weak March quarter.

The company has guided for 40,000 to 45,000 orders and ₹500-₹550 Cr revenue in Q1 FY27, indicating a strong sequential recovery if momentum continues.

In Q4 FY26, its net loss narrowed 43% to ₹500 Cr from ₹870 Cr a year earlier , though it rose 3% sequentially. Revenue declined 57% YoY to ₹265 Cr due to lower deliveries.

Deliveries fell 61% YoY to 20,256 units, while total expenses dropped 57% to ₹546 Cr, hinting at improved cost control.

The company also reported its first positive operating cash flow quarter at ₹91 Cr, supported by PLI incentives, improved margins, and tighter spending. For FY26, net loss narrowed 20% to ₹1,833 Cr, while revenue declined 50% to ₹2,460 Cr.

FY26 was described as a “reset year,” focused on improving service quality, margins, and operational efficiency. Gross margin improved to 38.5% in Q4, while warranty costs fell significantly to ₹59 Cr from ₹555 Cr earlier.

The company claimed its service performance also improved, with turnaround time reducing from 9 days to nearly 1 day and same-day resolutions rising to 87%.

Looking ahead, Ola Electric aims to regain 15-20% market share over the next six months and scale its electric motorcycle business.

Its 6 GWh gigafactory is nearing completion, with production expected to begin in Q1 FY27, followed by planned expansion to 20 GWh.

However, auditors flagged negative operating cash flow of ₹775 Cr in FY26, although this marked an improvement from the previous year. The company said liquidity remains stable, supported by cash reserves, credit lines, and a planned ₹1,500 Cr QIP.

Overall, while near-term margin pressure may persist due to higher costs, the company expects a recovery in volumes and a gradual move toward profitability in FY27."
Health Tech,Mykare Closes Round At $3.2 Mn To Enhance AI Capabilities,https://inc42.com/buzz/mykare-closes-round-at-3-2-mn-to-enhance-ai-capabilities/,Anne Florentyna,29th June 2026,News,https://inc42.com/cdn-cgi/image/quality=90/https://asset.inc42.com/2026/06/Mykare-Founder-Feature-490x360.png,,"The startup plans to deploy the fresh funds to enhance its AI capabilities, accelerate product development and expand deeper into existing international markets

Mykare claims its AI-native healthcare OS helps clinics and hospitals automate the entire patient journey, from patient acquisition and appointment booking to feedback and retention

Its AI agents can identify patient intent, answer calls through voice AI, book appointments, manage follow-ups, collect feedback, and automatically update CRM records

Healthtech startup Mykare has raised an additional $1 Mn (₹9.4 Cr) from US-based healthtech company Papa.com cofounders Andrew Parker and Alfredo Vaamonde, and a Middle-Eastern family office, closing the undisclosed funding round at $3.2 Mn (₹30.2 Cr).

The startup said the additional funding was part of the seed round it raised in 2023. Mykare had then bagged $2.2 Mn from OnDeck ODX, Avaana Seed and others.

The startup plans to deploy the fresh funds to enhance its AI capabilities, accelerate product development and expand deeper into existing international markets, cofounder Senu Sam told Inc42.

Founded in 2022 by Sam, Rahmatulla TM, and Joash Philipose, Mykare initially connected patients with its network of hospitals, offering affordable facilities. However, it pivoted to a B2B business model from B2C in October 2025.

Now, it operates an agentic AI and voice AI platform helping small and medium sized hospitals and medical centres increase sales, improve patient experience, and automate operational workflows.

The startup claims its AI-native healthcare operating system (OS) helps clinics and hospitals automate the entire patient journey, from patient acquisition and appointment booking to feedback and retention.

It claims its AI agents can identify patient intent, answer calls through voice AI, book appointments, manage follow-ups, collect feedback, and automatically update CRM records.

“Our AI agents are embedded in 30-35 larger healthcare facilities, while about 45 more clinics have signed up for implementation. We are aiming to touch 100 clinics soon,” Sam said.

Overall, Mykare onboarded 30+ hospitals and clinics providers spans the US, the UK, the Middle East and India. It claims to have a waiting list of more than 20 hospitals and healthcare providers.

“In India, Mykare’s services are active in most metro cities like Delhi NCR, Mumbai, Bengaluru and Hyderabad. Apart from that, in the US, Mykare is tied up with a large oncology clinic chain and a large dental chain in the UK. We are currently also in talks with one of the largest dental chains in Qatar,” the cofounder said.

The fundraise comes as India’s healthtech ecosystem is rapidly moving beyond conventional offerings, with startups using AI not only for patient management but also preventive healthcare, recovery and stress management. This has come on the back of surging consumer demand for integrated wellness platforms spanning diagnostics, coaching, nutrition and skincare.

Investor appetite for the segment has also grown notably in recent months. Just weeks ago, paediatric healthcare brand Hoola Health (erstwhile BabyMD) raised $5 Mn in a round led by Peak XV’s Surge. In May, wearable healthtech startup Gabit bagged ₹36.2 Cr in a funding round from a clutch of angel investors.

At the heart of all this is the homegrown healthtech sector, which is projected to become a $37 Bn opportunity by 2030."
Health Tech,Can Cult.fit Clear The Profitability Bar With Its Retail Push?,https://inc42.com/startups/can-cult-fit-clear-the-profitability-bar-with-its-retail-push/,Debarghya Sil,21st June 2026,Startup Stories,https://inc42.com/cdn-cgi/image/quality=90/https://asset.inc42.com/2026/06/ftr-22-1-490x360.jpg,,"Cult.fit is expanding its products business, which now contributes about 30% of its revenue as it looks to build multiple growth engines

The startup is scaling its exclusive brand outlets and affordable gym format, Cult Neo, to tap new customer segments and deepen its presence beyond major metros

Cult.fit says improving unit economics, higher revenue per gym and growing product sales are helping it move closer to profitability, even as key expenses such as rent and employee costs continue to rise

For years, Cult.fit’s playbook revolved around one thing: gym memberships. The fitness startup, founded in 2016 by former Flipkart executives Mukesh Bansal and Ankit Nagori, is expanding the game beyond the workout floor. It now wants to become the Decathlon of India, selling everything from apparel, footwear, and athleisure to gym equipment and even bicycles, as its push towards profitability intensifies.

The shift is visible. According to CEO Naresh Krishnaswamy , products now contribute around 30% of Cult.fit’s overall revenue. Revenue from product sales grew from ₹64.2 Cr in FY22 to ₹326.4 Cr in FY25. During the same period, the company’s operating revenue rose from ₹215.7 Cr to ₹1,215.5 Cr.

As part of its broader effort to diversify revenue streams while improving profitability, Cult.fit has also expanded its offline retail presence, launched an affordable gym format called Cult Neo and entered niche segments such as Pilates.

However, this does not mean that Cult.fit is moving away from its roots. Gym memberships continue to remain the backbone of the business. It is the product business that is emerging as the startup’s next growth engine.

So, where is Cult.fit actually headed from here? Let’s find out…

Converting Gym Goers Into Shoppers

Cult.fit’s growing focus on products may look like a dramatic pivot from the outside. However, in reality, the startup has spent around five years building this business. It first entered the apparel segment in 2020, followed by footwear and then home fitness equipment. In the last five years, its portfolio has expanded into categories such as spin bikes, treadmills , recovery devices (massagers) and fitness accessories.

According to Krishnaswamy, the startup’s products business has benefited from years of category expansion. What began with apparel has gradually expanded into footwear, fitness equipment, recovery devices and accessories. “As these categories matured and found product-market fit, they started contributing meaningfully to our revenue growth,” Krishnaswamy said.

The startup has kept itself asset-light in this pursuit. While product design and material selection happen in-house, manufacturing is outsourced.

“These two categories launched in the last two years and have grown quite significantly. The first is handheld recovery massagers. The second is fitness accessories, which range from gym bags and yoga mats to resistance bands,” he said.

The CEO believes that they have a unique advantage when identifying new product opportunities. Every day, thousands of customers interact with the company through its gyms and fitness centres. This gives Cult.fit direct insight into what fitness enthusiasts use, need and are willing to spend money on, helping Cult.fit become relevant across every product category associated with fitness.

“If you think of a gym user, they need workout wear, shoes, accessories, gym bags, yoga mats, and several other products. We want to continue adding categories and increasing our presence across all relevant categories for a fitness user,” he added.

30 Startups To Watch: Startups That Caught Our Eye In June 2...

How AI Is Rewiring The Consumer Growth Stack Across India’s ...

How Let’s Try Tripled Revenue To Cross ₹200 Cr In A Year

How Cult.fit Is Building Distribution Beyond Marketplaces

For Cult.fit, Distribution has emerged as another key focus area for the company. Over the last two years, Cult.fit has built a network of 29 exclusive brand outlets (EBOs) from scratch, giving customers a dedicated touchpoint for its growing product portfolio.

“An EBO gives you the ability to touch and feel. In categories like treadmills, it gives you the ability to try the product,” the CEO said, adding that the stores are benefiting from a built-in customer acquisition engine.

As of now, around 70% of product sales is happening online, while the remaining 30% is offline. The startup plans to add another 30-35 stores this fiscal year, taking its total store count beyond 50. With this, it expects offline sales to account for a larger share of product revenue.

Krishnaswamy is not keen on limiting itself to a few cities. Instead, he wants to expand beyond  Bengaluru, Hyderabad and Delhi to newer locations such as Lucknow and Pune. He also expects that most of its stores will break-even within nine to twelve months.

Tapping The Mass Market With Cult Neo

While products have emerged as a meaningful growth driver, fitness services remain Cult.fit’s largest business. In this category, the startup has expanded into newer customer segments through Cult Neo, which is its affordable segment.

“Attacking that sweet price point between ₹10,000 and ₹12,000 for an annual gym membership is a big driver of growth in the market,” the CEO said.

The startup currently operates around 40 Cult Neo centres and expects the format to play a central role in future expansion. The affordable segment is growing at roughly twice the pace of the premium category. The startup intends to expand Neo across 100 Indian cities.

Meanwhile, the startup is also experimenting with premium formats such as Pilates Circle. Launched a year ago, the format caters to customers looking for a specialised fitness experience. A Pilates Circle subscription costs around ₹30,000 for a few months. The CEO, however, does not expect Pilates Circle to scale at the same pace as Cult Neo.

Next Stop, Profitability?

As of now, Cult.fit is attempting to solve one of the biggest challenges that has followed it for years: building a sustainable and profitable business. According to Krishnaswamy, the improvement is not being driven by aggressive cost-cutting but by operating leverage.

Rent remains the startup’s largest expense, followed by employee costs, marketing and management overheads. All of these continue to increase every year.

“Expenses do increase every year. Employee costs go up. Rents increase contractually. We are not cutting expenses to drive profitability. Our revenue has been growing more than costs. More than that, we are able to achieve increasing revenue per gym while keeping costs relatively flat,” the CEO said.

The same dynamic is playing out in the products business. As volumes increase and distribution expands, unit economics improve. The startup gains more pricing power, greater scale efficiencies and stronger margins. Together, products, offline retail and Cult Neo have emerged as three of the startup’s most important growth levers.

While gyms remain the core of the business, Cult.fit is steadily building multiple revenue streams around the fitness consumer. However, its walk towards becoming the Decathlon of India still seems to be a long one.

Edited By Shishir Parasher Creatives: Abhyam Gusai"
Health Tech,HealthQuad Marks First Close Fund III At ₹550 Cr,https://inc42.com/buzz/healthquad-marks-first-close-fund-iii-at-%e2%82%b9550-cr/,Anjali Jain,19th June 2026,News,https://inc42.com/cdn-cgi/image/quality=90/https://asset.inc42.com/2026/06/ftr-27-490x360.jpg,,"The firm said that new institutional, family office limited partners (LPs) as well as existing LPs backed the fund, which has a target corpus of ₹1,700 Cr

HealthQuad’s Fund III targets investments in 13-15 healthtech startups across AI-driven healthcare, digital therapeutics, ambulatory care, enterprise SaaS, and point-of-care devices

HealthQuad Fund III is being managed by HealthQuad Advisors, a vehicle fully owned by Quadria Group through Amit Varma, Abrar Mir and Thakur

Quadria Group-backed VC firm HealthQuad has announced the first close of its ₹1,700 Cr (about $180 Mn) Fund III with commitments of ₹550 Cr (about $58.2 Mn).

In a statement, the firm said that new institutional, family office limited partners (LPs) as well as existing LPs backed the fund.

HealthQuad’s Fund III targets investments in 13-15 healthtech startups across AI-driven healthcare, digital therapeutics, ambulatory care, enterprise SaaS, and point-of-care devices. The fund’s allocation is predominantly for India, with a discretionary share for other markets in Southeast Asia.

The fund has already made its first investment of an undisclosed sum in AI-driven patient monitoring platform LifeSigns and is pursuing other proprietary opportunities to build early portfolio visibility.

HealthQuad Fund III is being managed by HealthQuad Advisors, a vehicle fully owned by Quadria Group through Amit Varma, Abrar Mir and Sunil Thakur.

Originally established in 2016 as a specialised VC fund for early-growth healthcare, HealthQuad was earlier backed by both Quadria Group and Belgium-based impact investor KIOS. However, both entities split in 2025 and Quadria took full control of HealthQuad ahead of launching the Fund III.

The fund was originally launched in July last year with a target corpus of $200 Mn, with a $100 Mn greenshoe option, following Quadria’s separation from KIOS.

At the same time, operational leadership of HealthQuad launched a separate investment firm called ‘HealthKios’ , with the maiden fund targeting a $300 Mn corpus with a $100 Mn greenshoe option.

Prior to that, it had marked the final close of its second fund at $162 Mn. Back then, the fund targeted 10-15 early stage startups across high-growth segments of the healthcare sector in India.

Its earlier two funds had backed 18 healthtech startups, including GoApptiv, Qure.ai, Redcliffe Labs, Cureskin, Strand Life Sciences, Medikabazaar, THB, Wysa, Ekincare.

The VC firm is exclusively focused on the rather underpenetrated Indian healthtech segment, which although has a track record of bringing forth strong innovations but has lacked institutional backing. Twenty five healthtech startups secured $181 Mn in Q1 2026, down 40% YoY from the $301 Mn capital infused in the segment in the year ago quarter."
Health Tech,Petcare Startup Vetic Secures $40 Mn To Scale Clinic Network,https://inc42.com/buzz/petcare-startup-vetic-secures-40-mn-to-scale-clinic-network/,Anne Florentyna,18th June 2026,News,https://inc42.com/cdn-cgi/image/quality=90/https://asset.inc42.com/2026/06/Vetic-Founder-Feature-490x360.png,,"The funding round was led by existing investor Bessemer Venture Partners, with participation from Greenoaks Capital, Lachy Groom, and JSW Family Office

The fresh capital will help Vetic to scale its clinic network, bolster its tech stack and double its veterinary team to 500 vets

Prior to this funding round, the petcare startup raised $26 Mn in its Series C round last May

Pet healthcare startup Vetic has secured $40 Mn (₹377.7 Cr) in a funding round led by existing investor Bessemer Venture Partners, with participation from Greenoaks Capital, Lachy Groom, and JSW Family Office.

The fresh capital will help Vetic to scale its clinic network, bolster its tech stack and double its veterinary team to 500 vets. The startup also intends to double down on pet insurance and wellness offerings.

Besides, Vetic is also planning to roll out ‘Vet at Home’ services across India in the next two fiscal quarters.

Founded in 2022 by former Pristyn Care CBO Gaurav Ajmera, Vetic operates a chain of pet healthcare centres offering consultations, diagnostics and surgeries through a network of more than 250 veterinarians.

The startup also provides at-home veterinary services, pet insurance and wellness plans, alongside an e-pharmacy and pet products delivery business. Vetic says it has over 60,000 subscribed members.

The digital operations of Vetic are built on its proprietary operating system, which captures and maintains longitudinal health records for every pet from the very first visit and standardising care protocols across the entire network.

“Vetic is building a connected system where consultations, clinics, medicines, diagnostics, insurance, recovery, and wellness all work together not just to improve efficiency, but to help people care better for the pets they love,” Ajmera said.

Prior to this funding round, the petcare startup raised $26 Mn in its Series C round last May.

The development comes at a time when the petcare segment has been largely booming, benefitting from the rising trend of pet parents in the country. The growing demand for pet healthcare services has led pet brands to extend their veterinarian services at the consumers’ convenience.

Betting on this burgeoning market space, the overall overall market for petcare in India is expected to hit ₹2.1 Lakh Cr by 2032.

Investors are, thus, placing more bets on such businesses in recent times. For instance, earlier in February, Supertails raised $30 Mn (₹271.7 Cr) in its Series C round, while Dr. Doodley bagged $3.3 Mn (about INR 30 Cr) in its pre-Series A round, in a mix of equity and debt."
Health Tech,Zumutor Biologics Secures $7.3 Mn To Advance Clinical Trials For Cancer Therapy,https://inc42.com/buzz/zumutor-biologics-secures-7-3-mn-to-advance-clinical-trials-for-cancer-therapy/,Anne Florentyna,13th June 2026,News,https://inc42.com/cdn-cgi/image/quality=90/https://asset.inc42.com/2026/06/Zumutor-Founder-Feature-490x360.png,,"The funding was raised from existing investors Accel and Bharat Innovation Fund, alongside Premji Invest, Ashish Kacholia and Raj Dandu

The funds will be used to complete its ongoing US FDA Phase 1 clinical study of its drug ZM008, both as a monotherapy and in combination regimens

It will also use the capital to initiate Phase 1B expansion cohorts and global Phase 2 studies, including in India

Biotech startup Zumutor Biologics has raised $7.3 Mn (about ₹70 Cr) in its Series B funding round from existing investors Accel and Bharat Innovation Fund, alongside new investors Premji Invest, and angel investors like Ashish Kacholia and Raj Dandu.

The startup said it plans to use the funds to complete its ongoing US FDA Phase 1 clinical study of its drug ZM008, both as a monotherapy and in combination regimens. It will also use the capital to initiate Phase 1B expansion cohorts and global Phase 2 studies, including in India.

Founded in 2013 by Kavitha Iyer Rodrigues, Zumutor develops immunotherapy drugs that activate the body’s natural immune cells, particularly natural killer (NK) cells, to attack tumours and improve cancer treatment outcomes.

The startup said ZM008 is a first-in-class NK cell checkpoint designed to unlock the power of innate immunity against cancer. It began human trials with ZM008 in 2024.

“Early clinical data from the ongoing Phase 1 study of ZM008 highlight the differentiated potential of novel NK checkpoint therapy for solid tumors. Building on these findings, we are expanding into dose expansion cohorts and combination studies across multiple tumor types,” Zumutor’s chief scientific officer Maloy Ghosh said.

The biotech startup has two proprietary ‘Antibody Engineering Platforms’ to develop novel immunotherapies that target innate immunity and regulate the tumor microenvironment.

Prior to this, Zumutor raised $6.2 Mn in its Series A4 funding round led by Siana Capital in 2021. The startup is headquartered in the US and has an R&D laboratory in Bengaluru.

The funding announcement comes amid a push by the central government to promote the biotech sector. During her Budget speech this year, finance minister Nirmala Sitharaman announced a new ‘Biopharma SHAKTI’ scheme with an outlay of ₹10,000 Cr. Besides a single-window clearance portal for biological research, the Centre also offers funding and incubation support to biotech startups under the BIRAC SEED scheme.

Investors are also actively backing biotech startups due to the growing regulatory push. They are also eyeing a share of India’s bioeconomy, which is projected to become a $300 Bn market opportunity by 2030.

Last month, StrainX Bioworks raised $13 Mn (around ₹124 Cr) to expand capacity at its Bhopal bio-manufacturing fermentation facility and commence commercial-scale production. Prior to that, Cellogen Therapeutics netted ₹20 Cr (about $2 Mn) to advance its CAR‑T clinical programmes and expand its gene therapy pipeline."
Health Tech,Rohit Sharma Backs Fitness Startup Fittr,https://inc42.com/buzz/rohit-sharma-backs-fitness-startup-fittr/,Shrishti Bisht,12th June 2026,News,https://inc42.com/cdn-cgi/image/quality=90/https://asset.inc42.com/2026/06/feature-Fittr-490x360.png,,"Fitness startup FITTR has onboarded Indian cricketer Rohit Sharma as an investor and equity partner after initially bringing him on as a brand ambassador in 2024

In a statement, Fittr said Sharma spent several months evaluating Fittr's mission, business fundamentals and long-term growth strategy before deciding to transition from ambassador to investor

Founded in 2016 by Jitendra Chouksey, Bala Krishna Reddy, Rohit Chattopadhyay, and Jyoti Dabas, Fittr offers online health and fitness communities and platforms

Pune-based fitness startup Fittr has onboarded Indian cricketer Rohit Sharma as an investor and equity partner, deepening a relationship that began with his role as the brand’s ambassador. The startup did not disclose the investment put in by the cricketer.

In a statement, Fittr said Sharma spent several months evaluating Fittr’s mission, business fundamentals and long-term growth strategy before deciding to transition from ambassador to investor.

Notably, Sharma began endorsing the startup in 2024.

Founded in 2016 by Jitendra Chouksey, Bala Krishna Reddy, Rohit Chattopadhyay, and Jyoti Dabas, Fittr offers online health and fitness communities and platforms.

Its platform claims to have helped more than 4 Lakh users through a network of over 700 coaches, while its broader community exceeds 30 Lakh users globally.

To date, Fittr has raised nearly $17 Mn in funding from investors like Rainmatter, Peak XV’s Surge, Elysian Park Ventures, among others. Notably, it is also endorsed and backed by actor Sunil Shetty.

The startup competes with platforms such as Healthify, Cult.fit, FitBudd and MyFitnessPal, among others.

On the financial front, Fittr reported revenue of ₹128 Cr and a profit before tax (PBT) of ₹11 Cr in FY25. Its online fitness coaching business accounted for about ₹122 Cr of the startup’s total revenue during the year.

India’s health and fitness sector continues to expand rapidly, with the market expected to grow from ₹16,200 Cr ($1.9 Bn) to ₹37,700 Cr ($4.5 Bn) by 2030 amid rising wellness spending.

To note, Indian celebrities have been known to double down on the country’s startup ecosystem from time to time, with such investments making headlines regularly.

For instance, earlier this month, D2C kids lifestyle brand Rosada onboarded actor Shilpa Shetty Kundra as a strategic investor. Before that Agilitas Sports brought on board Anushka Sharma as an investor and strategic collaborator, while jewellery brand GIVA roped in Kriti Sanon as both an investor and brand ambassador.

Other celebrity-backed startup investments this year include Ajinkya Rahane backing footwear brand Chupps and Riyan Parag investing in deeptech startup Proxgy."
Health Tech,4baseCare Bags ₹38 Cr To Close Series B Round At ₹128 Cr,https://inc42.com/buzz/4basecare-bags-%e2%82%b938-cr-to-close-series-b-round-at-%e2%82%b9128-cr/,Team Inc42,11th June 2026,News,https://inc42.com/cdn-cgi/image/quality=90/https://asset.inc42.com/2026/06/4basecare-funding-featured-490x360.png,,"The startup plans to continue deploying the freshly raised funds to fuel the expansion of its genomics laboratory globally and scale its AI-driven precision oncology platform

Founded in 2018, 4baseCare leverages advanced genomics, bioinformatics, and AI to develop personalised oncology (cancer-related) care for patients

According to Inc42 data, the homegrown healthtech market is projected to become a $37 Bn opportunity by 2030

Months after raising ₹90 Cr , healthtech startup 4baseCare has now secured an additional ₹38 Cr (nearly $4 Mn) to finally close its Series B round at ₹128 Cr ($13 Mn). The latest infusion was led by growX Ventures, with participation from undisclosed existing investors.

In a statement, the startup said that it plans to continue deploying the freshly raised funds to fuel the expansion of its genomics laboratory network across India, the Middle East, Southeast Asia, Latin America, and Central Asia. A portion of the capital will also be utilised to scale its AI-driven precision oncology platform, OncoTwin.

“… The additional capital will help us expand our genomics lab network globally and further scale OncoTwin, our AI-based precision oncology platform, to support clinicians with deeper, real-world, clinically actionable insights,” said 4baseCare cofounder and CEO Hitesh Goswami.

Founded in 2018 by Goswami and Kshitij Rishi, 4baseCare leverages advanced genomics, bioinformatics, and AI to develop personalised oncology (cancer-related) care for patients. The startup also creates databases that combine genomic data with clinical, environmental, and lifestyle information to enhance precision medicine.

This comes six months after the healthtech startup raised ₹90 Cr in its Series B round co-led by ace investors Ashish Kacholia and Lashit Sanghvi. Prior to this, the Bengaluru-based startup also raised ₹50 Cr in a Series A round led by Yali Capital in 2024.

The fundraise comes as investors continue to double down on healthtech in India. Buoyed by the rise of AI, many players in the space are pivoting from episodic care to longevity , prevention, and continuous health optimisation. Many of these new-age tech companies are also focussing on health and wellness through wearables and full-stack platforms.

As a result, investor interest continues to trickle into the sector. Last month, StrainX Bioworks raised $13 Mn in a funding round led by Prime Venture Partners and Leo Capital. In March, Practo cofounder and CEO Shashank ND’s new healthtech venture Cent also raised $5 Mn in a seed round from OneFlow Holdings and South Park Commons.

In January this year, longevity-focussed healthtech startup Biopeak bagged $2.7 Mn in a round led by Nikhil Kamath’s investment firm NKSquared.

As per Inc42 data, the Indian healthtech market is projected to become a $37 Bn opportunity by 2030."
Health Tech,Immuneel Therapeutics Raises ₹100 Cr To Take Its Gene Therapy For Blood Cancer Global,https://inc42.com/buzz/immuneel-therapeutics-raises-%e2%82%b9100-cr-to-take-its-gene-therapy-for-blood-cancer-global/,Palak Sharma,8th June 2026,News,https://inc42.com/cdn-cgi/image/quality=90/https://asset.inc42.com/2026/06/Untitled-design-2026-06-08T141925.406-490x360.png,,"Bengaluru-based Immuneel Therapeutics has raised ₹100 Cr Series B fundraise from Singularity AMC, Rainmatter by Zerodha

The round also saw participation from existing investors, including founder Kiran Mazumdar-Shaw, Eight Roads Ventures, F-Prime Capital, and several undisclosed HNIs

The fresh capital will be used to scale manufacturing, advance its therapy pipeline, and expand across Asia-Pacific and the Middle East

Biotech startup Immuneel Therapeutics announced a ₹100 Cr Series B fundraise from Singularity AMC, Rainmatter by Zerodha, along with participation from existing backers including founder Kiran Mazumdar-Shaw, Eight Roads Ventures, F-Prime Capital, and a host of undisclosed HNIs.

The Bengaluru-based company plans to deploy the freshly raised funds towards scaling Immuneel’s GMP manufacturing capacity, advancing its next-gen deep tech cell and gene therapy pipeline and pushing geographical footprint  across Asia Pacific and Middle East.

Founded in 2018 by Mazumdar- Shaw, Kush M Parmar and Siddhartha Mukherjee, Immuneel Therapeutics offers cell and gene therapies such as chimeric antigen receptor T (CAR-T) cell therapy in India to fight cancer. The company claims to provide affordable cancer therapy and works to offer advanced options for care, improve access and drive better patient outcomes.

“We are scaling up our manufacturing capacity, so we are putting capital into that. Additionally, investment is going into localisation and manufacturing know-how that’s going to leverage Immuneel’s base for our current as well as our future programs,” CEO Amit Mookim told Inc42.

A significant part of funds will go towards supporting the commercialisation of Qartemi, an approved CAR-T therapy for Non-Hodgkin Lymphoma.

For context, the mentioned disease is a type of blood cancer affecting the lymphatic system and  Qartemi is a CAR-T (Chimeric Antigen Receptor T-cell) therapy, in which a patient’s own immune cells are modified to identify and attack cancer cells.

Currently, available CAR-T technology is for blood cancers—specifically leukemia, lymphoma, and multiple myeloma.

“We are treating patients in India with lymphoma right now, and we’ll soon start treating patients with leukemia. We have other programs going on as we speak; there’s a lot of work happening in solid tumors as well, though none of those have moved to the clinic commercially yet,” Mookim added.

Following the commercial launch of Qartemi, Immuneel is now focused on expanding its presence in high-growth emerging markets and advancing clinical co-development partnerships across Australia and Southeast Asia.

Immuneel’s Gene Therapy Edge

Immuneel began taking in patients for its commercialised gene therapy solutions in late 2024. And thus far more than 100 patients have come through the therapy according to the CEO, who added that the next goal is to take this global and compete with more expensive solutions in regions like North America and Europe.

Mookim told us that the first CAR-T was infused about 13 or 14 years ago in the US, and it was given to a nine-year-old girl who is still cancer-free today. “It’s a groundbreaking therapy. But the West has never thought of solving the cost and scale equation. Part of it is the value chain and supply chain, part of it is the manufacturing technology, and part of it is just thinking of it in terms of innovation at scale. Which is what we are trying to do.”

The CEO added that while such treatments typically cost $400,000 to $500,000 for a patient in the West, Immuneel is looking to offer it at less than 10% of that cost. “We believe that we can actually solve this problem not only for India but for the rest of the world, starting with the Middle East, Africa, and Southeast Asia, where cancer patients don’t have access to these treatments,”

Prior to this, the company raised INR 100 Cr as a part of its extended Series A funding round from Taiba Middle East FZ LLC in 2024. In April 2022, the Bengaluru-based startup raised close to $15 Mn in a Series A funding. With the fresh round, the company has raised to a close of $38 Mn in funding till date.

“This fundraise strengthens our ability to build a globally competitive CAR-T platform from India combining deep science, scalable manufacturing and significantly improved affordability. We believe India can play a meaningful role in shaping the future of cell and gene therapy for the world,” said Mazumdar-Shaw.

India’s Biotech Moment

In fact, gene therapy is having a major moment in India with a number of new startups emerging to compete against those in the West who have not yet managed to crack the affordability barrier.

Immuneel’s pitch is similar to Natco Pharma-backed Cellogen , which also develops more affordable therapies utilising CAR-T cells to treat cancers and blood disorders.

The startup recently raised ₹20 Cr from Kotak Alts to continue its research-led platform. Similarly, oncology startup Oncare has raised ₹27 Cr in a Series A funding round.

Mookim noted that while China already boasts hundreds of gene therapy companies, India’s biotech sector is just now experiencing a boom. “India’s moment in biotech has arrived, much like the tech and fintech boom a decade ago. ”

This momentum is being driven by new government funding and developing investor and regulatory ecosystems. However, he cautioned that long-term success in the space requires more than just strong science and that manufacturing, supply chains and GTM strategies will all come into play eventually as biotech startups scale up.

(Inputs from Nikhil Subramaniam)"
Health Tech,Hackers Access Contact Details Of Ultrahuman Users Via Internal Tool,https://inc42.com/buzz/hackers-access-contact-details-of-ultrahuman-users-via-internal-tool/,Team Inc42,4th June 2026,News,https://inc42.com/cdn-cgi/image/quality=90/https://asset.inc42.com/2026/06/ultrahuman-hack-featured-490x360.png,,"The smart ring brand said that the breach occurred on March 27 after an unauthorised third-party gained “read-only” access to the startup’s internal analytics systems

Ultrahuman reportedly said that the attackers gained access via credentials stolen from a malware-infected laptop of an employee, resulting in wellness data of its 0.1% of users being accessed

Founded in 2019, Ultrahuman manufactures a range of metabolic  health tracking devices such as the Ring Air smart ring and the M1 continuous glucose monitoring device

Ultrahuman suffered a cybersecurity incident in March this year, which led to hackers accessing certain personal information of the smart ring maker’s users.

In an email sent to impacted customers , the smart ring brand said that the breach occurred on March 27 after an unauthorised third-party gained “read-only” access to the startup’s internal analytics systems. Ultrahuman added that the access was limited as the system in question did not permit modification or deletion of data.

Subsequently, the startup said that it took the impacted system offline and revoked all access to the said system.

Meanwhile, Ultrahuman told TechCrunch that the attackers gained access via credentials stolen from a malware-infected laptop of an employee, resulting in wellness data belonging to about 0.1% of users being accessed. This translates into at least 700 impacted customers as previous reports suggested that the smart ring brand has around 7 Lakh monthly active users.

In the email, Ultrahuman CEO Mohit Kumar claimed that critical user data, including password, payment information and wellness data, was not leaked in the incident. While the startup did not clarify what wellness data constituted, it added that hackers did access user information such as contact and account details as well as order and transaction history.

Ultrahuman claims to have since implemented various remediation measures to thwart any future breaches. This includes hardened security on employee devices, increased frequency of periodic access audits, and deployment of anomaly detection on internal systems.

“We have also conducted active monitoring of public and other internet channels for any evidence of the publication or further misuse of the accessed information. To date, we have not identified any such publication or misuse,” said Ultrahuman in the email.

On why the startup had delayed informing affected users and regulators, Kumar reportedly said that the smart ring maker was auditing the full scope of the incident to determine what data had been affected.

Founded in 2019 by Kumar and Vatsal Singhal, Ultrahuman manufactures a range of metabolic  health tracking devices such as the Ring Air smart ring and the M1 continuous glucose monitoring device. The startup has raised more than $103 Mn to date and is backed by names such as Nexus Venture Partners, Steadview Capital, Blume Ventures and Premji Invest.

The smart ring maker’s primary market is the US, which brings the lion’s share of its revenues. However, the company is locked in a legal tussle with Finnish competitor Oura in the country.

In a major blow to the startup, the US International Trade Commission (ITC) ruled that Ultrahuman’s smart rings infringed on a patent held by Oura, which resulted in a months-long import ban that locked it out of its most important market and reportedly cost it up to $50 Mn in lost sales.

The company re-entered the US market in March 2026 with Ring Pro, a redesigned smart ring it claimed addressed the patent claims that triggered the ban.

On the financial front, Ultrahuman turned profitability in FY25 , minting a net profit of ₹71.5 Cr against a loss of ₹37.7 Cr in the year ago fiscal. The startup’s operating revenue also surged nearly 5X to ₹564.7 Cr in the fiscal under review compared to ₹104.6 Cr in FY24."
Health Tech,"Exclusive: Gabit Nets ₹36 Cr To Expand Wearables, Nutrition & Skincare Play",https://inc42.com/buzz/exclusive-gabit-nets-%e2%82%b936-cr-to-expand-wearables-nutrition-skincare-play/,Shrishti Bisht,22nd May 2026,News,https://inc42.com/cdn-cgi/image/quality=90/https://asset.inc42.com/2026/05/ftr-29-490x360.jpg,,"Wearable healthtech startup Gabit has raised around ₹36.2 Cr (about $3.7 Mn) in a fresh funding round from a clutch of angel investors

With the latest round, Gabit’s total funding has crossed $12.7 Mn, excluding an undisclosed round raised from Ranbir Kapoor and Badshah last year

Founded in 2022 by husband-wife duo and former Zomato cofounder Gaurav Gupta and former SkillTap founder Arpana Shahi, Gabit is a health and wellness platform focused on fitness, nutrition, sleep and stress management

Wearable healthtech startup Gabit has raised around ₹36.2 Cr (about $3.7 Mn) in a fresh funding round from a clutch of angel investors, including Deepak Gupta, Arnab Basu, Manav Gupta, Vilas Dhar , among others.

According to MCA filings accessed by Inc42, Gabit’s board approved the allotment of 4,274 pre-Series A5 CCPS in March at a face value of ₹100 each and a premium of ₹38,786 per share, aggregating to about ₹16.6 Cr.

In a separate tranche approved in April, the startup allotted another 4,573 pre-Series A5 CCPS at the same issue price, raising an additional ₹19.6 Cr.

The funding appears to be part of an ongoing round. Queries sent to the startup did not elicit a response till the time of publication.

With the latest infusion, Gabit’s total funding has crossed $12.7 Mn, excluding an undisclosed round raised from Ranbir Kapoor and Badshah last year. It had raised $9.5 Mn in its seed round from Norwest Venture Partners, Deepinder Goyal, and Kunal Shah in 2023.

Founded in 2022 by husband-wife duo and former Zomato cofounder Gaurav Gupta and former SkillTap founder Arpana Shahi, Gabit is a health and wellness platform focused on fitness, nutrition, sleep and stress management.

The startup offers smart wearables, including its flagship titanium smart ring, alongside AI-powered coaching, personalised nutrition and skincare products.

Gabit’s smart ring claims to track more than 150 health markers spanning sleep, recovery, activity, stress and nutrition, while its companion app provides AI-driven insights, customised fitness plans and habit coaching.

In December last year, Gabit acquired Sweden-based nutrition brand Näck to strengthen its supplements and nutrition play.

Besides, the startup also has a skincare vertical with products such as sunscreens, serums, facewash and moisturisers tailored to different skin types and concerns.

Gabit competes with the likes of Ultrahuman, Muse Wearables, HAR in India’s growing wearable healthtech ecosystem.

The funding comes as India’s wearable healthtech ecosystem rapidly moves beyond conventional fitness trackers , with startups pivoting towards AI-powered preventive healthcare, recovery and stress management amid surging consumer demand for integrated wellness platforms spanning diagnostics, coaching, nutrition and skincare.

Investor appetite for the segment has also grown notably in recent months. For instance, just days ago, Sychedelic raised $3.5 Mn in its seed round to scale manufacturing, expand research capabilities and support the upcoming global launch of its health and wellness smart headphones slated for June 2026.

In March, Mave Health raised $2.1 Mn in a seed round led by Blume Ventures. Earlier this year, Deepinder Goyal-backed wearable startup Temple secured $54 Mn at a post-money valuation of around $190 Mn.

Against this backdrop, India’s smart wearables market is projected to grow to $10.26 Bn by 2031."
Health Tech,Sychedelic Bags $3.5 Mn To Build AI-Powered Mental Wellness Headphones,https://inc42.com/buzz/sychedelic-bags-3-5-mn-to-build-ai-powered-mental-wellness-headphones/,Shrishti Bisht,20th May 2026,News,https://inc42.com/cdn-cgi/image/quality=90/https://asset.inc42.com/2026/05/fte-490x360.jpg,,"Wearable startup Sychedelic has raised $3.5 Mn (about ₹31.5 Cr) in its seed round from investors like Cultadvisors LLP, TurboStart, Ideabaaz and Praveek Ventures among others

The startup plans to use the fresh capital towards marketing, scaling manufacturing, expanding research capabilities and supporting its upcoming global Kickstarter launch slated for June 2026

Formerly known as Neuphony, Sychedelic is developing AI-powered headphones aimed at reducing stress, improving focus and supporting sleep through biofeedback and neuromodulation technologies

Wearable startup Sychedelic has raised $3.5 Mn (about ₹31.5 Cr) in its seed round from investors like Cultadvisors LLP, TurboStart, Ideabaaz and Praveek Ventures, along with participation from angel investors.

The Delhi NCR-based startup said it plans to utilise the fresh capital towards marketing, scaling manufacturing, expanding research capabilities and supporting its upcoming global Kickstarter launch slated for June 2026.

Founded in 2020 by husband-wife duo Ria Rustagi and Bhavya Madan, the startup initially operated as Neuphony, building EEG-based neurofeedback headbands focused on tracking brain activity and mental wellness indicators.

The startup later pivoted to launch Sychedelic to develop headphones that can reduce stress, improve focus and support sleep through real-time biofeedback and neuromodulation technologies.

These headphones combine photoplethysmography (PPG) sensors–a non-invasive optical sensing technology used to measure changes in blood flow, adaptive audio and transcranial direct current stimulation (tDCS) technology to monitor users’ stress and cognitive state in real time and intervene accordingly.

The startup currently operates between India and the US, with a Delaware-based entity, a science advisor based in New York, and freelance marketing professionals supporting its global operations.

The startup claims that more than 100 early users have been using its product over the last six months. Inputs from the early users have helped Sychedelic refine their hardware and adaptive algorithms.

The startup has received CDSCO (Central Drugs Standard Control Organisation) approval and filed global patent applications for its technology, which it claims is among the first closed-loop neuromodulation wearable systems that adapts stimulation in real time based on live biometric feedback.

The startup competes with the likes of Sputnik Brain, Mave Health, Dusq among others.

The funding comes at a time when the wearable healthtech segment is evolving beyond basic fitness tracking, with affluent consumers increasingly adopting devices focused on mental wellness, sleep optimisation and health. While smartwatches and fitness bands initially drove the broader wearables boom, a new wave of startups is now building specialised neurotechnology and biofeedback-based products aimed at stress reduction, focus enhancement and mental wellbeing.

For instance, healthtech startup Mave Health raised $2.1 Mn (about ₹18 Cr) in a seed funding round led by Blume Ventures in March to launch its wearable headset in India and the US, while also expanding its manufacturing capabilities.

Similarly, earlier this year, Inc42 reported that Deepinder Goyal’s wearable startup Temple raised $54 Mn at a post-money valuation of about $190 Mn from friends and family investors, including NK Squared, along with existing Zomato backers such as Peak XV Partners and Steadview Capital.

At the heart of this lies the Indian smart wearables market, which is estimated to grow into a market size of $10.26 Bn by 2031."
Health Tech,IPO-Bound Practo Appoints Srijesh Kumar As Global CPTO,https://inc42.com/buzz/ipo-bound-practo-appoints-srijesh-kumar-as-global-cpto/,Shrishti Bisht,14th April 2026,News,https://inc42.com/cdn-cgi/image/quality=90/https://asset.inc42.com/2026/04/practo-Feature-Image-490x360.png,,"IPO- bound Practo has appointed Srijesh Kumar as its global chief product and technology officer (CPTO)

Kumar will lead the product and technology teams at Practo, helping the platform grow as it scales globally

The development comes as Practo seeks to raise $100 Mn to $125 Mn in a pre-IPO funding round, expected to be a mix of equity and debt

Healthtech startup Practo , which is preparing for a public listing, has appointed Srijesh Kumar as its global chief product and technology officer (CPTO).

Kumar will lead the product and technology teams at Practo, helping the platform grow as it scales globally. He will work on bringing product and technology together, improving the platform and using healthcare data to build better and more consistent solutions.

Kumar brings over two decades of experience in building enterprise-scale platforms. He served as a vice president at Salesforce most recently, where he led product engineering for industries cloud. Prior to that, he held leadership roles at Expedia Group and Punchh. Earlier, he also worked at Adobe and Microsoft.

The development comes as Practo seeks to raise $100 Mn to $125 Mn in a pre-IPO funding round , expected to be a mix of equity and debt, as reported exclusively by Inc42 earlier. The round is likely to be led by a global private equity firm, with participation from existing investors, at a reported valuation of around $700 Mn.

The startup plans to use the fresh capital to fund expansion and acquisitions. While it was earlier targeting a listing this year, Practo is now expected to go public in 2027.

The Bengaluru-based healthtech startup is accelerating integration of AI across its platform to improve care delivery, patient experience, and provider tools. It continues to scale in India while expanding its footprints in international markets such as the US and the UAE.

Last month, Practo also appointed Cijo George as vice president of AI to lead its AI strategy across the platform.

Founded in 2008 by Shashank ND and Abhinav Lal, Practo helps users find doctors, book consultations, order medicines, and schedule diagnostic tests, while also offering SaaS tools for clinics and hospitals, including appointment management and digital health records.

The platform claims to connect users with over 7 Lakh doctors and healthcare providers, and also powers hospitals and clinics through Insta, its hospital management system used by more than 500 clients across 1,200+ facilities globally.

It has raised nearly $230 Mn to date from investors like Tencent, Peak XV Partners, Z47 Partners, and Sofina.

Earlier, sources told Inc42 that Practo’s revenue grew about 35% YoY in FY26, which would translate to about ₹315 Cr. The startup reported an operating EBITDA of ₹15 Cr on revenue of ₹234 Cr in FY25, compared to an EBITDA loss of ₹17 Cr in FY24.

The startup said it audited over 1,000 healthcare establishments and processed more than 4 Cr clinical data points in FY25, while expanding its network to over 1.5 Lakh hospitals.

Last month, Practo cofounder Shashank’s new preventive healthcare venture ‘Cent’ came out of stealth mode and raised about $5 Mn."
Edtech,Info Edge Appoints Former Bennett Coleman CFO Himanshu Agarwal As Finance Chief,https://inc42.com/buzz/info-edge-appoints-former-bennett-coleman-cfo-himanshu-agarwal-as-finance-chief/,Anjali Jain,27th June 2026,News,https://inc42.com/cdn-cgi/image/quality=90/https://asset.inc42.com/2026/06/Info-Edge-CFO_ftr-490x360.jpg,,"Himanshu Agarwal will assume the new position on September 17, 2026 while interim CFO Ambarish Raghuvanshi will continue to lead the finance function

He is currently a whole-time director and CFO at pharma major Cohan Lifesciences and has held the position of CFO across various firms over the past 15 years

Info Edge is among the oldest internet companies in the country operating Naukri, 99acres, Jeevansaathi Aisle and Shiksha

Naukri parent Info Edge has appointed veteran finance executive Himanshu Agarwal as its new CFO, nearly a year after former finance chief Chintan Thakkar stepped down.

Agarwal will assume the new position on September 17, 2026, Info Edge said in an exchange filing. In the meantime, interim CFO Ambarish Raghuvanshi will continue to lead the finance function.

Raghuvanshi was appointed the interim CFO after Thakkar resigned in August last year to take up the role of group CEO at IAN Group (formerly India Angel Network).

Agarwal is currently a whole-time director and CFO at pharma major Cohan Lifesciences. He has held the position since January 2024. Overall, he has served as the CFO for various firms for almost 15 years. Prior to Cohan Lifesciences, he served as the CFO of Times of India-parent Bennett Coleman & Co Ltd. He also held the CFO roles at Huhtamaki, AkzoNoble India, and AstraZeneca Pharma India, as per his LinkedIn profile.

Agarwal is a qualified chartered accountant, company secretary and cost and management accountant.

He will also join Info Edge’s board as a whole-time director for a term of five consecutive years, starting September.

Info Edge is among the oldest internet companies in the country. Besides Naukri.com, it operates real estate platform 99acres, matchmaking platforms Jeevansaathi and Aisle and edtech platform Shiksha.

The company is also a prolific backer of Indian tech startups, with Eternal (then Zomato) and PB Fintech among its most successful bets. Earlier this week, Info Edge revealed it has invested ₹1,003 Cr across 54 AI and deeptech startups from 2020 until March 31, 2026.

It invested ₹614 Cr in 28 AI companies, including Aftershoot, Gnani.ai, Jurisphere, Pascal AI, and Phot.ai. The investment now stands at ₹1,268 Cr, indicating a 2.1X internal rate of return (IRR) and gross IRR of 31%.

Meanwhile, its deeptech portfolio consists of 30 startups (of which 26 are active), including Anscer Robotics, CynLr, Deepinder Goyal’s Temple, Unbox Robotics, among others.

Consumer tech continues to remain the mainstay of Info Edge’s investment thesis, with a portfolio worth ₹2,755 Cr across 45 consumer tech and consumer-AI startups. The investments have grown by a multiple of 13.5X and a gross IRR to ₹37,214 Cr at the end of FY26.

Earlier this year, Info Edge committed ₹250 Cr to a newly launched alternative investment fund (AIF), B8 Fund I.

On the financial front, Info Edge’s FY26 net profit jumped 35% to ₹1,762.8 Cr from ₹1,309.9 Cr in the previous fiscal. Meanwhile, revenue increased 15% YoY to ₹3,284.7 Cr."
Edtech,BYJU’S Lenders Seek 30% Stake In Aakash To Settle Legal Battle: Report,https://inc42.com/buzz/byjus-lenders-seek-30-stake-in-aakash-to-settle-legal-battle-report/,Gaurav Bagur,26th June 2026,News,https://inc42.com/cdn-cgi/image/quality=90/https://asset.inc42.com/2026/06/BYJU-Rise-Fall-Timeline-ftr-490x360.jpg,,"BYJU’S creditors are negotiating a settlement with Aakash to take a 30% stake in the coaching institute in exchange for dropping legal action against Byju Raveendran

If the settlement is finalised, it would resolve the high-profile legal battle that erupted over BYJU’S allegedly defaulting on a $1 Bn loan it took out in 2021

Until now, the legal drama has held up Aakash’s attempt to raise ₹500 Cr via a rights issue as BYJU’S lenders argued the move would dilute the company’s stake and degrade their recovery

Global lenders of the embattled edtech firm BYJU’S are in advanced talks to acquire a roughly 30% stake in Aakash Educational Services, an offline coaching institute partly owned by the group, at a valuation of $2 Bn.

As per a report by Reuters, lenders plan on dropping all legal actions and allegations against BYJU’S founder Byju Raveendran for a 30% stake in Aakash

The proposed equity transfer is part of the settlement to resolve the long standing legal dispute between bankrupt edtech company BYJU’S and its Term Loan B (TLB) lenders. If finalised, it would mark the conclusion to a high-profile conflict spanning courts across India, Singapore, and the United States.

This comes days after both the parties testified to the Bengaluru bench of NCLT that they are working on reaching a settlement agreement. The court deferred the case for a further hearing on July 16.

The issue began in early 2023 when US-based GLAS Trust, acting as a trustee for BYJU’S TLB  lenders, accused Raveendran of fund misappropriation.

The lenders are seeking some recovery of the over $1 Bn loan extended to BYJU’S in 2021, shortly after the company announced the acquisition of Aakash Institute. While BYJU’S already entered insolvency proceedings in 2024 at the behest of unpaid dues to BCCI, GLAS filed lawsuits in the US. The primary allegation has been that it misappropriated $533 Mn via a US-based subsidiary, BYJU’S Alpha.

Raveendran and BYJU’S have consistently denied any wrongdoing.

BYJU’S acquired Aakash in 2021 for approximately $1 Bn and it became the crown jewel of the company’s business. However, as the pandemic-era boom in online education began to fade, BYJU’S rapid expansion resulted in financial pressure that ultimately led to the aforementioned legal battle with its creditors.

While legal troubles intensified for BYJU’S, Aakash began seeing some financial strain as well. The company had to undertake a rights issue last year to ensure sustenance of its business amid the legal troubles.

With Aakash being one of the bankrupt companies; few profitable assets, BYJU’S lenders opposed the firm’s ₹500 Cr rights issue last year, to secure Think & Learn’s holding from further dilution. With BYJU’S now holding a minority stake in Aakash, the lenders argued that this stake being further diluted would further degrade the recovery of the creditors.

Meanwhile, MEMG (Manipal Education and Medical Group) has gradually shored up its holding in Aakash in recent times. It has emerged as the top stakeholder of the competitive exam prep coaching chain with about 60% stake as of now.

The Supreme Court ultimately allowed Aakash to proceed with the rights issue and asked BYJU’S parent to apply for shares not exceeding the number proportionate to its original shareholding as part of the rights issue."
Edtech,Countdown Begins: Dust May Soon Settle On BYJU'S-Aakash Ownership Battle,https://inc42.com/buzz/countdown-begins-dust-may-soon-settle-on-byjus-aakash-ownership-battle/,Shrishti Bisht,24th June 2026,News,https://inc42.com/cdn-cgi/image/quality=90/https://asset.inc42.com/2026/06/BYJU-Rise-Fall-Timeline-ftr-490x360.jpg,,"Aakash, MEMG and BYJU'S lenders are close to resolving the long-running dispute over Aakash's shareholding, with the NCLT granting time until July 16

The dispute centres on ownership and valuation of Aakash, one of the few valuable assets left in the BYJU'S group

The conflict emerged after BYJU'S financial crisis, insolvency proceedings and creditor recovery efforts brought control of Aakash into focus

Enroute to ending a long-standing legal duel, legal teams of Aakash Educational Services and the insolvency resolution professional (IRP) of Think & Learn, the parent company of embattled edtech startup BYJU’S , are close to reaching a settlement.

During a hearing at the Bengaluru bench of the National Company Law Tribunal (NCLT) yesterday, the parties informed that their efforts to settle the dispute over Aakash’s shareholding were nearing completion. They sought additional time to conclude their discussions.

Aakash’s counsel Shyam Sundar HV noted that the contours of a possible settlement were being worked out. The NCLT deferred the matter for a next hearing on July 16. The parties also have an option to approach the bench if the terms of the settlement agreement arrive before the stipulated date.

From Aakash, its largest shareholder MEMG (Manipal Education and Medical Group) and BYJU’S lenders representatives, GLAS Trust, are the parties involved in the negotiations.

The dispute revolves around the valuation and stake division of Aakash among MEMG and Think & Learn’s creditors as well as entities linked to cofounder Byju Raveendran and his family.

At the heart of the disagreement is BYJU’S-Aakash amalgamation in 2021. As the edtech giant’s financial position deteriorated and insolvency proceedings took hold, Aakash emerged as one of the group’s few assets that continued to hold significant value.

However, due to financial strain, Aakash has had to raise fresh capital to continue operations. Last year, Aakash undertook a rights issue to raise ₹500 Cr and has been working on rebuilding its long-standing competitive tests prep business.

Once labelled the crown jewel of BYJU’S, Aakash has now become a key source of recovery for the creditors of the bankrupt company.

The conflict over Aakash’s shareholding has evolved into one of the most elaborate episodes surrounding insolvency, shareholder rights, and restructuring in the Indian startup ecosystem.

The Rights Issue That Sparked The Dispute

The ongoing NCLT case arose from Aakash’s rights issue last year. Fearing dilution of BYJU’S stake, GLAS Trust and Think & Learn’s resolution professional opposed the move, arguing that any dilution of the remaining 25.75% stake would further degrade the recovery of the creditors.

Aakash and MEMG, however, maintained that the company could not indefinitely delay fundraising because one shareholder was undergoing insolvency proceedings.

The disagreement soon escalated.

What Is Being Negotiated?

The proposed settlement seeks to resolve competing claims over three key blocks of Aakash shares:

PRISM DRHP: A Look At Shareholding Pattern & Key Personnel...

Hyderabad Startup Funding Soars In H1 2026, Delhi, Mumbai Fu...

Meru Cabs Withdraws 7-Year-Old Predatory Pricing Appeal Agai...

The negotiations are centred around determining the valuation of the coaching institute chain. If successful, the settlement could help free Aakash from the broader litigation surrounding BYJU’S.

The dispute over Aakash’s shareholding has emerged as one of the most complex sagas involving insolvency, shareholder rights, and corporate restructuring in the Indian startup ecosystem.

The developments have unfolded over several years. Here’s a look at the key events that shaped the dispute.

The Rise And Fall Of BYJU’S Through Aakash’s Lens

For years, Aakash Educational Services was seen as one of BYJU’S most successful bets.

When BYJU’S acquired the coaching giant via a nearly $1 Bn deal in 2021 , it marked a defining moment in the startup’s expansion story. Riding the edtech boom, the company was rapidly scaling its global footprint, while Aakash gave it a strong foothold in the domestic test-preparation market.

To fuel its aggressive expansion plans, BYJU’S raised a $1.2 Bn Term Loan B (TLB) from overseas lenders. However, this loan emerged as one of the biggest factors which triggered the downfall of BYJU’S. According to Raveendran, taking the loan was one of the biggest mistakes he made.

“Only mistake if you ask me, which created all this is that we shouldn’t have taken this. When we had enough equity options, we shouldn’t have taken this term loan at that time in 2021,” Raveendran said in an interview to ANI last year.

The first signs of strain emerged in 2022 as the pandemic-era boom in online education began to fade. Students returned to classrooms and the economics of rapid expansion began asserting pressure on the bottom line.

Negative developments of layoffs, delayed financial filings, among others, drew attention to the company’s aggressive acquisition strategy till then. Governance concerns intensified, with Deloitte resigning as BYJU’S auditor, citing delays in receiving financial information. Representatives of major investors, including Prosus, Peak XV and Chan Zuckerberg Initiative, stepped down from its board.

The crisis deepened dramatically over time. Lenders accused BYJU’S of transferring about $533 Mn from BYJU’S Alpha to hedge fund Camshaft Capital without their approval.

However, the major escalation to the situation came after the BCCI approached the NCLT over unpaid sponsorship dues of about ₹158 Cr.

In July 2024, the NCLT admitted insolvency proceedings against BYJU’S. Although BYJU’S briefly secured relief after its director Riju Ravindran settled the BCCI dues, it proved to be short-lived. Following a challenge from GLAS Trust, which represents lenders to the $1.2 Bn loan, the Supreme Court restored the insolvency process.

The battle continued throughout 2025, spilling across multiple courts and jurisdictions. Recovery proceedings expanded, with promoters challenging aspects of the insolvency process linked to the $1.2 Bn loan in the US.

A Delaware court also held Raveendran liable for more than $1 Bn in a case tied to the alleged diversion of funds from BYJU’S Alpha.

By then, the focus had shifted from reviving BYJU’S to determining how creditors would recover their money and who would ultimately control Aakash. The dispute remains ongoing and continues to evolve.

Even as negotiations progress, cofounder Raveendran continues to face legal troubles. Earlier, Singapore High Court held him in contempt in a dispute linked to investor claims and sentenced him to six months’ imprisonment.

The HC issued a stay on the committal and surrender provisions of its May 25 civil contempt order. The decision has been contested.

Although the end of the dispute over Aakash’s holding would end a long drawn case, BYJU’S continues to be under multiple pain points.

Edited By Akshit Pushkarna Creatives By Abhyam Gusai"
Edtech,"Info Edge’s AI, Deeptech Playbook: ₹1,003 Cr Portfolio Across Over 50 Startups",https://inc42.com/buzz/info-edges-ai-deeptech-playbook-%e2%82%b91003-cr-portfolio-across-54-startups/,Gaurav Bagur,22nd June 2026,News,https://inc42.com/cdn-cgi/image/quality=90/https://asset.inc42.com/2026/06/ftr-12-490x360.jpg,,"Info Edge said it has invested ₹614 Cr into 28 AI startups and ₹455 Cr into 30 deeptech startups since 2020

Meanwhile, consumer internet remains the mainstay of its thesis as the company has invested ₹2,755 Cr across 45 companies in the sector

In total, Info Edge has backed 135 startups to date with ₹4,900 Cr in capital. Its portfolio valuation is currently ₹41,300 Cr

In a shareholders’ letter explaining its investment thesis, Zomato-backer Info Edge revealed that it has invested ₹1,003 Cr across 54 AI and deeptech startups from 2020 until March 31, 2026 .

The company labelled its “AI and deeptech portfolios represent a broad, early position across the technologies expected to shape the coming decade for India and beyond”.

Info Edge’s AI portfolio comprises 28 companies including Aftershoot, Gnani.ai, Jurisphere, Pascal AI, and Phot.ai. While it had deployed ₹614 Cr across these companies, it values its investments worth as of now to be at ₹1,268 Cr. This indicates a 2.1X internal rate of return (IRR) and gross IRR of 31%.

Meanwhile, the Naukri parent’s relatively younger deeptech portfolio consists of 30 companies (of which 26 are active). The portfolio features names like Anscer Robotics, CynLr, Manastu Space, Deepinder Goyal’s Temple, Unbox Robotics, among others,

Info Edge has poured ₹455 Cr across these 30 investments, which span deeptech sub-sectors like robotics, immuno-oncology, semiconductors, and electric mobility. The Sanjeev Bikhchandani-led company values its deeptech holdings at ₹559 Cr, indicating a 1.2X multiple and gross IRR of 15%.

Per its usual investment thesis, the investor joined the cap tables of these startups at a relatively early stage, mainly backing these companies at the IP creation and R&D stage.

To note, Info Edge is also an early-stage backer of consumer tech unicorns like Eternal and PB Fintech. Info Edge’s two largest bets — Eternal and PB Fintech — alone account for substantial valuation of its portfolio. At the end of the March quarter (Q4 FY26), its invested amount in Eternal and PB Fintech stood ₹722.3 Cr.

While it is doubling down on deeptech, Info Edge continues to view consumer internet as the mainstay of its investing franchise. It has invested ₹2,755 Cr across 45 consumer tech and consumer-AI startups till date. The investments have grown by a multiple of 13.5X and a gross IRR to ₹37,214 Cr at the end of FY26.

However, its consumer internet investment thesis is now shifting towards AI.

“We also believe leading consumer businesses built in the pre-AI era have significant scope to reimagine their consumer touchpoints, product offerings, customer service and internal operations using AI which is playing out across our portfolio companies and in our own operating businesses like Naukri,” Info Edge’s shareholder note read.

In total, Info Edge reported that it has invested ₹4,900 Cr across 135 startups to date. Its portfolio is now valued at ₹41,300 Cr, signalling a 8.4X multiple and gross IRR of around 33%. Out of the sum invested, the company noted that external limited partners supplied ₹1,300 Cr via managed AIFs, with the remainder coming from Info Edge’s balance sheet.

Delving Into Info Edge’s Investment Thesis

In the letter, Info Edge’s cofounder Bikhchandani summarised the firm’s investment strategy as follows: “identify exceptional founders early, invest before consensus forms, and stay invested longer than most others are willing to.”

In accordance with this, Info Edge began evaluating and backing AI startups as early as 2020, way before the AI sector began to boom. This enabled it to build long-term relationships with founders and enter at an attraction valuation before sectors like AI became a consensus investment.

“Having built and scaled internet businesses ourselves allows us to be useful to founders in ways that go beyond the cheque,” Bikhchandani said.

Info Edge also enjoys a unique advantage as an operator-backed investor. The company deploys capital generated from Naukri’s cash flows through its own balance sheet, which constitutes the largest source of capital across its AIFs.

On the financial front, Info Edge’s FY26 net profit jumped 35% to ₹1,762.8 Cr from ₹1,309.9 Cr in the previous fiscal. Meanwhile, revenue increased 15% YoY to ₹3,284.7 Cr.

Given the strong financials, Info Edge’s investment team is not under constant pressure to raise external funds, allowing it to focus on sourcing promising startups, making investments, and managing its portfolio.

On identifying potential investment opportunities, Info Edge aims to back early-stage Indian startups that aim to be category creators and disruptors. For deeptech, the company further evaluates opportunities even before generalist investors typically evaluate such ventures.

Furthermore, Bikhchandani laid out several tenets of Info Edge’s investment philosophy:

A message from : Mobavenue AI Tech Limited is an AI-Powered AdTech and Consumer Growth platform helping brands reach high-intent audiences through data-driven, scalable, and transparent marketing solutions. Learn More"
Edtech,"NEET, Telegram Ban And The Edtech Void",https://inc42.com/features/neet-telegram-ban-and-the-edtech-void/,Nikhil Subramaniam,21st June 2026,In-Depth,https://inc42.com/cdn-cgi/image/quality=90/https://asset.inc42.com/2026/06/ftr-5-490x360.jpg,,"The NEET crisis, the reactive Telegram ban and the plight of millions of students exposed a massive edtech gap in India. Where is the technology in Indian education?

The paper leaks, the cancellation and the rescheduling of the NEET-UG examination has thrown the lives of over 2.2 Mn medical college aspirants into disarray. It has also exposed a recurring, systemic crisis of integrity in the Indian education system.

In the wake of public outrage over the past month, the central government’s response was to target the digital messenger and restrict access to Telegram. This response has drawn the ire and the attention of nearly every home in the country.

Later today, millions of students will once again take the NEET exam and their fate will once again rest on the hope that this time there will be no leaks. If indeed that’s not the case, the ban on Telegram will start to look gravely misplaced.

Acting under Section 69A of the Information Technology Act, the government temporarily put a ban on Telegram in India and has even likened it to the dark web .

As Telegram took the fight to the Delhi High Court, the court declined to interfere with the government’s blocking orders and Telegram is inaccessible in India till June 22 at the very least.

The court found that the requirements of natural justice were satisfied and that the power to block “information” is wide enough to permit the blocking of an entire platform.

Nevertheless, the drastic measure has severely divided the legal, cybersecurity, and policy communities. For some, the ban represents a necessary exercise of state leverage.

Lawyers we spoke to say the government has the authority to suspend apps if there is a reasonable basis to view the platform as a conduit for criminal activity that has failed to mitigate risks. The question being asked is whether this was justified.

But beyond this, the situation is an indictment of the Indian edtech ecosystem. Even as millions of students are affected, the Indian education ministry is still floundering to figure out a solution and edtech companies are busy running coaching classes. In the age of AI, the only clear response from the government has been to ban AI, rather than work with Indian startups and tech companies to figure out a solution at scale.

Before we get to that, let’s see what the ecosystem has to say about the ban on Telegram.

Why The Hammer On Telegram?

Sohini Mandal, founder of Nilaya Legal, adds that this is the first time the government has imposed a platform-wide ban, arguing that because it is for a very short period, it meets the test of proportionality as the least restrictive mechanism available to prevent student extortion.

This perspective is rooted in the reality of uncooperative tech giants. As Rahul Rai, cofounder of law firm Axiom5, pointed out, the act of leaking is the core wrongful conduct, and Telegram is merely a means of dissemination.

“If the government has secured evidence of the paper being tossed around by a set of masked IDs and seeks their identities. What can the Indian government do when an app like Telegram just simply refuses to cooperate?” he wondered.

Others echo this, noting that temporary bans create friction, reduce immediate dissemination risks, and establish accountability expectations for intermediaries.

Responding to the court’s statements, the Internet Freedom Foundation (IFF) warned that treating the speech of a whole population as a single switch to be turned off sets a concerning precedent for the open internet, noting that a temporary duration does not automatically satisfy the standard of choosing the least restrictive means.

However, many experts argue that treating the symptom ignores the disease.

Maheshwer Peri, founder of Careers360, calls the move extremely short-term and myopic. “You need to plug the loophole, which is the leak, not the distribution,” he argues. “Tomorrow, if there’s something on YouTube, you’ll ban it. You actually have to go after people who are spreading false messages instead of targeting one platform.”

Fibe IPO Pitch: More Than A Personal Loan Platform, But Will...

India Trains The World’s Robots, But At What Cost?

D2C’s New Media Playbook

Others cautioned against mistaking disruption for resolution, warning that organised fraud networks are highly fluid and quick to adjust, while the root causes—insider compromise, weak controls, and poor verification—remain untouched.

Furthermore, the collateral damage is already immense. Several students have died by suicide in the aftermath of the cancellation and this has spurred the government to act faster against the leaks, but there’s no guarantee that the examination this afternoon will be free from these concerns.

Tech policy adviser Pranesh Prakash argues that many of these Telegram channels are actually seeking to scam students with fake leaks by backdating edited messages. He suggests the government should instead follow the money trails of these scammers, as UPI possesses multiple layers of KYC. “The necessity test doesn’t pass, the proportionality test doesn’t pass.”

Prakash asserted that millions of lawful exam aspirants are harmed by losing access to legitimate study resources. These users have been cut off due to the actions of a few subsets they have no connection to. In many cases, this includes teachers who legitimately conduct quizzes and catch-ups on Telegram.

In the wake of the ban, even these scrupulous users who are not hiding being fake accounts or bots have to find new means and this disruption could prove costly so close to the exam date.

Anirudh Rastogi, founder of Ikigai Law, warns of the dangerous precedent this ruling sets: “In the future, if a government wants to shut down an app before an election or during a protest, it will rely on this precedent. The ‘temporary’ framing makes it more concerning because that is precisely what makes it so easy to invoke.”

Edtech Leaves A Gaping Void

Amidst this chaotic cycle of NEET paper leaks and the temporary ban on Telegram, a glaring realisation emerges. Where is technology in the education sector?

Edtech in India has become a byword for coaching prep and cohort-based learning (skilling and certification) All three have parallels in that they are aiming to replicate the offline experience, but no true IP-led tech product has emerged that is solving the real problems in the Indian education system.

The blame is not only on founders, but also on the government and the education ministry, which has not done enough to boost tech adoption to solve problems at scale.

This mirrors India’s deficiencies in deeptech, though the factors at play at different. It’s not that Indian founders and startups do not have the technical proficiency to solve these problems, but that the ecosystem has not been built for such long-haul plays.

Investors in India are overwhelmingly driven by the pursuit of rapid, outsized returns, effectively pushing founders toward consumer-facing applications, SaaS models, or high-margin edtech test-prep platforms, whilst shying away from arduous, infrastructural B2G (business-to-government) problems.

It’s no wonder then that startups shy away from solving the hardest problems, or struggle to scale and sustain themselves without VC funds in the initial periods. Solving the problems related to NEET, CUET, JEE and other large scale tests involves painful and long engagement cycles with government departments and it has a higher degree of difficulty.

For all the billions of dollars poured into India’s booming educational technology sector over the past decade, the ecosystem has entirely failed to tackle the root causes of examination fraud.

A senior faculty member at PhysicsWallah noted off the record that platforms like Telegram have democratised learning, helping teachers reach students in Tier II and III cities who previously lacked access to immediate resources.

But the NEET leak highlights severe risks. “While temporary restrictions might be an understandable immediate precaution, they stressed that long-term solutions are needed, including stronger security measures, stricter action against cheating, and greater accountability at every level,” the senior PW exec added.

Teachers feel that platforms need to dedicate true effort toward creating IP-led technology that can survive the real world challenges over several generations. Building something of this magnitude demands years of painstaking, unglamorous engagement with lethargic government bodies, fragmented state-level authorities, and cautious policymakers.

Where Is The Real Edtech Innovation?

But that doesn’t mean change cannot come. On the academic side, some ideas have been floated on how testing can be revamped through tech, even though these ideas have yet to be implemented on a nationwide scale.

A clear example of how structural redesign can be implemented is the Secure National Examination Conduction System (SNECS), proposed by Dr Santosh Ramrao Butle. SNECS outlines a paradigm where no question paper exists in a readable physical or digital format anywhere in the country until precisely 30 to 60 minutes before the exam begins.

Dr Butle is a professor in the School of Pharmacy at Swami Ramanand Teerth Marathwada University in Nanded, Maharashtra and has direct operational experience managing hybrid-mode examinations for approximately two to three lakh students across more than a hundred centres annually.

SNECS has been submitted as a formal policy proposal to the National Testing Agency and the Ministry of Education but so far the system has not been considered for national-level implementation.

Under SNECS, AI automatically selects questions from a massive, secure repository. The final paper is locked in high-grade encryption that requires simultaneous authorisation from multiple independent institutions to unlock, and is printed directly at the examination centres. Coupled with stringent biometric verification, systems like SNECS illustrate the true potential of applied technology.

The fact that solutions like SNECS or blockchain-secured frameworks remain largely conceptual is a damning indictment of India’s innovation priorities. And here the blame also falls on the Indian government which has shown lethargy when it comes to revamping key sectors such as education and agriculture. A lot of focus is on modernising school infrastructure, but when students are forced to protest on the streets or harm themselves, questions need to be asked.

The recurrence of paper leaks that affect millions of students is not a question of technological capacity, but of intent. Because the broader edtech ecosystem has failed to tackle this foundational problem, the state is forced to resort to stopgap, reactive measures like banning Telegram or going after online dissent.

If we are to future-proof the integrity of examinations in India, it is time for a drastic pivot. The continuous cycle of leaks, sporadic arrests, and public outrage will persist as long as human hands are allowed to handle examination papers.

It is time that India’s edtech ecosystem steps up to the plate. The problem is clear and present, and the willingness to change things at an all-time high. If this does not spur an edtech renaissance in India or a second coming after the bitter taste left behind by BYJU’s or the fate of dozens of other startups, then there can be little hope for edtech in India."
Edtech,AR/VR Startup AutoVRse Raises $2.4 Mn For International Expansion,https://inc42.com/buzz/ar-vr-startup-autovrse-raises-2-4-mn-to-fuel-international-expansion/,Lokesh Choudhary,15th June 2026,News,https://inc42.com/cdn-cgi/image/quality=90/https://asset.inc42.com/2022/09/vr-featured--490x360.png,,"AutoVRse, a startup that provides AR/VR training to enterprises, has raised $2.4 Mn (₹22.7 Cr) in a funding round co-led by Singularity AMC and existing investor Lumikai

The fresh capital will help it fuel its international expansion in  North America and Europe while also helping strengthen product offerings

The startup claims to serve more than 50 enterprise customers globally, including Amazon, Shell, Bosch, NTPC, HDFC Bank, JSW Steel and Vedanta

AutoVRse , a startup that provides AR/VR training to enterprises, has raised $2.4 Mn (₹22.7 Cr) in a funding round co-led by Singularity AMC and existing investor Lumikai.

The fresh capital, which comes about two years after AutoVRse’s $2 Mn seed round, will help it fuel its international expansion in  North America and Europe while also helping strengthen product offerings.

The startup claims to serve more than 50 enterprise customers globally, including Amazon, Shell, Bosch, NTPC, HDFC Bank, JSW Steel and Vedanta.

It claims that its platform is being used by more than 5 Lakh workers across North America, Europe, India and the East Asian market. AutoVRse further claimed that it has crossed $8 Mn in annual recurring revenue (ARR) within 12 months of rolling out its global product and has been growing revenue at 250% YoY.

Founded in 2016 by Ashwin Jaishanker and Adarsh Muthappa, AutoVRse develops AI-powered training and field-assistance tools for industrial workers. Its offerings include virtual reality (VR)-based training modules and smart glasses-enabled guidance systems used across sectors such as manufacturing, pharmaceuticals, energy and healthcare.

The startup’s core platform, VRseBuilder, captures operational workflows from experienced workers and converts them into structured data that can be used for applications such as VR training, digital twins, remote assistance and AI-powered field guidance.

Earlier, AutoVRse secured $2 Mn in a seed funding round led by Lumikai in February 2024. The round also saw participation from TensorFlow cofounder Rajat Monga and Jumper.ai founder Yash Kotak.

At the time of its 2024 funding round, AutoVRse had said it would use the capital to strengthen VRseBuilder and expand its presence in the US market by building a dedicated B2B sales team.

The fundraise comes amid growing investor interest in startups building AI products for enterprise and industrial use cases. Over the past few months, investors have backed a number of specialised AI startups rather than broad consumer AI plays.

While AI-based call management startup Equal AI nabbed $30 Mn from Prosus and Tomales Bay Capital last week, enterprise AI video platform TrueFan AI raised $10 Mn from investors like Baring PE India and Z3Partners earlier in June

The trend reflects a broader shift in India’s startup ecosystem, where investors are increasingly backing startups with domain-specific AI applications in sectors such as manufacturing, enterprise software, semiconductors and industrial automation.

Funding for AI startups gained significant traction in the first quarter of 2026 , with investors pouring in $253 Mn across 29 deals during the period. The increasing deal activity suggests that while cheque sizes may still be evolving, AI is becoming a structural theme in venture investing."
Edtech,Relief For Byju Raveendran: Singapore HC Stays Jail Sentence,https://inc42.com/buzz/relief-for-byju-raveendran-singapore-hc-stays-jail-sentence/,Lokesh Choudhary,12th June 2026,News,https://inc42.com/cdn-cgi/image/quality=90/https://asset.inc42.com/2026/02/BYJUS-bankruptcy-490x360.jpg,,
Edtech,Meta Partners Reliance To Set Up First Data Centre In India,https://inc42.com/buzz/meta-partners-reliance-to-set-up-first-data-centre-in-india/,Anjali Jain,10th June 2026,News,https://inc42.com/cdn-cgi/image/quality=90/https://asset.inc42.com/2025/08/Meta-Jio-ftr-490x360.jpg,,
Edtech,"Klassroom Receives In-Principle Approval For SME IPO, Targets Q2 FY27 Listing",https://inc42.com/buzz/klassroom-eyes-going-public-in-q2-fy27-secures-in-principle-approval-for-sme-ipo/,Lokesh Choudhary,8th June 2026,News,https://inc42.com/cdn-cgi/image/quality=90/https://asset.inc42.com/2023/06/Klassroom-Edutech-feature-490x360.png,,
Edtech,CCPA Slaps Fine On PhysicsWallah Over Dark Pattern Violations,https://inc42.com/buzz/ccpa-slaps-fine-on-physicswallah-over-dark-pattern-violations/,Lokesh Choudhary,4th June 2026,News,https://inc42.com/cdn-cgi/image/quality=90/https://asset.inc42.com/2024/08/Weekly-NL-Physicswallah-ftr1-490x360.png,,
Edtech,PhysicsWallah Reverses Course On Student Lending; Shares Surge Nearly 18%,https://inc42.com/buzz/physicswallah-reverses-course-on-student-lending-shares-surge-nearly-18/,Shrishti Bisht,4th June 2026,News,https://inc42.com/cdn-cgi/image/quality=90/https://asset.inc42.com/2025/11/PhysicsWallah-IPO-ftr-2-490x360.jpg,,"PhysicsWallah has scrapped its plan to extend student loans through its wholly owned NBFC subsidiary, FinZ Finance, and will instead partner with regulated third-party NBFCs

The company said the move is aimed at reducing balance sheet exposure and credit risk, shifting to an asset-light model for student financing

Following the announcement, shares of PhysicsWallah rose as much as 17.8% to ₹108.45 on the BSE

Update | June 4, 2026, 16:06 IST

Shares of PhysicsWallah ended today’s trading session 15.6% higher at ₹106.50 apiece on the BSE. Its market capitalisation stood at ₹30,763.6Cr (about $3.2 Bn) at end of the day.

Original Story | June 4, 2026, 12:13 IST

Edtech major PhysicsWallah has rolled back its plan to provide financing to students through its wholly owned NBFC subsidiary, FinZ Finance.

In a statement today, the Alakh Pandey-led company said it is restructuring its lending strategy and has tied up with multiple “leading” regulated third-party NBFCs to enable student lending needs.

“This decision reverses the company’s earlier approach and is intended to materially reduce balance sheet and credit related risks for the company,” the company said.

Notably, the company’s shares were under pressure since it announced its decision to infuse ₹120 Cr into FinZ Finance last week. Following the announcement today, the shares surged as much as 17.8% to touch an intraday high of ₹108.45 on the BSE.

“We received feedback from our partners that our core strength lies in building communities and our online business. Our lending business is best left to regulated third-party NBFCs who have created robust underwriting capabilities,” PhysicsWallah cofounder Prateek Maheshwari said on the change in the company’s plans.

The edtech major said it will continue operating as a technology platform that connects PhysicsWallah students with a curated network of regulated lending partners, with loan offerings tailored to a student’s learning lifecycle and academic progress.

The company added that the objective is to improve affordability and accessibility while making the financing model more scalable and better integrated into its student ecosystem.

On FinZ Finance, PhysicsWallah said the future strategic direction of the NBFC arm will be decided in the near term, subject to approval from the board and relevant regulatory authorities.

Last week, PhysicsWallah reported a 76% decline in its consolidated net loss to ₹69.1 Cr in Q4 FY26 from ₹289.3 Cr in the same quarter last year. The edtech major had posted a profit of ₹102.3 Cr in Q3 FY26. Operating revenue for the quarter rose 51% YoY to ₹918.8 Cr. Sequentially, it declined 15% from ₹1,082.4 Cr.

Student Credit Models Under Rising Scrutiny

PhysicsWallah’s U-turn comes after its decision to enter student financing raised concerns among shareholders, given the edtech sector’s troubled history with the segment. Earlier this week, Inc42 reported in detail about the challenges which PhysicsWallah will face by lending from its own books , with the biggest among them being maintaining lending discipline and keeping regulatory risks in check.

Caution around education financing in India’s edtech sector has been rising. During the industry’s high-growth phase, easy access to credit helped remove upfront affordability barriers, drive enrolments, and support the scale-up of higher-priced online and offline courses.

Over time, however, the model came under greater scrutiny as the sector matured. Concerns emerged around aggressive sales practices linked to financing, rising dependence on loan-backed enrollments and repayment stress in certain cases.

What began as a tool to improve affordability gradually became a growth lever tied closely to conversion targets, raising questions about sustainability and incentive alignment. The most cited example of this remains BYJU’S, which used third-party lenders to finance expensive learning programmes during its growth phase.

While this helped the edtech startup grow quickly at first, it later faced regulatory scrutiny, customer complaints, and allegations of mis-selling and aggressive recovery practices. Eventually, this damaged trust in edtech financing models and highlighted the risks of linking loans with student enrolments.

Against this backdrop, investors have become increasingly cautious about edtech companies expanding into lending-led models, particularly where financing and enrollment incentives overlap."
Edtech,Can PhysicsWallah Be Both Educator & Lender?,https://inc42.com/features/can-physicswallah-be-both-educator-lender/,Akshit Pushkarna,1st June 2026,In-Depth,https://inc42.com/cdn-cgi/image/quality=90/https://asset.inc42.com/2026/05/ftr-copy-490x360.jpg,,"PhysicsWallah is betting big on student lending through its NBFC arm FinZ Finance, hoping to turn affordability into its next growth engine. However, the edtech major now faces the bigger challenge: scaling education loans while keeping lending discipline and regulatory risks in check

In a move that echoes a controversial chapter in India’s edtech history, PhysicsWallah (PW) is betting big on student financing.

During the sector’s boom years, education loans emerged as a powerful growth lever for startups. Easy credit helped remove upfront affordability barriers, drive enrolments and support the sale of higher-ticket courses.

The strategy worked, at least for a while. But the model eventually began to unravel. The most prominent casualty was BYJU’S. Its aggressive reliance on third-party lenders to finance expensive courses triggered regulatory scrutiny, customer backlash and allegations of mis-selling. Financing stopped looking like a conversion tool and started looking like a structural risk.

Now, PhysicsWallah is positioning its lending business as a new growth engine. The company believes it can scale education financing while avoiding the pitfalls that ensnared many of its peers.

So, what gives PhysicsWallah this confidence? And can it build a lending business without repeating the mistakes that tarnished edtech’s first experiment with credit?

PhysicsWallah’s Lending Ambitions

Ahead of reporting its FY26 earnings on Wednesday (May 27), the listed edtech major approved a capital infusion of ₹120 Cr into its wholly owned NBFC arm, FinZ Finance. The company said the move is aimed at expanding access to education loans for students for whom affordability remains a barrier.

In a post-earnings call, PhysicsWallah cofounder Prateek Boob said that FinZ began operation nearly two years ago via external lending partnerships. Over the past two years, PhysicsWallah disbursed education loans of over ₹200 Cr, while keeping NPAs below 1%.

“These are small-duration loans of less than one year,” Boob said during the call. Around 70% of these loans were extended to PhysicsWallah students, while the remaining 30% went to external learners.

Encouraged by early traction, PhysicsWallah decided to bring the lending business in-house through FinZ Finance, which received an NBFC licence in September 2025 and commenced operations in March earlier this year.

The company said that the NBFC licence will improve affordability and access for students from lower-income households. Its management also stressed that PhysicsWallah does not intend to deploy significant capital into the business despite the loans sitting on its own balance sheet.

The business rationale is straightforward. However, the sector’s history with education financing raises legitimate questions about whether the model can scale sustainably.

Before examining those concerns, it is worth noting that PhysicsWallah is entering the lending business from a position of strength. With a healthier balance sheet and improving profitability, the company appears to view financing as a calculated risk aimed at unlocking its next phase of growth.

A Strong FY26 Gives PhysicsWallah Room To Experiment

In FY26, PhysicsWallah managed to slash its net loss by 90% to ₹24.2 Cr from ₹243.3 Cr in FY25. Operating revenue surged 35% YoY to ₹3,899.5 Cr.

Consolidated EBITDA more than doubled to ₹549 Cr, while profit before tax stood at ₹10 Cr against a loss of ₹259 Cr in FY25.

The company’s online business remained the primary growth engine, with its revenue growing 39% YoY to ₹1,954 Cr in FY26. More importantly, growth is increasingly coming from outside the company’s traditional JEE-NEET franchise.

As per Boob, the revenue from state board programmes surged 9X YoY during the year, while Curious Junior — PhysicsWallah’s K-8 platform — grew 4X. Foundation, CUET and UPSC categories also gained traction as the company continued diversifying away from its dependence on engineering and medical entrance preparation.

Following a strong FY26, the management now expects overall revenue to grow 30% in FY27, alongside a 2X increase in pre-Ind AS EBITDA.

The company has also recalibrated its capital allocation priorities. During the call, Boob said PhysicsWallah has pivoted its K-12 expansion strategy away from a capex-heavy model of setting up schools toward an asset-light approach centred around state boards, school integration partnerships (SIPs), and online-first categories.

Fibe IPO Pitch: More Than A Personal Loan Platform, But Will...

India Trains The World’s Robots, But At What Cost?

D2C’s New Media Playbook

Under the SIP model, the company partners with schools and deploys faculty and curriculum infrastructure inside existing campuses instead of building schools outright. According to the management, revenue from SIPs tripled during FY26.

Simultaneously, the Alakh Pandey-led company seems to have sharply moderated its earlier appetite for acquiring and operating schools directly. Instead, the management now appears focused on improving returns from the company’s existing offline network.

Offline Business Gains Momentum

The company’s offline vertical also saw strong growth in the last fiscal year. Its offline centre count increased to 353 from 198 at the end of FY25, while offline revenue grew 31% YoY to ₹1,774 Cr. The revenue from the offline segment accounted for 45% of the total operating revenue during the year.

According to the management, nearly 60% of its Vidyapeeth centres are now profitable, while centres opened in 2023 and 2024 have already turned EBITDA positive. Offline EBITDA margins improved to -10% in FY26 from -19% in FY25.

The company now expects its offline business to turn profitable at a group level in FY27. “We are very confident of achieving PAT-level profitability in FY27,” Boob said.

While increasing offline centres can be a concern in terms of losses, Anand Rathi Investment Banking’s executive director Atul Thakkar believes PhysicsWallah’s course diversification push is aimed at reducing the risks associated with running a large offline coaching network dependent on a handful of exam categories.

“An offline centre built purely around JEE or NEET coaching is a high fixed-cost asset tied to one exam cycle. What makes PhysicsWallah’s strategy more defensible is that management appears conscious of this risk and is diversifying accordingly across state boards, commerce, vernacular content and K-12,” he said, adding that investors should view it “less as an edtech company with centres and more as an education institution with strong digital delivery capabilities”.

But as PhysicsWallah expands into higher-ticket offline offerings through its Vidyapeeth centres, state board programmes and premium online courses, affordability will increasingly emerge as a key challenge, particularly in Tier II & III markets.

This is where FinZ Finance enters the picture.

Can FinZ Unlock The Next Leg Of Growth?

Financing helps smoothen conversion friction without forcing the company to discount products. Thakkar believes FinZ has the potential to become a meaningful monetisation lever over the next few years.

“At 10-12% loan penetration over the next two to three years, FinZ becomes a material contributor to revenue per student and to conversion on premium products,” he said.

He also argued that PhysicsWallah possesses a structural underwriting advantage unavailable to traditional lenders. “Credit risk is better understood here than in conventional consumer lending. Borrowers are already enrolled students. Repayment behaviour can be correlated with course completion and outcomes.”

This advantage becomes particularly relevant because many PhysicsWallah users come from first-time borrower households with limited formal credit histories. Traditional lenders typically either reject such customers or price loans aggressively. PhysicsWallah, meanwhile, believes its student engagement and academic performance data can help underwrite these borrowers more effectively.

The model makes strategic sense on paper. But India’s edtech sector has already demonstrated how quickly education financing can become a liability.

No matter how PhysicsWallah frames its NBFC ambitions, comparisons with BYJU’S are inevitable. The poster child of India’s edtech boom relied heavily on partnerships with fintech lenders during its years of aggressive expansion to finance high-cost tablet-based learning programmes. While the model helped drive enrolments, it later drew widespread criticism over alleged mis-selling, coercive recovery practices and mounting debt burdens on families.

The fallout significantly eroded trust in edtech financing models.

PhysicsWallah’s structure is clearly different. Unlike BYJU’S, the company owns the NBFC directly instead of relying on external fintech partnerships. But the deeper concern is not regulatory architecture, it is incentive alignment.

According to Thakkar, the key risk is what happens when the same institution controls both admissions and financing.

“Running an NBFC alongside edtech creates an inherent conflict between the interest of the lender and the interest of the educator. When the same entity that profits from enrollment also controls the financing that enables enrollment, the incentive structure can get distorted,” he said.

“This is not a hypothetical, it is exactly what went wrong for some of PhysicsWallah’s peers. Regulatory scrutiny on this specific dynamic is only going to intensify, and management will need to demonstrate a clean operational firewall between FinZ and the core business consistently,” Thakkar added.

Why Investors Are Nervous

History suggests financing can gradually reshape how education businesses operate. Admissions teams begin prioritising financing-eligible courses. Loan approvals become embedded inside counselling conversations. Growth targets start influencing underwriting quality. And, eventually, financing shifts from being an affordability tool to becoming a demand-generation mechanism.

This has triggered some caution from brokerages as well. Earlier this week, JM Financial downgraded PhysicsWallah from ‘Buy’ to ‘Add’, partly citing concerns around the NBFC investment creating an “overhang” on the stock.

The brokerage raised questions around capital allocation discipline and the long-term implications of PhysicsWallah deploying shareholder capital into student lending.

To be fair, the company’s current exposure remains relatively modest. The initial ₹120 Cr capitalisation is minuscule compared to its treasury of ₹5,027 Cr at the end of FY26. The management repeatedly stated that the company does not intend to deploy “significant capital” into lending.

But lending businesses rarely stay small if they work. If FinZ materially improves offline conversion and drives uptake of premium offerings, the incentive to scale its loan book aggressively could increase significantly.

This is where discipline will be critical. Whether FinZ becomes a competitive advantage or a future headache will depend on execution. PhysicsWallah’s challenge will be to continue behaving like an education company while simultaneously operating like a lender.

MARKETS WATCH: NEW ISSUES, POST-IPO JOURNEY & MORE

Edited by Vinaykumar Rai Creatives by Varshita Srivastava

A message from StockGro is an investment advisory app where trade ideas from certified experts and AI research help you invest in the right stock. Spot the opportunity behind every headline explore StockGro."
Logistics,"After Alpha Wave & Nexus, SoftBank Pares Stake In Delhivery To 7.61%",https://inc42.com/buzz/after-alpha-wave-nexus-softbank-pares-stake-in-delhivery-to-7-61/,Shrishti Bisht,25th June 2026,News,https://inc42.com/cdn-cgi/image/quality=90/https://asset.inc42.com/2025/08/Delhivery-Q2-ftr-1-490x360.jpg,,
Logistics,Alpha Wave Ventures Exits Delhivery Via ₹665 Cr Bulk Deals,https://inc42.com/buzz/alpha-wave-ventures-sells-delhivery-via-%e2%82%b9665-cr-bulk-deals/,Lokesh Choudhary,24th June 2026,News,https://inc42.com/cdn-cgi/image/quality=90/https://asset.inc42.com/2025/08/Delhivery-ESOP-featured-490x360.png,,"Alpha Wave has parsed its stake in logistics major Delhivery by selling shares worth about ₹665 Cr via multiple bulk deals today

As per bulk deal data on the exchanges, Alpha Wave Ventures, via its holding entity Alpha Wave Ventures, LP, offloaded 72.22 Lakh shares  each on the BSE and NSE

While the investor offloaded shares at ₹460.36 apiece on the NSE, it offloaded the same number of shares at ₹460.03 apiece

Venture capital (VC) firm Alpha Wave has parsed its stake in logistics major Delhivery by selling shares worth about ₹665 Cr via multiple bulk deals today.

As per bulk deal data on the exchanges, Alpha Wave Ventures, via its holding entity Alpha Wave Ventures, LP, offloaded 72.22 Lakh shares  each on the BSE and NSE.

While the investor offloaded shares at ₹460.36 apiece on the NSE, it offloaded the same number of shares at ₹460.03 apiece. Cumulatively, the investor sold 1.44 Cr shares for about ₹665 Cr.

This marks a complete exit for Alpha Wave. The investor held 1.44 Cr shares at the end of the March quarter.

Based on Delhivery’s outstanding share capital, the cumulative sale translates to nearly 2% of the company.

Notably, Alpha Wave Ventures initially invested in Delhivery prior to its Initial Public Offering (IPO) in 2021, eventually participating as an anchor investor during the IPO in May 2022.

The transaction comes amid a broader trend of early investors monetising their holdings in the listed logistics company.

Yesterday, Nexus Venture Partners sold 43.24 lakh shares worth ₹208 Cr at ₹481 apiece . That marked Nexus’ third stake sale in the June quarter. Earlier in April, the venture capital firm had sold shares worth ₹530 Cr and another 40 lakh shares worth ₹186 Cr in separate transactions.

Nexus has been steadily reducing its exposure to Delhivery since the company’s public listing in 2022. Following its April 8 sale, the combined stake held by Nexus Ventures III and Nexus Opportunity Fund fell to 3.55%, according to regulatory filings.

With the subsequent stake sales, its holding is expected to decline further, although the exact figure will only become clear once Delhivery releases its June quarter shareholding pattern.

The recent exits come at a time when Delhivery has reported improving financial performance. For FY26, the logistics major posted a net profit of ₹321 Cr, up 8% YoY. Revenue from services grew 17% to ₹10,486 Cr during the year.

Shares of Delhivery increased 0.86%, closing at ₹476.5 on the BSE on Tuesday."
Logistics,Nexus Venture Partners Sells More Delhivery Shares Worth ₹208 Cr,https://inc42.com/buzz/nexus-venture-partners-sells-more-delhivery-shares-worth-%e2%82%b9208-cr/,Lokesh Choudhary,23rd June 2026,News,https://inc42.com/cdn-cgi/image/quality=90/https://asset.inc42.com/2025/08/Delhivery-Q2-ftr-1-490x360.jpg,,"Delhivery’s early backer Nexus Venture Partners  has sold shares worth ₹208 Cr via a block deal today, marking its third stake sale within the June quarter

The venture capital firm sold 43.24 Lakh shares held under its Nexus Ventures III Ltd at ₹481 apiece

Earlier in April, Nexus sold Delhivery shares worth ₹530 Cr on April 8 and another 40 Lakh shares worth ₹186 Cr on April 15

Logistics major Delhivery’s early backer Nexus Venture Partners  has sold shares worth ₹208 Cr via a block deal today, marking its third stake sale within the June quarter. The venture capital firm sold 43.24 Lakh shares held under its Nexus Ventures III Ltd at ₹481 apiece. The deal was sealed at a price 1% higher than today’s closing price.

This adds on to the stake sales undertaken by the VC firm in the logistics major in quick succession. Earlier in April, Nexus sold Delhivery shares worth ₹530 Cr on April 8 and another 40 Lakh shares worth ₹186 Cr on April 15.

Back then, the shares were acquired by a mix of domestic and global institutional investors, including Morgan Stanley, Goldman Sachs, Edelweiss Mutual Fund, Nippon India Mutual Fund and Viridian Asia Opportunities Fund.

Nexus has been steadily reducing its stake in Delhivery since the company’s public listing in 2022. A regulatory filing made in April showed that the combined stake of Nexus Ventures III and Nexus Opportunity Fund had fallen to 3.55%, following the April 8 transaction.

With the stake sales taken into account, Nexus’ holding is likely to have reduced further, although the exact stake will only be known once Delhivery discloses its June quarter shareholding pattern.

The stake sale comes amid improving financial performance at Delhivery. In FY26, the logistics major reported an 8% YoY increase in net profit to ₹321 Cr, while revenue from services rose 17% to ₹10,486 Cr.

Founded in 2011 by Sahil Barua, Mohit Tandon, Suraj Saharan, Kapil Bharati and Bhavesh Manglani, Delhivery operates across express parcel delivery, freight, warehousing and supply chain services. The company has been focusing on improving profitability while expanding beyond its core parcel delivery business.

Shares of Delhivery closed at ₹476.5 on the BSE on Tuesday, down 1.53 % from the previous close."
Logistics,"Zypp Electric Gears For $200 Mn IPO, Eyes Listing In FY28",https://inc42.com/buzz/zypp-electric-gears-for-200-mn-ipo-eyes-listing-in-fy28/,Lokesh Choudhary,22nd June 2026,News,https://inc42.com/cdn-cgi/image/quality=90/https://asset.inc42.com/2025/11/Zypp-ftr-490x360.jpg,,
Logistics,Delhivery Shares Hit 52-Week High As Brokerages See Up To 32% Upside,https://inc42.com/buzz/delhivery-shares-hit-52-week-high-as-brokerages-see-up-to-32-upside/,Shrishti Bisht,22nd June 2026,News,https://inc42.com/cdn-cgi/image/quality=90/https://asset.inc42.com/2025/08/Delhivery-ftr-490x360.jpg,,"Shares of logistics major Delhivery surged 6.6% during the intraday trading to hit a 52-week high of ₹491.50 apiece

The rally came after upbeat brokerage commentary fuelled investor optimism about the company's growth prospects

Shares of Delhivery have gained nearly 7% in the last five trading sessions and over 8% in the past month

Update | June 22, 2026, 16:02 IST

Shares of Delhivery ended today’s trading session 5% higher at ₹483.90 apiece on the BSE. Its market capitalisation stood at ₹36,236.7 Cr (about $3.8 Bn).

Original Story | June 22, 2026, 15:21 IST

Shares of logistics major Delhivery surged 6.6% during the intraday trading to hit a 52-week high of ₹491.50 apiece on the BSE after upbeat brokerage commentary fuelled investor optimism about the company’s growth prospects.

The stock later pared some of the gains and was trading 5.2% higher at ₹484.90 at 14:56 IST. The company’s market capitalisation stood at ₹36,285.4 Cr (about $3.8 Bn) at the time.

Shares of Delhivery have gained nearly 7% in the last five trading sessions and over 8% in the past month. The stock is up over 20% year-to-date.

Today’s rally came after brokerages projected an upside of 26-32% in the stock. Last week, JM Financial reiterated its ‘BUY’ rating on Delhivery with a target price of ₹605, implying an upside of nearly 32% from the stock’s closing price of ₹459.15 on Thursday (June 18).

The brokerage said Delhivery is well positioned for strong growth in the near-to-medium term, aided by a favourable industry structure, lower-than-expected logistics insourcing by Meesho and increasing consolidation in the third-party logistics (3PL) market.

According to JM Financial, Delhivery and Shadowfax have emerged as the only scaled national logistics networks following Delhivery’s acquisition of Ecom Express, while rival XpressBees continues to face execution challenges.

The brokerage expects Delhivery’s revenue to grow about 25% YoY in FY27, with adjusted EBITDA expected to nearly triple. While rising fuel prices and wage hikes could weigh on margins in the near term, JM Financial expects profitability to rebound sharply from the second quarter of FY27 as fuel cost pass-throughs normalise and operating leverage improves.

Meanwhile, Motilal Oswal maintained a ‘BUY’ rating on the stock with a target price of ₹580, implying an upside of about 26%.

The brokerage highlighted Delhivery’s strong operational performance, noting that the company’s express segment recorded 73% YoY volume growth in the fourth quarter of FY26, aided by healthy consumption demand, increased outsourcing by customers and sustained momentum from large ecommerce players.

Motilal Oswal added that margins remained resilient due to strong shipment volumes and cost discipline. It also pointed to a turnaround in Delhivery’s part-truckload (PTL) business, where service EBITDA margins expanded to 13.4% in Q4 FY26 from negative 8.5% in Q1 FY24.

Hyderabad Startup Funding Soars In H1 2026, Delhi, Mumbai Fu...

Meru Cabs Withdraws 7-Year-Old Predatory Pricing Appeal Agai...

Proptech Startup Crib Acquires Venture Catalyst-Backed Circl...

The improvement was driven by a richer mix of SME and retail customers, rationalisation of low-profit contracts and stronger pricing discipline, the brokerage said.

Last week, Delhivery also launched ‘Delhivery Maps’, an AI-native suite of geospatial APIs for commercial logistics and navigation. The company said it is making its proprietary mapping infrastructure, previously used internally, availShares of logistics major Delhivery surged 6.6% during the intraday trading to hit a 52-week high of ₹491.50 apiece on the BSE after upbeat brokerage commentary fuelled investor optimism about the company’s growth prospects.

The stock later pared some of the gains and was trading 5.2% higher at ₹484.90 at 14:56 IST. The company’s market capitalisation stood at ₹36,285.4 Cr (about $3.8 Bn) at the time.

Shares of Delhivery have gained nearly 7% in the last five trading sessions and over 8% in the past month. The stock is up over 20% year-to-date.

Today’s rally came after brokerages projected an upside of 26-32% in the stock. Last week, JM Financial reiterated its ‘BUY’ rating on Delhivery with a target price of ₹605, implying an upside of nearly 32% from the stock’s closing price of ₹459.15 on Thursday (June 18).

The brokerage said Delhivery is well positioned for strong growth in the near-to-medium term, aided by a favourable industry structure, lower-than-expected logistics insourcing by Meesho and increasing consolidation in the third-party logistics (3PL) market.

According to JM Financial, Delhivery and Shadowfax have emerged as the only scaled national logistics networks following Delhivery’s acquisition of Ecom Express, while rival XpressBees continues to face execution challenges.

The brokerage expects Delhivery’s revenue to grow about 25% YoY in FY27, with adjusted EBITDA expected to nearly triple. While rising fuel prices and wage hikes could weigh on margins in the near term, JM Financial expects profitability to rebound sharply from the second quarter of FY27 as fuel cost pass-throughs normalise and operating leverage improves.

Meanwhile, Motilal Oswal maintained a ‘BUY’ rating on the stock with a target price of ₹580, implying an upside of about 26%.

The brokerage highlighted Delhivery’s strong operational performance, noting that the company’s express segment recorded 73% YoY volume growth in the fourth quarter of FY26, aided by healthy consumption demand, increased outsourcing by customers and sustained momentum from large ecommerce players.

Motilal Oswal added that margins remained resilient due to strong shipment volumes and cost discipline. It also pointed to a turnaround in Delhivery’s part-truckload (PTL) business, where service EBITDA margins expanded to 13.4% in Q4 FY26 from negative 8.5% in Q1 FY24.

The improvement was driven by a richer mix of SME and retail customers, rationalisation of low-profit contracts and stronger pricing discipline, the brokerage said.

Last week, Delhivery also launched ‘Delhivery Maps’, an AI-native suite of geospatial APIs for commercial logistics and navigation. The company said it is making its proprietary mapping infrastructure, previously used internally, available to enterprises, developers and gig economy platforms.

On the financial front, Delhivery reported a consolidated net profit of ₹72.4 Cr in the March quarter of FY26 as against ₹72.5 Cr in the year-ago period. Sequentially, net profit rose 83.3% from ₹39.6 Cr.

Revenue from operations increased 30% to ₹2,850 Cr in Q4 FY26 from ₹2,191.6 Cr a year earlier. On a QoQ basis, operating revenue rose 1.6% from ₹2,805 Cr. able to enterprises, developers and gig economy platforms.

On the financial front, Delhivery reported a consolidated net profit of ₹72.4 Cr in the March quarter of FY26 as against ₹72.5 Cr in the year-ago period. Sequentially, net profit rose 83.3% from ₹39.6 Cr.

Revenue from operations increased 30% to ₹2,850 Cr in Q4 FY26 from ₹2,191.6 Cr a year earlier. On a QoQ basis, operating revenue rose 1.6% from ₹2,805 Cr."
Logistics,Delhivery Launches Mapping Platform For Logistics Businesses,https://inc42.com/buzz/delhivery-launches-mapping-platform-for-logistics-businesses/,Gaurav Bagur,19th June 2026,News,https://inc42.com/cdn-cgi/image/quality=90/https://asset.inc42.com/2025/02/Delhivery-feature-490x360.jpg,,"Delhivery launched ‘Delhivery Maps’, an AI-native suite of geospatial APIs built on its own telemetry data from over 200 Cr shipments

Powered by ‘Naksha LLM’, the commercial mapping platform was designed specifically for commercial shipping and to reduce Delhivery’s reliance on third-party mapping providers

It can be deployed in sectors like quick-commerce, hyperlocal, and ride-hailing for use cases like optimising address validation, dispatch operations, route planning, and ETAs

Logistics giant Delhivery announced the launch of an AI-native suite of geospatial APIs, ‘Delhivery Maps’, for commercial logistics and navigation.

In a press release, the company said it would make its proprietary mapping infrastructure, which it had been using internally till now, commercially available to external enterprises, developers, and gig-economy platforms.

To note, Delhivery developed this capability to reduce reliance on third-party mapping providers across its core operations, including express parcel, part-truckload freight, and supply chain services.

Delhivery Maps comprises core mapping APIs including auto-complete, geocoding, reverse geocoding, vehicle aware routing, navigation, distance matrix, and map tiles. It is designed specifically for commercial shipping and incorporates operational parameters such as heavy-vehicle speeds, routing constraints, and landmark-based navigation.

The platform’s accuracy is based on historical metadata from over 200 Cr shipments and 100 Cr daily GPS pings from its fleet of more than 1 Lakh vehicles.

Delhivery Maps is powered by ‘Naksha LLM’, a homegrown set of geospatial reasoning models designed to handle unstructured address data through dynamic reasoning loops. Naksha LLM is also available on the Delhivery Maps MCP.

The company said that businesses operating in segments like ecommerce, quick commerce and ride-hailing can utilise its APIs for various use cases like optimising address validation, dispatch operations, route planning, and ETAs.

“We built Delhivery Maps out of operational necessity to run India’s largest logistics network intelligently and solve for unstructured addresses and commercial routing rules at a massive scale,” Delhivery CTO Kapil Bharati said.

Notably, Delhivery has been expanding its business remit of late. In November, it established a new wholly owned subsidiary Delhivery Financial Services to enter the fintech segment. Under this, the company will look to provide access to credit based services, fuel cards, insurance solutions, among others, for truckers, fleet owners, riders, and MSMEs that work with the company.

In the last few quarters, the company has also been growing two new business lines – Delhivery Direct and Rapid. The former is a B2C hyperlocal service offering local, on-demand deliveries via two-wheeler as well as three- and four-wheelers (for larger parcels). The latter, meanwhile, focuses on fulfilling quick-commerce orders for ecommerce brands, retailers, and D2C businesses by operating dark stores.

On the financial front, Delhivery reported a consolidated net profit of ₹72.4 Cr in the March quarter, nearly flat from the year-ago figure. Its operating revenue rose 30% YoY to ₹2,850 Cr. For the full year FY26, Delhivery’s PAT rose 8% YoY to ₹321 Cr while its revenue from services increased 17% to ₹10,486 Cr.

Shares of Delhivery ended today’s trading session 0.58% higher at ₹461.80 on the BSE."
Logistics,Haryana's New Aggregator Rules: What It Means For Delivery And Ride-Hailing Platforms?,https://inc42.com/features/haryanas-new-aggregator-rules-what-it-means-for-delivery-and-ride-hailing-platforms/,Lokesh Choudhary,20th May 2026,In-Depth,https://inc42.com/cdn-cgi/image/quality=90/https://asset.inc42.com/2026/05/Haryana-ftr-490x360.jpg,,"Haryana has approved a strict new licensing regime for ride-hailing and delivery platforms, making state licences, local offices, and security deposits mandatory for companies like Ola, Uber and Rapido

The rules ban onboarding of new petrol and diesel vehicles from January 2026, pushing aggregators toward CNG and EV fleets, especially impacting delivery and bike-taxi platforms.

Haryana has capped aggregator commissions at 20%, mandated driver insurance and compliance checks, and introduced penalties of up to ₹1 Cr along with possible licence suspension or cancellation.

What began as a draft notification published in the Haryana Government Gazette in December last year has now become a law.

The Haryana cabinet, chaired by chief minister Nayab Singh Saini, approved the rules for granting aggregator licences under the Haryana Motor Vehicles Rules, 1993, clearing the final version of the framework that was first floated for public comment last December.

The cabinet approved the substitution of Rule 86A of the Haryana Motor Vehicles Rules, 1993, to establish a comprehensive regulatory framework for app-based passenger aggregators and delivery service providers operating in the state.

The biggest headlines were dedicated to the approval of the clean fuel mandate. Aggregators and delivery platforms operating in Haryana will no longer be allowed to induct new petrol or diesel vehicles into their fleets after December 31, 2025.

For companies like Ola, Uber, Rapido, Porter, and delivery-focused platforms operating in Haryana, these rules represent the most structured regulatory intervention the state has ever attempted in the gig-economy transport sector.

This is important as Haryana’s biggest cities, Gurugram and Faridabad, are two of India’s most active markets for ride hailing and food delivery. Both sit within the National Capital Region, so these rules intersect with CAQM (Commission for Air Quality Management) directives that have already imposed strict emission constraints for operating in Delhi NCR.

Haryana Brings In License To Operate

The foundational change that this brings is that no aggregator or internet-based passenger or delivery platform can operate in Haryana without a formal licence from the state transport commissioner.

Notably, the full licence application will require the company to be structured as either a registered company under the Companies Act 2013, a Limited Liability Partnership under the LLP Act 2008, or a cooperative society of drivers or vehicle owners registered under the Co-operative Societies Act 1912.

The entity must have its registered office in India and a sub-office specifically in Haryana. A platform operating purely out of Bengaluru or Mumbai with no Haryana presence cannot simply apply remotely and must establish a physical foothold in the state.

The application will be filed through what the rules call the “Clean Mobility Portal” in Form HR No. 38A, along with online payment of an application fee of ₹5 Lakh for a fresh licence. The competent authority has 90 days to decide the application, and once approved, the licence must be issued within 15 days of the aggregator paying the licence fee and security deposit.

For fleets up to 1,000 buses or 10,000 other vehicles, companies will have to submit a security deposit of ₹25 Lakh. While for any fleet larger than that, which would include all major national platforms, the security deposit is ₹50 Lakh.

This means a large platform like Ola or Uber has to deposit ₹50 Lakh in escrow with the state government for five years, with the permanent risk of forfeiture if the licence is cancelled for any regulatory violation.

The licence is valid for five years. Renewal requires the competent authority to examine the aggregator’s compliance record under these rules and any punitive actions taken against it in Haryana during the licence period.

EV Fleet Mandates

Now, overlaid on this licensing structure is the fleet composition mandate, which is arguably the most disruptive to operations. Under section 11(f) and 11(g) of the rules, the entire fleet of vehicles onboarded by an aggregator must be CNG-powered or electric vehicles only.

The rules additionally incorporate by reference CAQM Direction No. 94 dated June 3, 2025, which applies specifically to the National Capital Region and adjoining areas, a zone that covers Gurugram, Faridabad, Sonipat, Panipat, and other major Haryana cities.

That direction states that only CNG or Electric three-wheeler autorickshaws can be additionally inducted into existing fleets, and that no conventional ICE vehicles running on diesel or petrol can be inducted into four-wheeler LCV/LGV fleets or two-wheeler fleets from January 1, 2026 onwards.

The practical consequence of this comes as any aggregator that currently has petrol or diesel cabs, bike-taxis, or delivery vehicles in its Haryana supply pool cannot add new ones after January 2026, and cannot onboard any new petrol or diesel vehicle even if it is brand new and fully compliant in every other way.

The existing fleet can continue until it ages out under the 8-year rule, which bars aggregators from onboarding any vehicle registered more than eight years before the date of onboarding.

Aggregators must also ensure that no active vehicle on their platform crosses eight years in operation. This is an ongoing obligation for companies, not a one-time check, so they have to dedicate resources to monitor the lifecycle of vehicles.

As a result, existing petrol and diesel vehicles close to their eight-year limit will have to be churned out and replaced with CNG or EV alternatives.

When it comes to ride hailing, the CNG taxi and cab ecosystem is reasonably mature in urban Haryana. But for home delivery platforms like Swiggy, Eternal, Zepto, Porter, Rapido which rely overwhelmingly on two-wheelers, the transition path is materially harder since any new delivery partner on their platform will need to have EVs.

Fibe IPO Pitch: More Than A Personal Loan Platform, But Will...

India Trains The World’s Robots, But At What Cost?

D2C’s New Media Playbook

Electric two-wheelers are more expensive in terms of upfront ownership cost, have varying range and charging infrastructure. Plus, the supply of EV delivery bikes at scale remains limited. There could be a temporary worker crunch if companies have to comply with these rules from the get-go.

These platforms will either need to absorb higher vehicle acquisition or incentivisation costs, accelerate EV driver-partner financing programs, or face a shrinking supply base in the state.

On top of the EV fleet, every vehicle on the platform must meet safety and insurance standards. These include valid registration, a fitness certificate, a valid third-party insurance policy, a pollution-under-control certificate, payment of all applicable motor vehicle taxes, no outstanding dues, and a displayed copy of the driver’s licence and vehicle permit visible to passengers from the rear of the front seat in case of ride-hailing.

More technically demanding is the requirement that every vehicle be fitted with a functional AIS 140-compliant Vehicle Location Tracking Device (VLTD) with a mandatory panic button, as specified under Rule 125H of the Central Motor Vehicles Rules 1989.

This VLTD must be connected both to the aggregator’s own control room and to Haryana’s integrated command and control Centre. The aggregator is also required to maintain a 24×7 control room that monitors all active onboarded vehicles and maintains uninterrupted contact with them.

Motorcycles and three-wheelers are included in this tracking requirement through in-app location tracking where hardware VLTD installation may not be feasible.

Haryana Mandates Driver Compliance, Commission Cap

If the fleet and licensing sections set the operational baseline, the sections on driver compliance, welfare, and fare regulation are where the financial impact on aggregator toplines will be felt most severely.

Before any driver is placed on the platform, the aggregator must verify valid identity documents, a driving licence for the relevant vehicle class, a valid bank account, and the experience required under these rules.

Beyond paperwork, the aggregator must arrange a medical fitness examination including an eye check-up, conduct a psychological analysis to assess onboarding fitness, and complete police verification of character and antecedents at least seven days before onboarding — with written records maintained throughout. All driver documents must be stored digitally and authenticated through the SARATHI portal.

On the welfare side, aggregators bear three hard financial obligations for every active driver. First, a health insurance policy of minimum ₹5 Lakh per driver, increased annually by a percentage notified by the Central Government.

Second, a term life insurance policy of minimum ₹10 Lakh per driver, also annually escalated. Third, an annual refresher training programme conducted through in-house resources or external institutions, with records maintained.

The rules clarify that once the Social Security Code 2020 is fully notified and implemented, its provisions will take precedence, but until then, these are the binding minimums.

“In terms of compliance, group insurance structures would imply that combined health and life insurance would cost around ₹4,000-₹7,500 per year for each worker (driver), translating to ₹10-₹75 Cr per year depending on fleet size, a recurring operational cost, not a one-time expense,” said Akash Parwal, CEO & cofounder, Square Insurance broking.

The fare regulation section is where topline compression becomes most explicit. The rules establish a mandatory driver earnings floor based on the nature of vehicle ownership.

Where a driver brings their own vehicle to the platform, the dominant model across Ola, Uber, and most aggregators, the driver must receive at least 80% of the applicable fare, leaving the aggregator with a maximum of 20% as its apportioned fare (commission).

Currently, major platforms charge commissions in the range of 20-30% in many markets. In Haryana, the ceiling is now 20% for the core third-party vehicle model.

Where the aggregator owns the vehicle itself, the driver share floor drops to 60%, allowing the aggregator to retain up to 40%, recognising that the aggregator bears vehicle ownership costs in that case.

Further, payment must be settled daily, weekly, or fortnightly. This closes any avenue for platforms to delay earnings settlement to drivers beyond a fortnightly cycle.

The rules also cap cancellation revenue for platforms. Whether a driver or a passenger cancels a confirmed booking, the maximum penalty that can be charged is 10% of the fare, and in no case more than ₹100.

The cancellation amount would be split between the driver and the aggregator in the same proportion as the standard fare split, meaning if a ₹500 ride is cancelled, the maximum fee is ₹50, of which the aggregator retains at most ₹10 (20% of ₹50).

For high-value rides or airport trips where cancellations currently attract higher penalties on some platforms, this is a meaningful reduction in incidental revenue.

Additionally, dead mileage – the distance a driver travels to pick up a passenger – cannot be charged to the passenger unless the ride origin distance is less than 3 km, and even then, fare is charged only from the actual pickup point to the actual drop point. No pre-ride charges for longer pickups are permitted.

Besides this, the rules require every aggregator to formulate and publish a zero-tolerance policy on alcohol and drug use by on-duty drivers, uploaded to both website and app.

Upon receiving a complaint alleging a violation, the driver must be immediately and forthwith taken off the platform, the suspension continues through the entire investigation period, with no discretion for the aggregator to delay this step. The investigation and suspension clock run simultaneously, not sequentially.

If an aggregator violates these rules, the Transport Commissioner can suspend the licence for up to three months, impose a financial penalty of between ₹1 Lakh and ₹1 Cr without suspension if that is deemed more appropriate.

Where violations are serious enough to endanger safety, or where the aggregator has been suspended and then commits another infraction within three financial years after the original suspension, the commissioner can cancel the licence outright, forfeiting the entire security deposit and bringing that cancellation to the notice of other state governments and the central government.

Taken together, the requirements form a regulatory cost stack that did not exist before. Platforms will need to assess not just the direct financial hit but the operational restructuring required to meet each of these mandates simultaneously, and do so in a market where they are already under margin pressure from driver incentives, passenger discounts, and competition.

“India’s gig workforce size is expected to grow from around 87 Lakh people (2024-25) to around 2.35 Cr by 2029-30. The social security infrastructure, however, is expected to trail the rapid development. The proposed rules begin to change that,” said Parwal.

Edited by Nikhil Subramaniam"
Logistics,D2CX Converge Ahmedabad Spotlights Growth Playbooks Of India’s Emerging Consumer Brands,https://inc42.com/buzz/d2cx-converge-ahmedabad-spotlights-growth-playbooks-of-indias-emerging-consumer-brands/,Inc42 BrandLabs,18th May 2026,News,https://inc42.com/cdn-cgi/image/quality=90/https://asset.inc42.com/2026/05/D2CX-Converge-Ahmedabad-ftr-1-490x360.jpg,,"At the Ahmedabad edition of D2CX Converge, founders and operators of FMCG, fashion, food and personal care brands discussed what it takes to build enduring consumer brands in an increasingly competitive market

The evening featured a fireside chat on HOCCO’s ₹1,000 Cr growth roadmap and a panel discussion decoding the operational, distribution, and branding playbooks behind scaling consumer brands to the ₹100 Cr milestone

Inc42 in partnership with Shadowfax, brought together 60+ D2C founders for candid, operator-led conversations around growth, omnichannel expansion, retention and profitability

As India’s consumer internet story matures beyond the first wave of ecommerce adoption, the next decade of D2C growth will be shaped by brands that can build strong recall, crack omnichannel distribution, and create products tailored to the country’s evolving consumption habits.

The opportunity is massive, driven by a 500 Mn-strong shopper base , over 800 Mn internet users , rising discretionary spending, deeper internet penetration and the rapid expansion of digital commerce across non-metro markets.

At the same time, the ecosystem is moving beyond the era of digital-first experimentation alone. Founders today are building with sharper focus on unit economics, stronger offline strategies and a clearer understanding of long-term brand building. As competition intensifies and consumer preferences become more nuanced, operator-led insights and peer learning are becoming increasingly valuable for both early and growth stage brands.

Against this backdrop, Inc42, in partnership with ShadowFax , hosted D2CX Converge in Ahmedabad as part of its five-city founder meetup series, focused on bringing together some of India’s most ambitious consumer brand builders in a high-trust, insight-driven setting.

Following earlier editions in Hyderabad, Bengaluru, Mumbai and Jaipur, the Ahmedabad chapter carried forward the core ideas behind the series — creating a space where founders can move beyond surface-level networking and engage in practical conversation around growth, distribution, retention, profitability and scaling sustainably in India’s rapidly evolving consumer landscape.

The evening brought together a curated mix of founders and operators from categories spanning food and beverage, personal care, fashion and FMCG — all navigating different stages of scale but facing a common challenge: building enduring consumer brands in an increasingly crowded market.

The sessions featured candid conversations and operator-first insights from the following leaders from India’s D2C ecosystem:

Decoding HOCCO’s ₹1,000 Cr Roadmap

The fireside chat, themed ‘Decoding HOCCO’s ₹1,000 Cr Roadmap’, featured Chona. In a conversation with Dang, he unpacked how the brand adapted to India’s evolving food and beverage (F&B) and digital landscape and built a challenger brand by combining differentiated products, operational depth and a sharp understanding of evolving consumer behaviour.

A large part of the discussion centred on HOCCO’s early conviction that India’s mass-premium ice cream segment lacked meaningful innovation despite the rise of several new-age F&B brands. Chona spoke about building products that stood out not just through flavour, but also through visual identity, packaging, and experimentation with formats.

Govt Asks Meta To Pause WhatsApp Username Rollout: Report

PRISM DRHP: A Look At Shareholding Pattern & Key Personnel...

Hyderabad Startup Funding Soars In H1 2026, Delhi, Mumbai Fu...

“Everybody can make a mango ice cream, but to make it look like a mango and smell like a mango, that worked for us.”

He also reflected on why the company chose to scale aggressively from the outset rather than take a cautious, phased approach. Rather than limiting itself initially to a few low-cost SKUs, HOCCO invested heavily early on in manufacturing, supply chain, distribution, and product breadth — a strategy Chona believes helped the brand gain acceptance much faster.

Beyond growth tactics, he emphasised the importance of financial discipline and operational clarity while scaling consumer brands. Speaking directly to early stage founders in the room, he highlighted strong unit economics and clear visibility into business metrics as non-negotiables before pursuing aggressive scale.

“If you’re not CM2, CM3, whatever number you want to be at, if you’re not positive there, then I think that is the one thing you need to fix,” he said.

The session also touched upon team building, fundraising philosophy and the importance of aligning with long-term investors and operators who share the founder’s vision. Across the discussion, one theme remained consistent, building enduring consumer brands requires conviction, speed of execution and a willingness to constantly experiment without losing sight of profitability.

The ₹100 Cr Playbook Of New-Age Consumer Brands

The evening’s panel discussion brought together founders building consumer brands across categories such as tea, bread, water, skincare and innerwear to decode what it really takes to scale towards the ₹100 Cr mark in today’s competitive market. Moderated by Shadowfax’s Bansal, the conversation explored everything from finding the right channel mix across D2C, marketplaces and retail to unlocking repeat cohorts, managing burn, building emotional differentiation and adapting to rapidly evolving consumer behaviour without losing brand focus.

Parikh of Wagh Bakri Tea Group said that premiumisation ultimately comes down to building products consumers can trust over the long term, not the short term.

“My grandfather told me two rules. One, if you cannot yourself finish that entire cup of tea that you tasted, don’t put it in the packet. Second, in good conscience, if you cannot give it to your kids, don’t put it in the packet,” he said.

Speaking about how Brillare built trust in the highly competitive beauty and personal care category, Patel highlighted how salon-led distribution became a strong premiumisation lever for the brand. “It is a saying in our industry, that women trust their hairstylist more than their dermatologist.”

He added that while salons allow brands to command a premium, they also create a far higher accountability loop, making product efficacy non-negotiable.

Meanwhile, Handa of The Baker’s Dozen, questioned the startup ecosystem’s obsession with raising capital early, calling it one of the worst pieces of advice founders receive.

“Raise funds only if you really need to. And don’t raise funds as a habit,” she said.

On the operational side, Mehta of Aava Natural Mineral Water, highlighted why execution and reliability matter far more than vanity metrics when building premium consumer brands.

“Your Instagram followers don’t matter, your bank account balance doesn’t matter, your ads don’t matter, your marketing doesn’t matter. If your supply doesn’t reach on time, you’re out,” the CEO said.

Adding a younger, digital-first perspective to the discussion, Lavsi of Bummer explained how the brand built resonance with Gen Z consumers by deeply understanding emotional buying behaviour in the innerwear category.

“Most of these guys have not really bought their own underwear in the first place. It’s usually when you’re in a hostel, surrounded by friends, moving around campus in your boxers, that you start wanting to wear something other than what your mom bought for you.”

As the discussion wrapped up, one theme stood out across categories and business models alike: premiumisation in India is no longer just about pricing higher, but about building deeper trust, stronger operations, and sharper consumer understanding."
Logistics,Delhivery Slides 6% As Flat Q4 Profit Overshadows Revenue Growth,https://inc42.com/buzz/delhivery-slides-6-as-flat-q4-profit-overshadows-revenue-growth/,Shrishti Bisht,18th May 2026,News,https://inc42.com/cdn-cgi/image/quality=90/https://asset.inc42.com/2025/08/Delhivery-Q2-ftr-1-490x360.jpg,,"Shares of Delhivery fell nearly 6% to an intraday low of ₹447.85 on the BSE after the company reported a largely flat Q4 FY26 profit despite strong topline growth

The stock was further hit by a broader market sell-off triggered by rising crude oil prices, escalating tensions in West Asia and rising US bond yields

Delhivery reported flat Q4 FY26 profit amid higher corporate overheads despite a strong jump in revenue

Update | May 18, 2026, 11:42 IST

Shares of Delhivery ended today’s trading session 4.2% lower at ₹455. 7 apiece on the BSE. Its market capitalisation stood at ₹34,119 Cr (about $3.5 Bn) at end of the day.

Original Story | May 18, 2026, 17:58 IST

Shares of Delhivery fell nearly 6% to hit an intraday low of ₹447.85 on the BSE as investors turned cautious following the logistics major’s largely flat Q4 FY26 profit despite strong top line growth.

Shares were further weighed down by a broader market sell-off triggered by surging crude oil prices, ongoing tensions in West Asia, and rising US bond yields. BSE Sensex and Nifty 50 fell as much as 1.41% and 1.38% intraday, respectively.

Delhivery pared some of the losses later and was trading 4.75% lower at ₹453.10 apiece at 11:26 IST. The company’s market capitalisation stood at ₹33,901.9 Cr (about $3.5 Bn) at the time.

On Saturday, Delhivery reported a flat Q4 FY26 profit amid higher corporate overheads despite strong revenue growth. Its consolidated net profit stood at ₹72.4 Cr in Q4 FY26 against ₹72.5 Cr a year ago, even as operating revenue rose 30% YoY to ₹2,850 Cr from ₹2,191.6 Cr.

Total expenses increased 26.9% YoY to ₹2,853.1 Cr during the quarter. At operating level, EBITDA jumped 94% YoY to ₹231 Cr, while EBITDA margin expanded to 8% from 5.4%. The company’s transport business remained the key growth driver, with revenue from the segment rising 38% YoY to ₹2,453 Cr.

For the full FY26, Delhivery’s profit rose 8% YoY to ₹321 Cr, while operating revenue grew 17% to ₹10,486 Cr.

The company said it delivered over 1 Bn express shipments during FY26, with annual shipment volumes rising 40% YoY to 1,054 Mn.

Delhivery said it continued investing in AI-led logistics infrastructure during the quarter and also announced key board-level changes, including the appointment of Tata Communications CFO Kabir Ahmed Shakir as an independent director.

Despite the stock decline, brokerages largely maintained positive ratings on the company following its Q4 FY26 results.

UBS maintained a ‘Buy’ rating and raised the target price to ₹630, citing strong volume growth and benefits from the Ecom Express integration.

Citi maintained a ‘Buy’ call with a target price of ₹565, highlighting improving free cash flows and gains from ecommerce outsourcing.

Goldman Sachs maintained a ‘Neutral’ rating with a ₹480 target, noting strong parcel growth but weaker realisations and elevated integration costs.

Nuvama also maintained a ‘Buy’ call and raised its target price to ₹580, saying Delhivery remains well-positioned to gain market share in part truck load (PTL) and express logistics segments."
Logistics,Shadowfax’s Inflection Point And The Next Frontier,https://inc42.com/features/shadowfaxs-inflection-point-and-the-next-frontier/,Gargi Sarkar,17th May 2026,In-Depth,https://inc42.com/cdn-cgi/image/quality=90/https://asset.inc42.com/2026/05/Shadowfax-Q4-ftr-490x360.jpg,,"After posting its first meaningful quarterly profit in Q4 FY26, Shadowfax is trying to become what it calls as a full-stack logistics operating system for India’s digital economy

At the centre of Shadowfax’s strategy is network density. It now operates across 15,600 pin codes, supported by 2.6 Lakh delivery partners and more than 3,500 daily trucks

Shadowfax currently operates around 15 dark stores but plans to scale that number to 100 during FY27

It was FY22 and ShadowFax was still viewed largely as another fast-growing logistics startup battling for ecommerce deliveries in India’s crowded third-party logistics (3PL) market. Four years later, the Bengaluru-based company’s market share in the 3PL segment has climbed from roughly 8% to as much as 29%, making it one of the country’s largest logistics platforms.

But its ambitions now extend far beyond parcel delivery. After posting its first meaningful quarterly profit in Q4 FY26, Shadowfax is attempting something more consequential — transforming itself from a courier network into what its executives describe as a full-stack logistics operating system for India’s digital economy.

In the March 2026 quarter, Shadowfax reported revenue of ₹1,237 Cr , up 73.6% year-on-year (YoY), while net profit swung to ₹55.8 Cr from a loss of ₹9.9 Cr a year earlier. Adjusted EBITDA rose more than tenfold to ₹58 Cr, with EBITDA margin expanding to 4.7% from just 0.7% last year.

Operationally, the company delivered 22.6 Cr orders during the quarter, a staggering 100.8% jump from the prior year.

For most logistics companies, this combination — hypergrowth alongside expanding profitability — is difficult to achieve simultaneously. Yet Shadowfax executives insist the company is still early in its scale-up phase.

“We have hit a critical volume,” the startup’s management said during a post-earnings call, arguing that future automation investments will now break even “significantly faster”.

Market Consolidation Tailwind

India’s logistics market has historically been fragmented, populated by regional delivery firms, captive logistics operations, and VC-funded startups competing aggressively on pricing. But this structure appears to be changing rapidly.

“What is happening in the industry is that the top two players continue to gain market share, and the market is becoming more and more consolidated,” Shadowfax’s management said on the earnings call.

The company believes its market share gains are coming from two directions simultaneously. Smaller third-party logistics providers are struggling to compete with scaled infrastructure networks, while large enterprises are increasingly reassessing if operating logistics in-house still makes economic sense.

The company’s management estimates that roughly 55% of its future growth will come from expansion of India’s underlying digital commerce economy, while another 40% to 45% may come from continued market-share gains. The economics increasingly favour scale players.

At the centre of Shadowfax’s strategy is network density. The company now operates across more than 15,600 pin codes through nearly 4,800 touchpoints, supported by roughly 2.6 Lakh quarterly delivery partners and more than 3,500 daily trucks.

The larger the network becomes, the lower the effective cost per shipment tends to fall. Warehouses, sorting centres and transportation routes begin generating operating leverage as order density rises. That leverage is now becoming visible in the company’s financial profile.

Partner expenses declined to 52.2% of revenue in Q4 FY26 from 56.4% a year earlier, while corporate overheads also improved. Adjusted EBITDA margin expanded roughly 400 basis points YoY.

Importantly, the company believes that the largest gains are still ahead. Executives suggested EBITDA margins could improve by roughly 100 to 120 basis points annually through FY28, before accelerating further as infrastructure utilisation rises.

“We are sacrificing near-term margins for long-term dominance,” was the underlying message running through the earnings discussion.

This philosophy explains the company’s unusually aggressive investment cycle. Shadowfax spent ₹185 Cr on capex in FY26 alone, nearly matching the ₹246 Cr it invested cumulatively from inception through FY25. Much of that spending went towards automation, sortation infrastructure, geographic expansion and technology systems.

One newly launched NCR sort centre offers capacity for 10 Lakh daily orders and throughput of 48,000 shipments per hour. Yet despite the spending surge, the company closed FY26 with ₹1,574 Cr in cash and virtually no debt.

How Quick Commerce Is Reshaping Business

If scale is the foundation of Shadowfax’s strategy, quick commerce may be its most important growth catalyst. The company now describes itself as India’s leading 3PL provider for quick-commerce platforms.

Fibe IPO Pitch: More Than A Personal Loan Platform, But Will...

India Trains The World’s Robots, But At What Cost?

D2C’s New Media Playbook

Unlike traditional ecommerce, where power is concentrated among a handful of giants, India’s quick commerce ecosystem is more distributed. Management said that the market now has six or seven meaningful players, reducing dependence on any single customer.

“There is no sort of leverage that any one partner has on 3PLs,” executives said during the call.

Quick commerce changes logistics economics fundamentally. Deliveries occur within tighter geographic radii, order frequencies are higher and customer demand becomes more predictable. This increases route density, improves delivery utilisation and shortens fulfilment cycles. For logistics companies, these dynamics can structurally improve margins.

Shadowfax’s hyperlocal business generated ₹232 Cr in revenue in Q4 FY26, up 32.1% YoY, while hyperlocal order volumes climbed nearly 30%.

But management appears focused on an even larger opportunity emerging beyond grocery delivery. Executives repeatedly highlighted what they described as the next phase of quick commerce — verticalised categories such as fashion, beauty, gourmet products, pet care and childcare. The players in these categories often lack the scale or operational sophistication to build dedicated fulfilment networks internally. Shadowfax wants to provide them with the infrastructure.

This strategy is driving one of the company’s most ambitious bets — dark stores. Shadowfax currently operates around 15 dark stores but plans to scale that number to 100 during FY27 . Management disclosed that the pilot locations have already demonstrated attractive economics, with some generating gross margins above 20% and achieving profitability within three to four months.

“We spent a lot of time learning how they work,” executives said, explaining that the first phase was intentionally designed as a pilot before broader expansion.

The dark store initiative represents a major strategic evolution. Rather than simply transporting parcels, Shadowfax is increasingly embedding itself into inventory storage, fulfilment management, demand forecasting and localised warehousing. The deeper it becomes integrated into merchant operations, the harder it becomes to replace.

Shadowfax’s Competitive Moat

One of the least understood aspects of Shadowfax’s model may also be one of its biggest structural advantages. According to the management, essentially 100% of the company’s last-mile deliveries are “crowdsourced”.

Delivery partners operate on a per-order basis, rather than as part of a fixed employee fleet. Drivers may simultaneously handle ecommerce deliveries, quick-commerce shipments, food delivery and mobility-related work through the same ecosystem.

“Nothing like that exists in our country,” management said during the earnings call. The structure resembles a hybrid between a flexible gig-work marketplace and a national logistics network. It allows capacity to scale dynamically with demand rather than remaining fixed during slower periods.

That flexibility matters enormously in logistics, where utilisation often determines profitability. A driver network capable of moving fluidly across categories reduces idle capacity while improving route density and earnings potential for delivery partners themselves.

The same model also gives Shadowfax unusual flexibility as it expands into new verticals.

Its ‘Prime’ offering, which provides intra-city same-day delivery and inter-city next-day shipping, has already expanded to more than 120 cities. Initially designed for D2C brands, the service is now being extended aggressively toward India’s SME ecosystem through ‘Shadowfax 360’ — a self-service logistics platform launched during FY26.

The platform allows merchants to onboard automatically with no minimum order requirements and minimal human sales intervention. Management believes tens of thousands of smaller businesses entering India’s D2C economy can now be added to the network without proportionate increases in headcount.

The next wave of growth, the company said in its presentation, will come from SMEs entering D2C commerce at scale. Shadowfax is positioning itself as the logistics backbone supporting that migration.

The Next Phase: AI & Premium Freight

Even as it scales core parcel delivery, Shadowfax is widening its ambitions into more specialised logistics categories.

Through its ‘Prime Large’ initiative, the company plans to launch large-appliance and heavy-shipment logistics in FY27. Executives said the segment offers stronger yields, higher barriers to entry and fewer national competitors.

“Pull-driven demand” already exists from customers, the company’s management said, because relatively few logistics providers currently possess the infrastructure needed to move heavy goods efficiently across India at scale.

At the same time, the acquisition of CriticaLog adds a premium freight and high-value logistics layer to the broader ecosystem. The business specialises in time-sensitive shipments, luxury goods and critical logistics services, areas typically associated with higher margins and stronger customer stickiness.

The management described the acquisition as a strategic portfolio expansion rather than a diversification experiment. “Portfolio gap closed without new build-out,” the company said in its presentation.

Underlying many of these initiatives is another recurring theme — artificial intelligence (AI).

Executives repeatedly referenced AI-driven routing, node prioritisation, image recognition, demand forecasting and quality-control systems. In logistics, even small optimisation improvements can compound dramatically at scale. Faster routing decisions, better warehouse placement and improved shipment visibility can materially lower costs across millions of daily deliveries.

Still, risks remain substantial. India’s logistics sector remains intensely competitive, particularly as quick commerce platforms continue experimenting with internal fulfilment capabilities. Operational complexity is also rising rapidly as Shadowfax simultaneously scales automation, dark stores, SME onboarding, heavy logistics and premium freight.

Loss-shipment and quality-check costs remain elevated at more than 6% of revenue, though the company’s management said technology investments should gradually reduce those figures over time.

Yet, Shadowfax’s current trajectory suggests that the company may already have crossed an important threshold.

For years, Indian logistics startups were forced to choose between rapid growth and sustainable profitability. Shadowfax appears to have achieved both simultaneously in FY26 — 69.1% revenue growth, 66.4% order growth, expanding margins, a net profit of ₹112 Cr, and accelerating market share gains.

This is why FY26 increasingly looks less like a strong operating year and more like an inflection point for Shadowfax. The company that once competed simply to deliver packages is now trying to build the infrastructure layer beneath India’s digital economy itself."
Logistics,Delhivery Q4: Profit Flat At ₹72.4 Cr Despite 30% YoY Revenue Growth,https://inc42.com/buzz/delhivery-q4-profit-flat-at-%e2%82%b972-4-cr-despite-30-you-revenue-growth/,Lokesh Choudhary,16th May 2026,News,https://inc42.com/cdn-cgi/image/quality=90/https://asset.inc42.com/2025/05/Delhivery-ftr-490x360.jpg,,"Delhivery’s consolidated net profit for the March quarter of FY26 (Q4 FY26) was almost flat at ₹72.4 Cr as against ₹72.5 Cr in the year-ago quarter

Operating revenue rose 30% to ₹2,850 Cr from ₹2,191.6 Cr in the same quarter last year

Total expenses rose 26.9% to ₹2,853.1 Cr during the quarter under review from ₹2,248.6 Cr in the same period last year

Logistics major Delhivery’s consolidated net profit for the March quarter of FY26 (Q4 FY26) was almost flat at ₹72.4 Cr as against ₹72.5 Cr in the year-ago quarter. On a sequential basis, profit rose 83.3% from ₹39.6 Cr.

Operating revenue rose 30% to ₹2,850 Cr from ₹2,191.6 Cr in the same quarter last year. On a QoQ basis, it rose 1.6% from ₹2,805 Cr.

Including other income of ₹59.4 Cr, total income stood at ₹2,909.4 Cr.

Total expenses rose 26.9% to ₹2,853.1 Cr during the quarter under review from ₹2,248.6 Cr in the same period last year.

Besides announcing its financials, Delhivery announced the appointment of Tata Communication CFO Kabir Ahmed Shakir as a non-executive independent director to its board for a period of five years.

Simultaneously, ex-IndusInd Bank CEO Romesh Sobti tendered his resignation as an independent director of Delhivery. He will also cease to be the chairman of the audit committee as well as the member of the stakeholders relationship committee, risk management committee and M&A committee.

At the operating level, Delhivery’s EBITDA jumped 94% YoY to ₹231 Cr from ₹119 Cr a year earlier. Meanwhile, EBITDA margin expanded to 8% from 5.4%.

The company’s transport business, which comprises express parcel and part truckload (PTL) services, continued to remain the primary growth engine. Transport revenue rose 38% YoY to ₹2,453 Cr in Q4 FY26 from ₹1,773 Cr in the corresponding quarter last year. Adjusted EBITDA for the segment more than doubled to ₹194 Cr from ₹79 Cr, with margins improving to 7.9% from 4.5%.

Express parcel shipment volumes surged 72.5% YoY to 306 Mn shipments during the quarter, while express parcel revenue climbed 45.9% to ₹1,832 Cr. PTL freight tonnage increased 19.9% to 5.49 Lakh metric tonnes, with PTL revenue growing 20% YoY to ₹622 Cr.

For the full fiscal year FY26, Delhivery’s PAT rose 8% YoY to ₹321 Cr in FY26 from ₹162 Cr in FY25. Its revenue from services increased 17% to ₹10,486 Cr from ₹8,932 Cr in FY25.

Delhivery claimed that it crossed the milestone of delivering more than 1 Bn express shipments in FY26, with annual shipment volume growing 40% YoY to 1,054 Mn. PTL tonnage also rose 17.4% YoY to nearly 2 Mn metric tonnes.

The company highlighted that its transport business generated a return on invested capital (ROIC) of 16% in FY26, compared to 5% in FY25, signalling improving capital efficiency and operating leverage.

The company said it has built a pipeline of nearly ₹1,800 Cr worth of annual business opportunities across auto, FMCG, ecommerce, and industrial sectors.

During the quarter, Delhivery continued investing aggressively in AI-led logistics infrastructure and engineering capabilities.

The company said it has deployed AI-based prediction systems across presales, operations, billing, and claims management. It also unveiled its proprietary “Naksha LLM Suite”, which combines seven fine-tuned small language models (SLMs) for logistics workflows involving location intelligence, voice, vision, and transaction data.

On the infrastructure front, Delhivery expanded its warehousing footprint to 22.9 Mn square feet by the end of Q4 FY26, while its delivery network reached 18,830 pin codes across India and over 220 countries and territories globally through partner networks. Active customers increased to 52,226 during the quarter from 44,290 a year ago.

Shares of Delhivery ended Friday’s trading session 1.15% higher at ₹475.7."
Logistics,Shadowfax Jumps 17% To Hit A Record High On Strong Q4 Performance,https://inc42.com/buzz/shadowfax-jumps-17-to-hit-a-record-high-on-strong-q4-performance/,Shrishti Bisht,15th May 2026,News,https://inc42.com/cdn-cgi/image/quality=90/https://asset.inc42.com/2025/07/shadowfax-cci-featured--490x360.png,,"Shares of Shadowfax soared as much as 17.2% to hit an all-time high at ₹192.35 on the BSE during the intraday trading today

Yesterday, the logistics major reported a net profit of ₹55.8 Cr in Q4 FY26 as against a net loss of ₹9.9 Cr in the corresponding quarter last year

The company swung to the black YoY on the back of growing scale, AI-led automation, focus on vertical marketplaces, improving margins and rising market share

Update | May 15, 2026, 17:00 IST

Shares of ShadowFax ended today’s trading session up 15% at ₹188.7 apiece on the BSE. Its market capitalisation stood at ₹11,012.9 Cr (about $1.15 Bn) at the end of the day.

Original Story | May 15, 2026, 11:30 IST

Shares of logistics major Shadowfax soared as much as 17.2% to hit an all-time high at ₹192.35 on the BSE during the intraday trading today after it reported strong Q4 numbers.

However, the stock saw profitbooking later in the day and was trading 9% higher at ₹178.8 apiece at 11:15 IST. The company’s market capitalisation stood at ₹10,458 Cr (about $1Bn).

Yesterday, the logistics major reported a net profit of ₹55.8 Cr in Q4 FY26 as against a net loss of ₹9.9 Cr in the corresponding quarter last year. Sequentially, profit rose 59.9% from ₹34.9 Cr.

The company swung to the black YoY on the back of growing scale, AI-led automation, focus on vertical marketplaces, improving margins and rising market share.

Revenue from operations jumped 73.6% to ₹1,237 Cr from ₹712.4 Cr in Q4 FY25. Sequentially, revenue rose 6.7% from ₹1,159.7 Cr.

The company’s adjusted EBITDA surged to ₹58 Cr in Q4 FY26 from ₹5 Cr a year earlier, with adjusted EBITDA margin expanding to 4.7% from 0.7% in Q4 FY25. Its Ind AS EBITDA came in at ₹81 Cr, translating into a margin of 6.6%.

Operationally, Shadowfax delivered 22.6 Cr customer orders across its express and hyperlocal segments during the quarter, up 100.8% YoY and 10% sequentially. Express orders surged 129.4% YoY to 18.4 Cr, while hyperlocal orders grew 29.6% to 4.2 Cr.

The company said it has steadily gained share in the third-party logistics (3PL) market over the last four years, with its current share estimated at around 27-29%.

“We have learned from our pilots that vertical quick commerce platforms offer significantly higher value per engagement than horizontal fulfillment. Capital is also very limited for these… We believe vertical quick commerce is going to have 3PL as the natural answer,” the company said.

Shadowfax’s express revenue more than doubled to ₹925 Cr during the quarter from ₹419 Cr a year ago, while hyperlocal revenue increased 32.1% YoY to ₹232 Cr. However, revenue from other logistics services declined 31.8% YoY to ₹80 Cr.

During the quarter, Shadowfax also completed the acquisition of CriticaLog, which it said would strengthen its premium and time-sensitive logistics offerings.

Going ahead, the company plans to focus on scaling four key growth engines — quick commerce, Prime, Prime Large and CriticaLog. It aims to expand its dark store network from 15 to 100 stores in FY27 and increase Prime Large coverage from 6,000 to 10,000 pin codes by the end of the fiscal year.

Shadowfax, which became the second logistics startup to go public in January this year after Delhivery, is betting on quick commerce for its next stage of growth as D2C brands and ecommerce platforms push for faster deliveries.

According to Inc42’s ’The Next Big Wave In Indian Ecommerce Report 2026’, India’s D2C ecosystem has entered the ‘D2C 3.0’ era, where faster deliveries, operational efficiency, repeat purchases and customer loyalty are emerging as key differentiators for digitally native brands.

Notably, shares of Shadowfax are currently trading nearly 40% higher from their IPO issue price of ₹124 apiece."
Ecommerce,"Supply6 Nets ₹48 Cr To Expand Product Portfolio, Enter New Markets",https://inc42.com/buzz/supply6-nets-%e2%82%b948-cr-to-expand-product-portfolio-enter-new-markets/,Shrishti Bisht,1st July 2026,News,https://inc42.com/cdn-cgi/image/quality=90/https://asset.inc42.com/2026/07/Supply-6-Feature-490x360.png,,"D2C nutrition and wellness startup Supply6 has raised ₹48 Cr in a funding round led by Unilever Ventures, with participation from Zeropearl VC and actor Kriti Sanon

The startup will use the fresh capital to expand its product portfolio, enter new markets and strengthen its distribution channels

Supply6 claims it is currently operating at an annualised revenue run rate (ARR) of ₹75 Cr and expects it to touch ₹100 Cr over the next three to four months

D2C nutrition and wellness startup Supply6 has raised ₹48 Cr (about $5 Mn) in a funding round led by Unilever Ventures, with participation from existing investor Zeropearl VC.

The startup also said that the round saw participation from actor Kriti Sanon , who came on board as an investor and brand ambassador in December last year.

With the latest round, the startup has raised over $6 Mn to date. It previously secured $1.1 Mn in a pre-seed funding round in 2025 from Zeropearl VC, WhatsApp CEO Kunal Shah, Renee Cosmetics cofounders Ashutosh Valani and Priyank Shah, and XYXX founder Yogesh Kabra.

The startup plans to use the fresh capital to expand its product portfolio, invest in clinical research and engineering, and strengthen its supply chain and digital capabilities.

A portion of the raised capital will go towards entering new markets, strengthening its marketing and partnerships, hiring across functions, and expanding its presence across D2C, marketplaces and quick commerce channels.

Founded in 2019 by Vaibhav Bhandari and Rahul Gupta, the Bengaluru-based startup develops daily nutritional supplements across vitamins, hydration and fibre.

Its flagship product, Supply6 360, combines more than 63 ingredients, including probiotics, micronutrients and adaptogens, in a single serving aimed at athletes, fitness enthusiasts and consumers with busy lifestyles.

The startup sells its products through its website, ecommerce marketplaces such as Amazon, and quick commerce platforms including Blinkit.

Supply6 claims it is currently operating at an annualised revenue run rate (ARR) of ₹75 Cr and expects it to touch ₹100 Cr over the next three to four months.

It competes with the likes of Marico-owned Plix, HUL-owned Oziva, Kapiva and BeastLife, among others.

The funding comes at a time when India’s nutrition and wellness sector continues to attract investor interest amid rising demand for preventive healthcare, functional foods and convenient supplement formats.

Startups in the space are increasingly focusing on clinically backed products, omnichannel distribution and quick commerce to drive growth. The sector’s growth is being fuelled by rising health awareness, higher disposable incomes and a growing prevalence of lifestyle-related conditions such as obesity, diabetes and cardiovascular diseases.

This has led to increasing demand for supplements focused on immunity, weight management and overall wellness.

Supply6 operates in India’s dietary supplements market, which is expected to reach $62 Bn by 2033, growing at a CAGR of 13% from 2024, according to IMARC Group."
Ecommerce,The Indus Valley Raises $17 Mn To Scale D2C Kitchenware Business,https://inc42.com/buzz/the-indus-valley-raises-17-mn-to-scale-d2c-kitchenware-business/,Palak Sharma,30th June 2026,News,https://inc42.com/cdn-cgi/image/quality=90/https://asset.inc42.com/2026/06/The-Indus-Valley-Interview-Feature_-490x360.jpg,,"The Chennai-based startup plans to deploy the fresh capital for product innovation, strengthening its omnichannel distribution, and deepening brand presence

Founded in 2016, The Indus Valley claims to offer toxin-free, non-coated cookware solutions across cast iron, iron, stainless steel, triply cookware, and pressure cookers

Including the latest fundraise, The Indus Valley has raised a total funding of about $21.8 Mn to date

D2C kitchenware startup The Indus Valley has raised $17 Mn (around ₹161 Cr) in its Series B funding round led by Gaja Capital, with participation from existing investors DSG Consumer Partners and Rukam Capital.

The Chennai-based startup plans to deploy the fresh capital for product innovation, strengthening its omnichannel distribution, and deepening brand presence.

Founded in 2016 by Jagadeesh Kumar and Madhumitha Uday Kumar, The Indus Valley claims to offer toxin-free, non-coated cookware solutions across cast iron, iron, stainless steel, triply cookware, and pressure cookers.

The startup claims to use pure, natural materials such as cast iron, sheet iron, tri-ply stainless steel, wood, clay, copper, brass, and bronze. The Indus Valley sells its products via its own website, ecommerce and quick commerce channels, and has recently expanded into offline retail stores.

The Indus Valley also featured in Inc42’s flagship ‘FAST 42’ edition of 2025 — a ranking of India’s fastest-growing D2C brands.

On the financial front, the startup claims to have achieved an annual revenue run rate (ARR) of ₹200 Cr in the past few years. It is aiming to cross the ₹1,000 Cr ARR mark by 2030.

Including the latest fundraise, The Indus Valley has raised a total funding of about $21.8 Mn to date.

The development comes as Indian consumers increasingly opt for healthier and more sustainable kitchenware, driven by rising awareness of product quality and safety. This trend is helping startups attract greater attention from both consumers and investors.

For instance, D2C kitchenware brand Cumin Co recently bagged $5 Mn in its pre-Series A funding round to expand its R&D capacity, distribution channels as well as fuel talent acquisition. It leverages tech for coating its produce to ensure toxin-free utensil manufacturing.

Ember, which claims to have developed its own proprietary coating called ‘Arcilla’ ceramic coating, recently secured $3.2 Mn in its seed funding round.

Meanwhile, brands like Beyond Appliances, Wonderchef, upliance.ai, among others, are betting on AI-powered cooking assistants and IoT-enabled appliances as they seek to reshape India’s kitchenware market, which is projected to cross the $11 Bn mark by 2033 ."
Ecommerce,D2C’s New Media Playbook,https://inc42.com/features/d2cs-new-media-playbook/,Palak Sharma,30th June 2026,In-Depth,https://inc42.com/cdn-cgi/image/quality=90/https://asset.inc42.com/2026/06/Ecommerce-Newsletter-ftr-3-490x360.jpg,,"As customer acquisition costs soar, new-age consumer brands are building content engines and media ecosystems to own attention instead of renting it

Everybody wants to own the media, and the country’s fastest-growing new-age consumer brands are no exception.

Faced with rising customer acquisition costs, ad fatigue and diminishing returns from performance marketing, brands are increasingly asking a simple question: why keep renting attention when you can own it?

Historically, this strategy has played out through acquisitions. Mensa Brands’ (now BRND.ME) acquisition of MensXP, iDiva, and Hypp, Nykaa’s Little Black Book, and Honasa’s acquisition of Momspresso are some of the key examples that weren’t merely inorganic expansion moves aimed at boosting revenue but bets to own consumer attention and build direct relationships with audiences.

Several digital-first consumer brands are today doing the same by building their own media capabilities or investing heavily in original content to build communities around their products.

Bombay Shaving Company is a case in point. The men’s grooming startup has scaled 100Days.co, a platform founded in 2021 as a growth initiative for portfolio brands. It has since evolved into a full-stack digital commerce platform that also produces content in-house to help established consumer brands build and scale their D2C businesses.

Similarly, notable brands, including athleisure startup Blissclub, healthy snacking company The Whole Truth and audio wearables startup boAt, are endeavouring to create content either by owning a studio or joining hands with content creators to shoot podcasts, short films or conduct spot interviews.

So, why are brands investing so aggressively in media? Let’s find out in this edition of The Checkout.

The Race To Own Consumer Attention

According to Rajeswar Rao, the vice-president of B2C and digital marketing at Clovia, an innerwear brand, customer acquisition today is different from what it was even five years ago.

Earlier, a compelling product image and a strong call-to-action were often enough to drive conversions. Today’s customer journey is much less linear. It involves consuming multiple pieces of content before even clicking on an ad.

Modern consumer brands have become exceptionally good at solving the traditional building blocks of business, viz., finding PMF, building efficient supply chains, understanding consumer behaviour and targeting the right audience. Yet, none of this guarantees sales.

So, how to push the customer to make a purchase? How to keep them engaged with the idea of the brand? And how to retain them?

To address this, a majority of D2C founders these days have become comfortable with picking up a mic and creating their own content. The playbook has proven helpful in building brand credibility, earning consumer trust and strengthening the connection with their audience.

In sectors like beauty and personal care (BPC), where third-party manufacturers make near-identical goods for multiple labels, there is a high likelihood that products will be copied. So, how do you prove that you are different in a market already flooded by similar products? Even branding is no longer a moat.

“So what actually remains as a moat is your audience. Even if you build something genuinely differentiated, the only way to get it to your user fast is by having a community of your own already,” said All In Capital’s cofounder Aditya Singh.

The Economics Of Owning Attention

For years, brands relied heavily on Meta and Google to buy consumer attention. However, with these being the sole customer acquisition channels, consumers are usually bombarded with advertisements, making it difficult for brands to stand out.

“We mostly have one place to acquire users, which is Meta. With so many brands, clutter-breaking today is becoming harder. So, having your own content and a unique content strategy helps. Having brand-owned media also helps increase return on advertising spend (ROAS),” Singh said.

Traditionally, for instance, if a product is worth ₹1,000, and the brand is spending ₹500 on these platforms to sell the product, the gross remains ₹500. “It is like paying the customer to make a purchase,” Singh said.

This is why brands are investing in media properties, creator ecosystems, communities, newsletters, podcasts and original content. This allows them to build direct, long-term relationships with consumers and ultimately increase ROAS.

Fibe IPO Pitch: More Than A Personal Loan Platform, But Will...

India Trains The World’s Robots, But At What Cost?

Flipkart, Amazon Flex Logistics Muscles; Will It Bring New G...

“One viral reel and the brand’s ROAS skyrockets, ultimately reducing cash burn,” he added.

With this, performance marketing is now experiencing diminishing efficiency. Audiences experience creative fatigue quickly, acquisition costs continue to rise, and incremental media spending doesn’t always produce proportional growth.

On the other hand, high-quality content improves the efficiency of every stage of the marketing funnel. It attracts more qualified audiences, improves engagement rates, increases time spent evaluating products and builds purchase confidence before customers reach checkout.

While brands are experimenting with different content and owned media playbooks, it’s important to understand what drives real results. Rao feels that there is no universal winner. Different content strategies work for different problems.

Speaking about Clovia, he said that creator-led content has emerged as one of the strongest acquisition drivers. This is because it helps customers visualise products, understand fit and functionality, and enables more confident purchase decisions.

Apart from videos, brands are building communities to spark conversation. For instance, activewear startup Blissclub started as a community for women to talk about fitness and body image challenges.

On YouTube, brands like boAt, SUGAR Cosmetics, and The Whole Truth, among others, have taken over the content charge with formats like podcasts, web series, educational content and customer interactions.

How Sustainable Is The Media Moat?

The harder question is whether owned media is a durable moat or simply the other side of the same spending problem, with a content team instead of a media-buying team. The market already has its cautionary stories. BRND.ME sold its media channels while Honasa shut the community.

All In Capital’s Singh said that product and content go hand in hand. “The brands that work well combine a great product with great marketing and great content — all three, not just the last one.”

While content can strengthen conversions, retention remains heavily dependent on the product itself. Nutrabay’s founder, Shreyans Jain, said brand-owned media only works to an extent.

“I believe owned media — other than email, SMS, or WhatsApp channels for existing customers — doesn’t work at scale beyond a certain point if it’s under the same brand name rather than a differently branded extension. Some consumers may perceive it as a conflict of interest from a trust perspective,” Jain said.

Raj frames the same risk from the other direction. Clovia, he said, doesn’t measure content by the ROI of a single campaign, but by the cumulative value it builds across acquisition, retention, organic visibility, and brand equity over years, treating it less as a media business to be monetised on its own and more as compounding brand IP. The consensus is that while content can serve as a strong moat, it cannot drive long-term retention unless the product itself emerges as the hero.

SPOTLIGHT | How Invisel Is Protecting Homes With Nanotechnology

The Ecommerce Buzz

Quick Commerce Race Heats Up : The battle for India’s quick commerce market is intensifying as Amazon Now and Flipkart Minutes unveil aggressive expansion plans. While Flipkart has scaled to 1,000 micro-fulfilment centres across 130 cities, Amazon aims to expand to 300 cities, signalling a fresh race to capture the country’s fast-growing quick commerce opportunity.

Leadership Churn At Swiggy Instamart : Swiggy’s quick commerce arm has seen the exits of COO Ankit Jain and CBO Hari Kumar amid its aggressive expansion push. The changes come as the company battles mounting losses, ramps up investments in quick commerce, and navigates uncertainty around its proposed transition to an inventory-led operating model.

AllHome Bags Series B : PharmEasy’s cofounders have raised ₹200 Cr in a Series B round led by Bessemer Venture Partners for their second venture, AllHome, which operates as a “house of brands” marketplace for architectural and interior design products.

Honasa’s Nutraceuticals Bet : Mamaearth parent Honasa Consumer is looking to acquire a majority stake (58%) in nutraceuticals company Fluence Pharma for ₹135 Cr, marking its expansion into the nutrition and supplements space. The company plans to buy the remaining stake over the next 5-7 years.

The Deep Dive

The Operator’s Question

How can D2C brands build and monetise owned media effectively?

The cofounder and CMO of Dogsee Chew, Sneh Sharma Khanal, highlighted a few strategies to monetise owned media.

Build Trust Before You Build Reach: People don’t follow founders because they’re founders. They follow them because they’re honest. Share the wins, hard decisions, failures and lessons learned. When people trust you, they don’t just buy your product; they believe in your brand. That trust compounds far longer than any paid campaign.

Create Conversations, Not Content: Owned media shouldn’t feel like another advertising channel. The goal is to build a community where customers, partners and industry peers participate, ask questions and contribute ideas. When people feel heard, they become advocates, and that community becomes one of the strongest competitive advantages a brand can have.

Let Commercial Outcomes Follow Value: Not every podcast, newsletter, or LinkedIn post needs a product plug. Focus on teaching, inspiring, or entertaining. If you’ve built credibility and a loyal audience, monetisation naturally happens through higher brand preference, lower customer acquisition costs, stronger retention, partnerships, and eventually, products people already trust before they buy.

“For me, founder-led media isn’t about becoming a creator. It’s about making the brand more human. In a world full of AI-generated content and polished marketing, authenticity is becoming one of the rarest and most valuable assets a business can own.”"
Ecommerce,"Ecommerce’s Logistics Game, Nua Eyes $25 Mn & More",https://inc42.com/buzz/ecommerces-logistics-game-nua-eyes-25-mn-more/,Team Inc42,30th June 2026,News,https://inc42.com/cdn-cgi/image/quality=90/https://asset.inc42.com/2026/06/FTR-Daily-Brief-2026-06-30T003327.967-490x360.png,,"Amazon vs Flipkart: The Logistics Duel

After ecommerce, Amazon and Flipkart are now locking horns in the logistics arena too. Following Ecom Express’ acquisition in 2025, remote pincode operations shrank and traditional 3PL pricing became more expensive. This is when the two marketplaces stepped in.

The Rationale: Both ecommerce giants already own a vast logistics network, which sits underutilised outside peak festive seasons. To maximise asset utility, the two are now monetising their existing warehouses, freight trucks and last-mile delivery fleets for external clients.

The B2B Weapon: Amazon launched its Amazon Supply Chain Services in May 2026, offering warehousing and fulfilment solutions to any commercial entity, irrespective of whether they sell on the platform. Simultaneously, Flipkart’s Ekart also secured big contracts, managing end-to-end heavy deliveries for IKEA, precision automotive component transport for Ather Energy, and retail operations for direct rivals like TataCliq and Nykaa.

With this, the two ecommerce players are offering everything under one roof, while making money from the infrastructure built over the years.

The Data Moat: Beyond revenue, the bigger advantage may be information. By managing end-to-end deliveries, Amazon and Ekart stand to gain visibility into regional demand, inventory flows and even competitor pricing patterns. True leverage, however, lies in platform lock-in – as brands use more services, switching becomes harder and more expensive.

Caution Ahead: But the model may not be frictionless. Flipkart’s and Amazon’s triple role as marketplace, seller and logistics provider could raise data exposure concerns. As such, they may need to prove they can give outside clients the same reliability they promise themselves. On top of this, peak-season priorities, sector-specific compliance and pricing pressure could all complicate the push.

So, can ecommerce giants reshape India’s logistics future? Let’s find out…

Hyderabad Startup Funding Soars In H1 2026, Delhi, Mumbai Fu...

Meru Cabs Withdraws 7-Year-Old Predatory Pricing Appeal Agai...

Proptech Startup Crib Acquires Venture Catalyst-Backed Circl...

From The Editor’s Desk

💰 Nua Eyes $25 Mn

📉 Turtlemint’s Muted D-Street Debut

💼 Zerodha’s Investment Banking Play

💸 IPO-Bound Incuspaze Bags ₹150 Cr

📊 PayU India’ FY26 Show

Inc42 Markets

Inc42 Startup Spotlight

Can Yotuh Electrify India’s Cold-Chain Logistics?

Essential for transporting food and medicines, India’s cold-chain network still relies heavily on diesel cooling systems that are expensive to run, environmentally damaging and often unreliable. Yotuh Energy is tackling this problem with its electric refrigeration systems.

The Cool Factor: Founded in 2022, Yotuh Energy builds zero-emission refrigeration units for cold-chain vehicles. Its battery-powered systems run independently of the engine, replacing diesel-based cooling with a cleaner and more efficient alternative.

Designed For Transit: The startup’s core innovation is its proprietary thermal storage technology, which helps retain cooling for longer periods and maintain stable temperatures even during multi-stop routes. This matters in real-world logistics, where repeated door openings and delivery delays can quickly compromise sensitive cargo.

The startup positions its offering as a solution that supports both cost savings and sustainability, two pressures increasingly shaping cold-chain operations in India.

What’s On The Horizon? Going forward, the startup now plans to scale production of its refrigeration units and deepen partnerships with commercial vehicle manufacturers. With the homegrown cold chain logistics market projected to become a $33 Bn opportunity by 2031, can Yotuh electrify India’s temperature-sensitive supply chains?

Infographic Of The Day

Having founded some of India’s most iconic startups and backing 309 ventures, Kunal Shah is now all set to lead WhatsApp globally. Here is the journey of the country’s most unconventional founder…"
Ecommerce,"Flipkart, Amazon Flex Logistics Muscles; Will It Bring New Growth Levers?",https://inc42.com/features/flipkart-amazon-flex-logistics-muscles-will-it-bring-new-growth-levers/,Bismah Malik,30th June 2026,In-Depth,https://inc42.com/cdn-cgi/image/quality=90/https://asset.inc42.com/2026/06/Ajmazon-Ekart-1-490x360.jpg,,"Amazon and Flipkart are monetising their vast logistics networks by serving external brands, marketplaces, and enterprises beyond their ecommerce platforms.

The Delhivery–Ecom Express deal created a market gap in remote regions, allowing Amazon Shipping and Ekart to emerge as attractive alternatives.

Logistics is evolving from a cost centre into a growth business, with Amazon and Ekart offering end-to-end services spanning freight, warehousing, fulfilment, and last-mile delivery.

When Delhivery acquired Ecom Express in 2025, the Indian logistics industry read it as a consolidation play — a larger player absorbing a struggling rival to build scale. What few anticipated was the vacuum it would create.

Ecom Express had been servicing some of the most remote pin codes in the country, carrying last-mile deliveries for D2C brands and vertical marketplaces in markets that the larger organised players had never prioritised.

After the acquisition, operations in many of these non-demand centres were either scaled back or the combined Delhivery-Ecom Express entity’s pricing rose sharply.

Into that gap stepped two companies nobody had considered as third-party logistics providers: Amazon and Flipkart .

“Essentially Ecom Express was servicing some of the remotest centres and pin codes of the country and its market included D2C brands and vertical marketplaces. After the acquisition by Delhivery, the operations were either scaled down in non-demand centres or the consolidated entity’s pricing went so high that Amazon and Flipkart were seen as viable alternatives — they were already present in these markets,” said Raju Sinha, chief business officer at logistics aggregator FShip.

Outside the festive season windows and marketplace-specific sales, the logistics capabilities of both Amazon and Ekart, including warehousing capacity, truck fleets, and delivery workforce, far exceeded the demand generated internally. Assets that cost billions to build sat underutilised for much of the year.

“This is the primary moat which has driven both Amazon and Flipkart to partner with even competitor marketplaces, apart from D2C brands and retail brands in areas still unserviceable by Blue Dart or where Delhivery charges 18–20% higher prices,” an industry source told Inc42.

The result is a strategic shift that is shaking up the competitive dynamics of a $300 Bn-plus logistics market. Amazon and Flipkart’s Ekart built to serve their own marketplace sellers are now openly competing with Delhivery, Blue Dart, Shadowfax, and DTDC for third-party logistics contracts.

Who would have imagined that Nykaa, a direct competitor to Flipkart in beauty and personal care, would rely on Ekart to deliver its orders? Or that Amazon would open its freight and fulfilment infrastructure to healthcare manufacturers and automotive companies that have never listed a single product on its platform?

The dynamics of India’s ecommerce industry are being rewritten, and the new chapter looks nothing like the previous ones.

From Nykaa To IKEA: Amazon And Ekart’s Edge

For most of the last decade, logistics was a cost centre, a necessary but expensive function that Amazon and Flipkart built to outdo each other on delivery speed.

The infrastructure that emerged from that war is basically now the asset being monetised.

According to the industry observers, both companies initially experimented with servicing D2C brands through aggregator platforms.

Over the last two to three years, that has evolved into opening their logistics networks directly to third-party brands, vertical marketplaces, and enterprise clients, with value-added services that go well beyond last-mile delivery.

Amazon’s clearest move came in May 2026 with the launch of Amazon Supply Chain Services (ASCS), which extends the company’s entire logistics portfolio, including freight, warehousing, fulfilment, and last-mile delivery, to any business, regardless of whether it sells on Amazon’s marketplace.

Healthcare companies, automotive manufacturers, retail chains, and consumer goods firms can now move raw materials and finished products through the same network that powers Amazon.com. Procter & Gamble, 3M, and Lands’ End were among the first wave of ASCS clients globally according to Amazon’s official announcement.

In India, the groundwork had been laid well before the ASCS announcement.

Amazon launched Amazon Freight in December 2024 as a full-truckload transport service for intra-city and inter-city movement.

Amazon Shipping, its last-mile offering, was expanded to cover over 14,000 PIN codes, with real-time tracking and cash-on-delivery disbursements within 48 hours.

Both services are available to businesses independent of their association with the Amazon marketplace.

The Multi-Channel Fulfilment (MCF) service has seen the strongest traction, with over 1,000 D2C brands, including Himalayan Organics, DermaTouch, and Satthwa, using Amazon’s fulfilment network to service orders placed on their own websites, Shopify stores, and social media channels.

“What originally started as last-mile delivery solutions for D2C brands is now transforming into warehousing services, checkout solutions, IoT-powered intelligence, packaging as a service and even quick deliveries for businesses,” said Sinha of FShip.

Ekart, meanwhile, is further ahead in this journey and arguably operating at greater sector depth.

According to industry sources, Ekart today serves a broad range of external clients including Snapdeal, Nykaa, TataCliq, IKEA, fashion brands, electronics companies, and automotive businesses. Its services are bespoke, varying significantly by client requirement.

The IKEA partnership, launched in Delhi-NCR in March 2025 and expanded to Chennai in April 2026, is the most visible example of how far Ekart has come from its origins as a marketplace delivery arm.

Ekart now manages end-to-end last-mile delivery for IKEA’s catalogue of over 600 products, including large-format furniture and home solutions requiring specialised handling.

“Our expanded partnership with IKEA reflects Ekart’s strength in building and operating enterprise-grade, specialised supply chain solutions for leading global retail brands,” Mani Bhushan, chief business officer at Ekart, said.

“As large-format retail continues to scale in India, the need for reliable, technology-led logistics partners is becoming increasingly critical.”

For Ather Energy in Bengaluru, the mandate is structurally different.

According to industry sources familiar with Ekart’s operations, the logistics firm handles the movement of automotive components and parts between manufacturing locations, warehouses, and distribution points, a supply chain role that demands precision scheduling and handling protocols different from regular  parcel delivery.

The objective, in both cases, is not simply courier services.

Ekart is now increasingly positioning itself as an end-to-end logistics partner capable of managing transportation, warehousing, fulfilment, inventory visibility, and last-mile operations under a single contract.

Fibe IPO Pitch: More Than A Personal Loan Platform, But Will...

India Trains The World’s Robots, But At What Cost?

D2C’s New Media Playbook

The company has also entered the document logistics business, offering supply chain solutions for banks and non-banking financial companies. A quarter of its external client brands already use multiple services in combination, according to the company sources.

An emerging dimension of this push is the franchise model.

According to industry executives, both Amazon and Ekart are experimenting with franchise and partner-operated logistics centres — allowing local entrepreneurs to run fulfillment and delivery facilities while leveraging the larger company’s technology and network.

For Amazon and Flipkart, this provides a path to deeper penetration in Tier II, Tier III, and rural markets without bearing the full capital burden of building every node themselves.

“The franchise model is likely to gain more traction in the near future under an aggregator structure. Amazon and Flipkart have leverage in terms of access to local pin codes and seller networks, which gives them an edge over vertical firms,” a former Ekart senior operations executive told Inc42.

DTDC, notably, already runs approximately 50% of its logistics business through a franchise model, a playbook that the ecommerce majors appear to be studying closely.

The Moat That Took Two Decades To Build

The competitive advantage Amazon and Ekart bring to B2B logistics is not a single asset.

It is the compound effect of decades of capital deployment, operational refinement, and technology investment now being offered to the market as a service for the first time.

But the real moat is what happens when clients use multiple services.

For instance, a brand that begins with Ekart for last-mile delivery and then adds warehousing, freight, and returns management progressively embeds itself into the infrastructure.

The switching cost rises with each additional service.

This is the same “platform lock-in” logic that turned Amazon Web Services from an internal infrastructure project into the world’s most profitable cloud business, and it is what both Amazon and Ekart are deliberately engineering in logistics.

Dough Herrington, chief executive officer of Worldwide Amazon Stores,while announcing Amazon’s logistics initiatives e arlier said that the move is similar to how Amazon Web Services (AWS) opened the company’s cloud infrastructure business.

“This is an exciting step in bringing the logistics network we built for our customers to all businesses, much like we did for cloud infrastructure when we launched Amazon Web Services,” he said.

The technology layer further reinforces this stickiness.

Businesses using Amazon’s MCF and ASCS can leverage AI forecasting models and Amazon’s vast supply chain dataset to optimise inventory placement across sales channels.

For Ekart, the same real-time tracking, route optimisation, and supply-chain visibility infrastructure that powers Flipkart’s marketplace operations is available to external clients — reducing the fragmentation that retail brands have long struggled with when managing multiple logistics vendors.

The impact on the competition will be closely watched.

Delhivery’s shares fell 4% in India the day a fter Amazon’s ASCS announcement, with markets pricing in the structural implications of a competitor with Amazon’s scale entering B2B logistics more aggressively.

Delhivery’s own position is formidable, with over 18,850 PIN codes, 20 Mn square feet of logistics infrastructure, and 40,000 customers across automotive, chemicals, electronics, and pharma.

Its acquisition of Ecom Express was designed to build exactly the kind of scale needed to withstand this pressure.

Shadowfax dominates same-day hyperlocal deliveries. Blue Dart owns a premium air express. XpressBees has built strong B2C parcel volumes.

Each has a defensible niche. But the mid-market, where integrated B2B supply chain contracts are won on price, reliability, and technology breadth, will be the real market set for competition.

The Challenges That Infrastructure Alone Cannot Solve

None of this transition is without friction. The entry of Amazon and Ekart into external B2B logistics creates structural challenges that will not resolve themselves simply because both companies have built formidable networks.

The most consequential is the data exposure problem.

Amazon is simultaneously a marketplace operator, a private-label seller, an advertising platform, and now a full-stack logistics provider.

A D2C brand or a vertical marketplace that hands Amazon its inventory data, regional demand patterns, supplier information, and fulfillment economics is giving a competitor a granular map of its supply chain.

Amazon’s earlier expansion into private-label categories like apparel, accessories, and daily essentials was enabled in part by the data visibility the marketplace afforded.

Extending logistics services to third parties further deepens that visibility, giving Amazon a potential advantage that goes well beyond the logistics contract itself.

There is also a capacity priority question.

During peak demand periods, such as the festive season, Amazon and Ekart will inevitably prioritise their own marketplace operations.

How that affects enterprise clients who are paying for supply chain reliability is a concern that industry sources flag repeatedly, and one neither company has addressed publicly with any clarity.

Both companies also face the operational challenge of sectors they have not historically served.

For instance, automotive supply chains, pharmaceutical cold chains, and heavy engineering freight carry compliance requirements, damage tolerance standards, scheduling precision demands, and specialised handling protocols that are structurally different from ecommerce fulfillment.

Pricing discipline is another risk the industry is watching closely.

Amazon’s infrastructure scale enables it to offer steep discounts and bundled contracts that pull clients away from incumbents.

But sustained below-market pricing compresses margins across a logistics industry already absorbing fuel cost shocks from escalating geopolitical pressures.

Finally, there is the regulatory dimension.

India’s logistics sector operates across a complex web of state-level regulations, GST compliance requirements, and motor vehicle laws. For segments like pharmaceutical warehousing and chemical freight, additional sector-specific regulations apply. Amazon and Ekart are better positioned than most to navigate this but as their B2B footprint extends into regulated industries, the compliance burden will grow proportionately.

The real test for both companies is not whether they can offer cheaper logistics. The test is whether they can offer external clients the same reliability, data security, and operational parity that those clients would demand from a partner with no competing commercial interests.

For Delhivery, Shadowfax, Blue Dart, and the rest of India’s logistics ecosystem, the message is stark: the two companies that gave them business at the outset are now their most formidable competitors.

[Edited By Nikhil Subramaniam]"
Ecommerce,"Exclusive: Lightbox-Backed Nua In Talks To Raise $25 Mn From Peak XV, Others",https://inc42.com/buzz/lightbox-backed-nua-in-talks-to-raise-25-mn-from-peak-xv-others/,Debarghya Sil,29th June 2026,News,https://inc42.com/cdn-cgi/image/quality=90/https://asset.inc42.com/2026/06/Nua-Funding-ftr1-490x360.jpg,,"D2C femtech brand Nua is in talks to raise $20 Mn to $25 Mn in a round led by Peak XV Partners

The funding round is also likely to see participation from existing investors Mirabilis Investment Trust, Kae Capital, among others

Nua sells women’s health and hygiene products, including sanitary pads, cramp comfort, and more via its website and ecommerce marketplaces

D2C femtech brand Nua is in talks to raise $20 Mn (about ₹189 Cr) to $25 Mn (about ₹236 Cr) in its Series C round, sources told Inc42.

The funding round will be led by Peak XV Partners, and is likely to see participation from existing investors Mirabilis Investment Trust, Kae Capital, among others, the sources added.

Questions sent to Nua and Peak XV Partners didn’t elicit any response till the time of publication.

Nua last raised ₹35 Cr (about $3.9 Mn) in its pre-Series C round from Mirabilis Investment Trust in February last year. Currently, Lightbox is the largest shareholder in Nua with a 42.2% stake, followed by cofounder Ravi Ramachandran with a 22% stake. While Kae Capital owns a 7% stake in the startup, Mirabilis owns 6.3%.

Founded by Ramachandran and Abhishek Ramanathan in 2017, Nua offers women’s health and hygiene products, including sanitary pads, cramp comfort, foaming intimate wash, period nutrition drink mix, and more.

Nua sells its products via its own website as well as ecommerce and quick marketplaces like Amazon, Flipkart, Zepto, and more. The startup, which claims to have over 15 Lakh customers, competes with the likes of Plush, Azah, Pee Safe, Carmesi, among others.

With rising incomes and growing consumer awareness, the sanitary and hygiene products category is expanding rapidly in India. The Indian femtech market is expected to clock a 15.7% CAGR during 2026-2034 to reach a size of $5.5 Bn by the end of the period . As a result, investors are pouring capital into the startups in the segment to capitalise on this opportunity.

For instance, Pee Safe bagged $32 Mn earlier this year from OrbiMed. Chennai-based Plush raised ₹40 Cr (around $4.6 Mn) in its Series B funding round led by Premji Invest’s former senior partner Rahul Garg last year."
Ecommerce,Can Nykaa Live Up To Its Own Hype?,https://inc42.com/features/can-nykaa-live-up-to-its-own-hype/,Gargi Sarkar,29th June 2026,In-Depth,https://inc42.com/cdn-cgi/image/quality=90/https://asset.inc42.com/2026/06/ftr-11-1-490x360.jpg,,"The beauty major has laid out an ambitious FY30 roadmap. But can fashion, owned brands, and premiumisation deliver the growth needed to justify investor expectations?

Five years ago, Nykaa was seen as India’s premium beauty retailer. Today, it wants investors to believe it’s building something much bigger.

At its recent Investor Day, founder Falguni Nayar looked back at Nykaa’s journey from an online beauty retailer to a broader beauty and lifestyle platform. However, her focus was firmly on the future. By FY30, Nykaa wants to cross $5 Bn in gross merchandise value (GMV), grow revenue by 2.5-3X, expand EBITDA by 4-5X, and deliver a return on capital employed (ROCE) of over 40%.

While the last decade was about building the platform, the next five years will be about extracting operating leverage. To achieve this, management believes multiple growth engines will work in tandem.

Beauty, which is already its profit driver, would continue to benefit from premiumisation. Fashion, after years of investment, is expected to move closer to profitability. Owned brands such as Dot & Key, Kay Beauty and Nykaa Cosmetics are expected to contribute a larger share of revenue and margins. Meanwhile, advertising, omnichannel retail and AI-led personalisation are likely to provide additional operating leverage.

The optimism seems to be resonating well with investors. Consequently, Nykaa’s stock recently touched a fresh 52-week high of ₹309.7.

While the picture looks all rosy for Nykaa, growing revenue threefold isn’t going to be a walk in the park for the beauty major. At the same time, growing profits 5X feels overly ambitious, especially when Nykaa Fashion still does not have a market share of even 5%, as per industry estimates. This makes us question: can the beauty major live up to its own hype?

Fashion Needs To Live Up To Nykaa’s Expectations

If beauty is the reason investors have owned Nykaa, could fashion determine whether they continue to own it over the next five years? It is perhaps the most debated part of Nykaa’s business.

For years, fashion has been viewed as a business that required continuous investments but contributed little to profitability. While beauty steadily generated cash, fashion largely consumed it. Every quarterly result came with the same question: when would fashion finally begin delivering operating leverage?

Management now believes that the inflexion point has arrived. After nearly six years of investment, fashion is growing at roughly 40%, customer cohorts are becoming more mature, and the focus is gradually shifting from simply acquiring users to improving unit economics.

Management expects fashion’s net sales value to grow more than 3X over the next five years, while eventually delivering high single-digit EBITDA margins. If that happens, it could fundamentally change how investors value the business.

To meet management’s FY30 aspirations, fashion would likely need to compound at roughly 30-35% annually for the next several years.

Notably, fashion has humbled almost every ecommerce company that has tried to build it. Unlike beauty, fashion shopping is inherently less predictable. Consumers browse more, compare prices across multiple platforms and are far less loyal. Also, trends change rapidly, inventory becomes obsolete quickly, and return rates remain structurally higher than almost any other ecommerce category. Such realities make fashion economics considerably tougher.

Fibe IPO Pitch: More Than A Personal Loan Platform, But Will...

India Trains The World’s Robots, But At What Cost?

D2C’s New Media Playbook

Therefore, the company is also consciously moving away from being a mass-market fashion destination. Instead, it wants to own the premium segment, much like it did in beauty. Premium fashion customers generally have higher average order values, lower return rates and stronger brand affinity. Combined, these elements improve profitability over time.

Nykaa Wants To Build India’s L’Oréal

“We are building a future L’Oréal or Estée Lauder out of India,” said founder and CEO Falguni Nayar . The statement summed up how management increasingly views Nykaa’s future.

Over the past few years, Nykaa has assembled a growing portfolio that includes Dot & Key, Kay Beauty, Nykaa Cosmetics, RSVP and Twenty Dresses. Management now expects these owned brands to generate more than ₹5,000 Cr in NSV by FY30, up from roughly ₹1,700 Cr today.

Investors generally like this strategy because the economics are far superior to a marketplace model. Selling third-party brands limits margins and pricing power. Owning brands, on the other hand, improves gross margins, builds intellectual property and creates long-term brand equity. That’s also why global beauty companies like L’Oréal and Estée Lauder consistently command premium valuations.

Nykaa believes it has several advantages to replicate that playbook. It has millions of customers generating valuable purchase data, one of India’s largest premium beauty distribution platforms and an expanding offline presence that helps consumers discover its brands. Dot & Key has become the company’s biggest success story so far, growing rapidly through product innovation, influencer-led marketing and wider offline distribution. Management believes this formula can be repeated across more brands, categories and even international markets.

Analysts, however, are cautious.

Much of the recent growth has come from a smaller base and acquisitions, making it easier to deliver 50-60% growth. As the business scales beyond ₹1,000 Cr, maintaining that pace naturally becomes harder. Consumer brands eventually face slower category growth, higher marketing costs and increasing competition.

The Real Question For Investors

Nykaa’s recent rally suggests investors are increasingly buying into management’s FY30 vision. Beauty still has significant room to grow, fashion appears closer to an inflexion point, and owned brands are steadily becoming a larger profit driver.

The challenge, however, is that the current valuation assumes several things go right at the same time. Beauty must continue premiumising, fashion needs to deliver on profitability, House of Nykaa has to sustain strong growth, and customer acquisition must remain efficient even as competition intensifies.

Growth does not look easy. Myntra continues to dominate online fashion, while Ajio has steadily expanded its premium portfolio. Meanwhile, Amazon and Flipkart remain formidable competitors, and new-age brands such as NEWME are becoming increasingly relevant among younger consumers.

Against this backdrop, the real question isn’t whether Nykaa can grow but whether the company can execute well enough to justify the expectations already built into the stock.

MARKETS WATCH: NEW ISSUES, POST-IPO JOURNEY & MORE

Zypp Electric’s $200 Mn IPO : Zypp Electric is gearing up for a public market debut and is looking to raise up to $200 Mn (about ₹1,890 Cr) via its IPO within the next 18-24 months. The startup has roped in Axis Capital, SBI Capital Markets and DAM Capital to manage the proposed offering.

MobiKwik Xtra Fallout : Following the MobiKwik Xtra controversy, renewed scrutiny of Per Annum and Lendbox has raised concerns over high-return investment claims, regulatory compliance, and whether P2P lending risks are resurfacing through new investment products.

Honasa’s Acquisition Spree : The Mamaearth parent will acquire a 58% stake in nutraceuticals firm Fluence Pharma for ₹135 Cr, marking its entry into the nutrition and supplements market, with plans to acquire the remaining stake over the next 5-7 years.

Meesho’s ₹202 Cr Question : Meesho’s ₹202 Cr acquisition of Kirana Club signals a contrarian bet that India’s next ecommerce opportunity lies in digitising underserved kirana retailers rather than chasing quick commerce growth.

[Edited by Shishir Parasher]

A message from StockGro is an investment advisory app where trade ideas from certified experts and AI research help you invest in the right stock. Spot the opportunity behind every headline explore StockGro."
Ecommerce,"After NEET Row, NCB Flags Telegram As Top Platform For Drug Advertising",https://inc42.com/buzz/after-neet-row-ncb-flags-telegram-as-top-platform-for-drug-advertising/,Shrishti Bisht,27th June 2026,News,https://inc42.com/cdn-cgi/image/quality=90/https://asset.inc42.com/2022/09/Telegram-Delhi-High-Court-feature-490x360.jpg,,"NCB's Annual Report 2025 has identified Telegram as the leading encrypted messaging platform for drug-related advertising

The report warned growing use of darknet marketplaces, cryptocurrencies and DeFi by traffickers

The findings come days after the Delhi High Court upheld the Centre's temporary restrictions on Telegram over the NEET-UG 2026 paper leak

Update | June 29, 17:40 IST

Days after the Narcotics Control Bureau (NCB) flagged Telegram as a key platform for drug-related advertising, the messaging platform defended its moderation practices. The NCB, in its report, said that Telegram stands out because of its public channels and ease of access, making it easier for traffickers to reach a wider audience.

“While criminal activity happens on every platform, Telegram actively combats misuse of its platform with industry-leading moderation to remove millions of pieces of harmful content each day,” Telegram said in a statement.

Original | June 27, 13:13 IST

Messaging platform Telegram is back in the spotlight over security concerns. Days after it was temporarily banned in India over its alleged role in the NEET-UG 2026 paper leak, the Narcotics Control Bureau (NCB) has flagged the platform as a key channel for drug-related advertising.

According to the NCB’s annual report for 2025, released by Union home minister Amit Shah yesterday, Telegram has emerged as the most prominent encrypted messaging platform used to advertise illegal drugs through public channels offering product listings, pricing and delivery details.

The report noted that while encrypted messaging platforms such as Telegram, WhatsApp and Signal have become significant channels for drug distribution globally, Telegram stands out because of its public channels and ease of access, making it easier for traffickers to reach a wider audience.

“Unlike darknet markets, which require specialised access, these platforms are widely accessible via smartphones, lowering entry barriers and enabling broader reach… Enforcement on these platforms is challenging because of jurisdictional issues in securing platform cooperation, the ephemeral nature of content, including auto-deletion of messages, and the use of multiple accounts, layered communication methods and cryptocurrency payments by vendors to maintain anonymity,” the report said.

The NCB also warned that technology is rapidly reshaping the global narcotics trade. It said darknet marketplaces continue to operate like ecommerce platforms for illegal drugs.

The report added that traffickers are increasingly moving away from Bitcoin to privacy-focused cryptocurrencies such as Monero and Zcash, alongside decentralised finance (DeFi) protocols, making financial transactions harder to trace.

The report also identified international postal networks as a major enforcement blind spot, with small parcels containing synthetic drugs often escaping detection.

The development comes days after the Delhi High Court dismissed Telegram’s challenge to the Centre’s decision to temporarily restrict public access to the platform until June 22. While access has since been restored, Telegram’s message-editing feature will remain disabled in India until June 30.

During the hearing in the HC, the Centre described Telegram as the “new dark web”, arguing that criminals increasingly use the platform to connect through public channels and deep web links while concealing their identities.

The government alleged that Telegram’s cloud-based architecture, public channels, bots, large groups and username-based identities had enabled activities ranging from cyber fraud and financial scams to drug trafficking, child exploitation, piracy and terrorism.

It also cited a Telegram channel named “NEET Mafia”, with around 18,617 subscribers , which allegedly circulated content related to paper leaks, advance booking arrangements and payment mechanisms for the examination.

Mounting Global Scrutiny Of Telegram

The NCB’s findings add to growing international scrutiny of Telegram over its alleged role in facilitating illicit trade, particularly narcotics.

The platform’s combination of encrypted chats, large public channels, bots, and relatively limited moderation has made it an attractive marketplace for drug traffickers, according to law enforcement agencies and researchers.

Dealers often advertise products in public channels using coded language before moving buyers to private conversations, with cryptocurrency increasingly used to settle transactions.

Telegram’s role in criminal networks drew global attention in 2024 when founder Pavel Durov was arrested in France and later indicted on charges of complicity in drug trafficking, money laundering, and failure to cooperate with law enforcement.

French prosecutors did not accuse Durov of personally participating in the crimes but argued that Telegram’s moderation practices enabled organised criminal activity.

Investigations in the US and across Europe, Asia and Latin America have similarly linked Telegram to cross-border drug trafficking networks.

The NCB said traffickers are increasingly combining encrypted messaging platforms with darknet marketplaces, privacy-focused cryptocurrencies and DeFi platforms, creating a digital ecosystem that is becoming progressively harder for law enforcement agencies to monitor and disrupt."
Ecommerce,Gen Z-Focused Cafe Chain Alienkind Bags $3.2 Mn To Expand Footprint,https://inc42.com/buzz/gen-z-focused-cafe-chain-alienkind-bags-3-2-mn-to-expand-footprint/,Shrishti Bisht,26th June 2026,News,https://inc42.com/cdn-cgi/image/quality=90/https://asset.inc42.com/2026/06/Alienkind-Feature-490x360.png,,"Cafe chain Alienkind has raised $3.2 Mn (about ₹30 Cr) in its pre-Series A funding round from a clutch of existing investors to fuel its expansion across India

The round saw participation from Super.Money founder Prakash Sikaria, Flipkart’s senior VP Ravi Iyer, Bain & Company's global head of innovation Arpan Sheth, among others

The fresh capital will be deployed to expand Alienkind's footprint into new markets and support its next phase of growth, the startup said in a statement

Cafe chain Alienkind has raised $3.2 Mn (about ₹30 Cr) in its pre-Series A funding round from a clutch of existing investors to fuel its expansion across India.

The round saw participation from Super.Money founder Prakash Sikaria, Flipkart’s senior VP Ravi Iyer, Bain & Company’s global head of innovation Arpan Sheth, among others.

The fresh capital will be deployed to expand Alienkind’s footprint into new markets and support its next phase of growth, the startup said in a statement.

Founded in 2024 by Vikram Kakkireni and Abhishek Kumar, Alienkind is positioning itself as a design and culture-led cafe brand aimed at Gen Z and young consumers. Rather than operating as a conventional food and beverage chain, the startup said it is focused on creating immersive retail spaces, category-defining products and community-led experiences.

Alienkind offers a sci-fi-inspired menu featuring superfood-based beverages, layered fruit drinks, burgers and sandwiches, with products designed around a futuristic retail experience.

The brand currently operates eight outlets across India, with five in Bengaluru and three in Delhi. It plans to open four more outlets over the coming month as part of its expansion plans.

Alienkind claimed it is on track to achieve an annual recurring revenue (ARR) of $10 Mn by the end of FY27. It is aiming to scale its offline footprint to 100 stores across India’s key cities by FY28.

Notably, Alienkind also featured in April 2025’s edition of Inc42’s flagship ’30 Startups To Watch’.

The fundraise comes amid growing interest in India’s organised food and beverage sector, particularly niche and premium QSR brands such as coffee chains, Korean fusion concepts and cloud kitchen operators, driven by growth in Tier II & III cities.

The segment has seen a steady stream of deals in recent months. Earlier this month, F&B brand Foodstories raised ₹50 Cr in its Series B funding round from Zerodha cofounder Nikhil Kamath.

In March, Burger Singh raised ₹82 Cr in its Series B round at a valuation of ₹520 Cr to expand its franchise network, while boba tea chain Boba Bhai secured ₹40 Cr."
Ecommerce,Sofina Ventures Offloads Honasa Consumer’s Shares Via ₹177 Cr Bulk Deal,https://inc42.com/buzz/sofina-ventures-offloads-honasa-consumers-shares-via-%e2%82%b9177-cr-bulk-deal/,Lokesh Choudhary,25th June 2026,News,https://inc42.com/cdn-cgi/image/quality=90/https://asset.inc42.com/2025/01/honasa-ftr-490x360.png,,"Honasa Consumer’s investor Sofina Ventures has parsed its stake in the BPC major via a bulk deal worth about ₹177.2 Cr

According to NSE bulk deal data, Sofina, via its holding entity Sofina Ventures S.A., sold 41.78 Lakh shares at ₹424.07 apiece

The selling price is over 1.5% higher than the stock’s closing price of ₹417.7 on the BSE today

Honasa Consumer’s investor Sofina Ventures has parsed its stake in the BPC major via a bulk deal worth about ₹177.2 Cr.

According to NSE bulk deal data, Sofina, via its holding entity Sofina Ventures S.A., sold 41.78 Lakh shares at ₹424.07 apiece. The selling price is over 1.5% higher than the stock’s closing price of ₹417.7 on the BSE today.

The transaction involved nearly 1.28% stake in Honasa Consumer, the parent company of D2C beauty and personal care brands including Mamaearth, The Derma Co, Aqualogica, BBlunt and Dr. Sheth’s.

The identity of the buyers could not be immediately ascertained from exchange disclosures.

The Belgian-based investment firm first backed Honasa Consumer when it led its $50 Mn funding round in 2021. It partially exited its stake during Honasa’s IPO in November 2023 and further trimmed its holdings through block deals in June 2024.

The latest stake sale comes amid a period of strategic transformation for Honasa Consumer after reporting robust financials for the fiscal year FY26.

Earlier this week, the company announced the acquisition of a 58% stake in nutraceuticals company Fluence Pharma for ₹135 Cr, marking its entry into the fast-growing nutrition and supplements segment.

The acquisition aligns with Honasa’s recently unveiled “Honasa 3.0” strategy, under which the company aims to more than double its revenue to over ₹5,500 Cr by FY31 while expanding EBITDA margins beyond 15%.

Buoyed by strong business performance, Honasa’s shares have been largely rallying this year. The company’s shares have gained about 42% on a year-to-date basis, touching a 52-week high of ₹437.90 earlier this month.

However, the stake sale by the investment firm should not be viewed solely in context of the BPC major.

Beyond Honasa, early investors of Indian startups, which have been listed on the bourses for some time now, have been offloading shares in droves over the past few weeks.

Prominent Indian startup investors like SoftBank, Alpha Wave Ventures, Actis, Peak XV, Elevation Capital, Tencent, have cashed in on their bets on new-age tech companies like Paytm, Lenskart, Pine Labs, Delhivery, among others, in recent months,

For instance, Shadowfax’s early backer Mirae Asset offloaded a stake worth ₹120 Cr just yesterday, months after the listing of the logistics company. Companies like Pine Labs and Delhivery have also seen multiple block deals materialise within this week itself.

On the flip side, primary capital infusion for the Indian startup ecosystem has been steadily picking up over the past few weeks . Indian startups raised $427.1 Mn between June 15 and 19, marking a 76% uptick from $242.6 Mn raised in the preceding week.

A similar uptick was also recorded in the previous week’s cumulative funding. Weekly capital infusion is poised to be significantly higher this week, owed to CRED’s $900 Mn fund raise.

For Sofina, the stake sale in Honasa comes amid a renewed focus on the world’s third-largest startup ecosystem. Earlier this month, the investor co-led the $55 Mn Series B round of FirstClub. It had also backed IPO-bound D2C brand The Whole Truth earlier this year."
Ecommerce,"Meesho’s Kirana Ambitions, Battle For Aakash & More",https://inc42.com/buzz/meeshos-kirana-ambitions-battle-for-aakash-more/,Team Inc42,25th June 2026,News,https://inc42.com/cdn-cgi/image/quality=90/https://asset.inc42.com/2026/06/FTR-Daily-Brief-2026-06-25T005902.322-490x360.png,,"Meesho Chases Kirana High

Meesho’s first acquisition after its IPO appears to be more than a new experiment. By buying Kirana Club for ₹202 Cr, Meesho, after years of B2C scale, is betting on kirana retail, logistics, and margins. Can this deal revitalise India’s troubled B2B sector?

Meesho’s B2B Play: The ecommerce giant valued Kirana Club at about 200X of its FY26 top line of just ₹33 Lakhs. So, why this vote of confidence in an early stage startup, which operates in a sector that has seen major players suffer downrounds and fire sales? The move offers Meesho a chance to build a different kind of B2B kirana engine, one that relies less on heavy offline activation and more on network effects, digital familiarity, and lower-cost distribution.

Kirana Club’s Edge: What works for the acquired startup is its asset-light model, with no inventory and field staff. Instead, it works as a marketplace that connects small retailers directly with FMCG brands through an app. Its community layer, where kirana owners share pricing, product insights, and scheme information in local languages, has helped build trust in underserved markets.

Meesho’s Bigger Bet: For the ecommerce major, the acquisition is not just about entering B2B retail. It is about plugging Kirana Club into a wider ecosystem that includes payments, vendor relationships, lending and creator commerce. What may also come in handy is its logistics arm, Valmo, that may help solve one of B2B retail’s toughest problems – costly last-mile fulfilment in smaller towns.

On top of this, FMCG brands are also now increasingly embracing new distribution partners as quick commerce changes how kiranas source products. This gives Meesho a chance to position Kirana Club not just as a procurement layer, but as a broader merchant network.

With much on its plate, can Meesho make B2B kirana commerce work where so many others have struggled? Let’s find out…

From The Editor’s Desk

🎓 BYJU’S-Aakash Ownership Battle

🥗 Reshuffle At Swiggy Instamart

💰 Ambak Eyes ₹80 Cr

🤖 MoEngage Acquires Aampe

🏪 Quick Commerce Race Heats Up

Inc42 Markets

PRISM DRHP: A Look At Shareholding Pattern & Key Personnel...

Hyderabad Startup Funding Soars In H1 2026, Delhi, Mumbai Fu...

Meru Cabs Withdraws 7-Year-Old Predatory Pricing Appeal Agai...

Inc42 Startup Spotlight

Can OneCap Streamline Reconciliations For Enterprises?

Financial reconciliation remains stuck in spreadsheets and manual checks. For companies handling millions of transactions, closing books can take weeks, often leaving costly errors undetected. OneCap is rethinking this process with AI.

Automating Reconciliation: Founded in 2025, OneCap operates an AI-powered reconciliation platform designed for enterprises. It aims to replace periodic, manual workflows with real-time monitoring and automated discrepancy detection. By enabling continuous reconciliation, it helps businesses detect duplicate payments, missing invoices and accounting errors.

The AI Brain: At the core of the platform is an agentic AI architecture with specialised agents and an Intelligent Hypothesis Engine. The system ingests data from multiple sources, applies financial logic and adapts to enterprise-specific workflows in natural language.

OneCap’s Early Traction: Within a few months of its launch, the platform claims to have analysed over 10 Mn transactions worth ₹17,000 Cr and identified discrepancies across 3.5% of transaction value. It counts names such as Malabar Gold & Diamonds, KreditBee and HomeLane as clients.

With the Indian reconciliation software market projected to become a $305 Mn market by ​2034​, can OneCap bring accuracy and speed in financial operations?

Infographic Of The Day

India isn’t just spending on homes anymore, it is spending on how homes feel. From candles and diffusers to room mists and aromatherapy, home fragrance is quietly becoming one of India’s fastest-growing lifestyle categories. Here is all about it…"
Ecommerce,Meesho's ₹202 Cr Question: Can It Crack India's Kirana Code?,https://inc42.com/features/meeshos-%e2%82%b9202-cr-question-can-it-crack-indias-kirana-code/,Bismah Malik,25th June 2026,In-Depth,https://inc42.com/cdn-cgi/image/quality=90/https://asset.inc42.com/2026/06/Meesho-B2B-ftr-490x360.jpg,,"Meesho's ₹202 Cr acquisition of Kirana Club signals a contrarian bet that India's next ecommerce opportunity lies in digitising underserved kirana retailers rather than chasing quick commerce growth.

Industry experts say the second wave of kirana-tech startups could succeed where earlier players struggled, as retailers are now digitally mature and customer acquisition costs have fallen.

Ironically, quick commerce may have strengthened the B2B retail opportunity by weakening legacy FMCG distribution exclusivity and making brands more open to partnering with kirana-focused platforms.

Meesho’s first acquisition announcement after the ecommerce company went public also marked its foray into B2B retail space from the conventional B2C ecommerce landscape. But what was hard to miss was the deal value of ₹202 Cr which valued Kirana Club at nearly 14 x of its FY26 topline of just ₹ 15.3 Cr.

Meesho’s CEO Vidit Aatrey while announcing the deal also made his intent clear on eyeing more expansion opportunities in B2B retail space.

This announcement lands at a curious moment for India’s B2B kirana commerce sector, one where established players like Udaan and ElasticRun have spent the last two years absorbing valuation markdowns.

Udaan’s valuation has fallen nearly 59% from its 2021 peak of $3.2 Bn to around $1.8 Bn. ElasticRun was marked down by HSBC to $800 Mn, roughly half of its 2022 valuation.

Both companies have narrowed their losses in FY25 but that came at the cost of revenue contraction, a sign of an industry still searching for unit economics that work. Jumbotail and Solv merger in 2025 also indicated that the individual players were finding it challenging to scale without significant losses.

Against that backdrop, Meesho ’s bet raises an obvious question: what does the company see in Tier II and III kirana commerce that the broader market has spent the better part of two years discounting?

The Rationale Behind Meesho’s B2B Foray

The answer, according to people aware of Meesho’s thinking and industry analysts has less to do with Meesho’s logistics alone and more to do with timing — specifically, a shift in how FMCG brands view exclusivity, and how digitally oriented kirana retailers in smaller towns have become the new battleground of brands and B2B platforms.

To understand why Meesho is betting on Kirana Club specifically, and not building this capability in-house or chasing a more established player, it helps to understand what Kirana Club actually is.

According to people familiar with the company’s business model, Kirana Club operates on a deliberately asset-light premise: zero inventory and zero field sales.

Unlike the first generation of B2B supply chain platforms like Udaan or Jumbotail, which built warehousing and large on-ground sales teams to physically activate retailers, Kirana Club functions purely as a marketplace connecting kirana store owners directly with FMCG brands.

The company holds no stock and runs no traditional salesforce, keeping its own cost base thin.

The ordering experience is mobile-first: retailers use Kirana Club’s app to discover products, compare prices across brands, and place orders directly.

Kirana Club has been able to develop a  community feature, where retailers across small towns share pricing information, discuss products, and learn about brand schemes, largely in local languages.

That community layer, according to earlier company statements is what has driven trust and retention among a retailer base that has historically been wary of digital platforms promising savings that don’t materialise.

Kirana Club’s target market reinforces this design: underserved kiranas specifically outside metro India in Tier III and IV, and rural markets where brand sourcing has traditionally been fragmented, opaque, and dependent on a layered network of regional distributors.

“It’s not just a procurement tool, it’s more like a WhatsApp group and a marketplace hybrid built for small retailers,” according to people aware of the company’s business model.

Meesho, as per sources, wants to plug Kirana Club’s retailer network into an ecosystem of partnerships Meesho has spent years building including logistics, payments, vendor relationships, lending and creator-commerce business.

“We are not pegging this on any particular strength,” a person aware of the company’s strategy said, describing Meesho’s existing setup as “a multitude of partnerships” that Kirana Club’s retailer base will now have access to with Kirana Club’s own team deciding which of these partnerships are valuable additions for their stakeholders.

Meesho may have marked its B2B foray, the company sources said that it is piloting grocery deliveries for consumers at a small scale.

India Trains The World’s Robots, But At What Cost?

D2C’s New Media Playbook

Flipkart, Amazon Flex Logistics Muscles; Will It Bring New G...

Meesho had shut down its B2C grocery delivery business in the aftermath of the pandemic when it realised it would need ultra-aggressive investments to compete in this space.

Instead, it moved to an ecommerce marketplace model, focused on branded goods and fashion, and looked to drive efficiencies there. A return to the grocery delivery business at this stage seems risky given how deeply quick commerce has penetrated the densest markets. But this is still at the pilot stage.

Can Kirana Tech 2.0 Actually Work?

If the first wave of B2B kirana platforms struggled to convert scale into sustainable margins, the question worth asking is whether the underlying conditions have changed enough for a second wave.

Gaurav Chaturvedi, who leads B2B investments at Kae Capital and has backed companies in the space for years argues that the industry is already past its heavy cash burn season.

“There have been multiple companies which have built a digitised supply chain for B2B retail across different verticals — fashion, electronics, etc. Udaan, of course, has been multi-category and has gone through its own journey,” Chaturvedi said.

“The first version of that wave, companies like Udaan etc, had to do a lot of offline work, offline activation, to onboard some of these retailers. And the margins in some of the categories were very low. So at the end of the day, their unit economics did not work out as much as they had thought.”

What’s different now according to the investor is that the costly, capital-intensive work of getting retailers comfortable with digital ordering has, to a significant extent, already been done by the first generation of platforms, even when those companies struggled financially.

“Now Kiranas or retailers are used to those digital interfaces — they seek out these digital interfaces  compared to what it used to be when Udaan etc had started,” he said, adding that newer companies like Kirana Club appear to be building “more like a network rather than a pure supply chain digitisation,” which changes the underlying economics.

That doesn’t mean the market according to industry observers is anywhere close to saturated.It is still under-penetrated.

“Given that it is such a large industry, I don’t think we have even scratched the surface. The market timing and economics is working now, but there’s still a lot of headroom to go in,” said Kae Capital’s Chaturvedi.

A founder of a B2B logistics company which partnered with Meesho said that despite all the hurdles that companies like Udaan and Jumbotail faced in the past which includes limited access to some of the largest FMCG brands, the platforms were able to carve out network partnerships to work with kirana stores.

“One of the biggest challenges earlier was finding the right FMCG distribution network and in many cases B2B platforms had to burn a lot of money for sourcing many grocery items like pulses, grains, oil etc from manufacturers and then supply to the retailers. Big startups that raised huge capital like Jumbotail or Udaan were able to do that but many small platforms couldn’t survive,” the founder quoted above added.

Chaturvedi meanwhile pointed out that not all B2B retail categories carry the same margin profile, and that has shaped where capital and attention have gone.

“Groceries and electronics — these are the categories which move the most volume, but they have the lowest retail margin and net distribution margin. Fashion and home categories, by contrast, carry meaningfully higher net distribution margins, specifically in Tier II and III towns, where the profit pool available is much more than say a grocery or the big electronics.”

Kiranas, Chaturvedi noted, are rarely pure grocery outlets in smaller towns.

“A lot of companies that used to work in kirana in small towns — kiranas also stock a lot of home supplies, and they’re not just for pure branded grocery but a lot of other things also. Home supplies, utensils, a little bit of fashion also. Kirana is, of course, the bulk driver of volume and order, sort of basket-building, but there’s enough margin available in other categories,” he added.

Besides, B2B kirana retail has benefitted from the quick commerce boom, as dark store distribution is also managed by these companies for FMCG brands. “Quick commerce is eating into that overall offline kirana distribution also. So brands today are much more open to partnering with other players who have been doing B2B.” according to an insider at a B2B supply chain startup.

The Valmo Edge And The Logistics Question

If there is one synergy that both Meesho insiders and the overall industry agree on, it is Meesho’s logistics arm Valmo built to serve its B2C marketplace across small town India at low cost. Logistics has consistently been cited as the single biggest cost pool and operational bottleneck for B2B kirana platforms, a challenge raised independently by industry sources, company insiders, and investors tracking the sector.

Fragmented last-mile delivery networks, inconsistent fulfillment in smaller towns, and the sheer cost of physically reaching dispersed kirana stores have weighed on the unit economics of nearly every player that has tried to scale in the category.

Valmo could give access to Kirana Club’s retailer base access to fulfillment infrastructure that would otherwise be expensive to replicate independently, particularly in markets where Meesho’s existing delivery network already operates at scale for its B2C business.

But Meesho has been notably cautious about building its B2B retail network just on the logistics leverage, the company is as per sources planning to use its creator, payments and seller ecosystem for the next leg of growth.

“For every B2B supply chain company, the biggest cost is logistics. And that’s true for Kirana Club also, but now with Meesho, it can actually take strides towards scale and profitability. And for Meesho, this gives direct access to more merchants in smaller towns.” he adds.

Besides logistics, payments technology and vendor relationships are also on the table for Kirana Club thanks to the Meesho synergies.

What remains unresolved, is whether the structural tailwinds in B2B retail space right now are sufficient to justify a 200x revenue multiple for a company like Kirana Club. Let’s not forget that Kirana Club itself is still in the early stages of growth and competing against well-capitalised players.

Meesho is not letting its hand show because the likes of Udaan, ElasticRun, Jumbotail and others can catch on to the strategy. It has offered little beyond broad strokes in terms of how this transaction will boost its revenue.

People close to the company have repeatedly said that integration planning is yet to begin in earnest. The company has also been careful not to frame the acquisition around any single capability. And that will determine whether Meesho’s synergies translate into B2B kirana supply chain success for Kirana Club.

[Edited By Nikhil Subramaniam]"
Enterprise Tech,MapmyIndia Appoints Ex-CEO Rohan Verma As Joint MD,https://inc42.com/buzz/mapmyindia-appoints-ex-ceo-rohan-verma-as-joint-md/,Anne Florentyna,1st July 2026,News,https://inc42.com/cdn-cgi/image/quality=90/https://asset.inc42.com/2026/07/Mapmyindia-Rohan-Verma-Feature-490x360.png,,"Rohan Verma has taken charge of the geotech major as its joint managing director (MD), effective July 1, to rein the company’s charge in the AI era

Rohan Verma will, along with the team, lead the advancement of the company's AI-native deeptech products and solutions, said chairman and managing director Rakesh Verma

Rohan served as the CEO of MapmyIndia for almost six years till March 2025, when he stepped down to focus on scaling a B2C business

Over a year after stepping down from the role of CEO and executive director, Rohan Verma has taken charge of the geotech major as its joint managing director (MD), effective July 1, to rein the company’s charge in the AI era.

“Rohan Verma will, along with the team, lead the advancement of the company’s AI-native deeptech products and solutions, with a strategic focus on building future-ready, technology-driven innovations, leveraging artificial intelligence (AI), geospatial intelligence and the Internet of Things (IoT), and other advanced deep-tech technologies to address evolving customer and market needs,” chairman and managing director Rakesh Verma said.

Rohan served as the CEO of MapmyIndia for almost six years till March 2025, when he stepped down to focus on scaling a B2C business. MapmyIndia had planned on hiving off its B2C business under the new entity the departing CEO was planning on building.

Back then, MapmyIndia made an initial investment of ₹10 Lakh to acquire a 10% stake in Rohan’s new business, with plans to infuse another ₹35 Cr in the form of compulsorily convertible debentures (CCDs).

With mounting investor scrutiny on plans on hiving off the B2C business, the geotech company had reversed its decision and decided not to make any equity or debt investment in the new entity.

Subsequently, in May 2025, Rohan was reappointed as managing director for MapmyIndia’s video mapping subsidiary Mappls DT and GPS-based fleet management and data analytics solutions subsidiary Gtropy.

Important to note that Rohan, who is the son of MapmyIndia cofounders Rakesh Verma and Rashmi Verma, has been working with MapmyIndia since 2004, under various leadership positions. He has also worked with global brands such as Microsoft and McKinsey and Company, holding an overall experience of about two decades.

The appointment of Rohan comes at a time when MapmyIndia is ramping up distribution of its mapping solutions both on the B2C and B2B front.

During the company’s fourth quarter earnings call, Rohan Verma mentioned that MapmyIndia’s APIs and SDKs have been integrated into platforms of quick commerce players like Zepto and Amazon Now recently. So every user on Zepto and Amazon Now will be able to view Mappls.

On the financial front, MapmyIndia’s net profit for Q4 FY26 rose by 4% to ₹50.9 Cr from ₹49 Cr in the year-ago quarter. Aligning with the bottomline’s performance, operating revenue rose marginally to ₹145 Cr during the quarter under review from ₹143.6 Cr in Q4 FY25.

Following the announcement, shares of MapmyIndia jumped as much as 9% during intraday trade. As of 14:54 IST, the stock was trading 5.47% higher at ₹854.70 on the BSE."
Enterprise Tech,Kapture CX Bags $10 Mn To Take Its Verticalised Agentic AI Platform Global,https://inc42.com/buzz/kapture-cx-bags-10-mn-to-take-its-ai-powered-crm-tools-global/,Anne Florentyna,30th June 2026,News,https://inc42.com/cdn-cgi/image/quality=90/https://asset.inc42.com/2026/06/kapture-CX-funding-featured-490x360.png,,"The fresh capital will be utilised to enter new international markets, boost R&D capabilities and scale product development

Founded in 2014, Kapture CX offers AI copilots that enable companies to resolve consumer queries, assist support teams and derive analytics from user interactions

The startup claims to have more than 1,000 enterprise clients under its belt, and is targeting 5X revenue growth over the next few years

AI-powered SaaS platform Kapture CX has raised $10 Mn (₹94.5 Cr) as part of its Pre-Series B round led by Bajaj Finserv Ventures. The round also saw participation from existing investors Cactus Partners and India Alternatives.

Kapture CX said that the fresh capital will be utilised to enter new international markets, boost research and development (R&D) capabilities and scale product development.

Founded in 2014 by Vikas Garg and Sheshgiri Kamath, Kapture CX offers AI enabled CX solutions for enterprises. It also offers AI copilots that enable companies to resolve consumer queries, assist support teams and derive analytics from user interactions.

Kapture CX claims to have more than 1,000 enterprise clients under its belt, including the likes of Bajaj Finance, Cashify, bigbasket, Unilever, Coca Cola, Jockey, among others. It also claims to cater to more than 90,000 active users across 18 countries.

With a team of 350+ employees, Kapture CX is based in Bengaluru and has offices in the US, Singapore, Indonesia, the UAE and Philippines. Going forward, the startup said that it is targeting 5X revenue growth over the next few years.

The startup last raised $4 Mn in its Series A round in 2023. Since then, it claims to have grown its revenue 4X, while being profitable. Including the current round, it has secured more than $20 Mn in funding to date from names such as Cactus Venture Partners and India Alternatives.

“Since our Series A round in 2023, Kapture has grown 4X and achieved what remains rare in the AI economy – profitability. Having an AI-first organization like Bajaj Finserv Ventures lead this round is powerful validation of our value proposition…,” said Kapture CX cofounder and CEO Kamath.

The fundraise comes at a time when AI is emerging as a foundational pillar for SaaS and software development. Enterprise tech platforms are actively integrating agentic AI capabilities to refine their products and gain bigger market share. As a result, the homegrown enterprise tech space emerged as one of the most-funded sectors in 2025, raising $1.8 Bn across 82 deals.

The momentum has percolated in 2026 as well. Just weeks ago, AI startup ContraVault raised $3.1 Mn in a Pre-Series A round led by Chiratae Ventures. Prior to this in June, another AI startup HyperNorm AI bagged $2.2 Mn in its seed round from Capital 2B and others.

Earlier this month, Gurugram-based enterprise AI startup TrueFan AI also secured $10 Mn in its Series A round led by Baring Private Equity Partners India and Z3Partners."
Enterprise Tech,Exclusive: Vibe Coding Startup Rocket Eyes Fresh Funding In SIG-Led Round,https://inc42.com/buzz/vibe-coding-startup-rocket-eyes-fresh-funding-in-sig-led-round/,Debarghya Sil,27th June 2026,News,https://inc42.com/cdn-cgi/image/quality=90/https://asset.inc42.com/2026/06/Rocket-Fundingftr-490x360.jpg,,"Vibe coding startup Rocket is in talks with US-based Susquehanna International Group (SIG) to raise a fresh round of funding, sources told Inc42.

The discussions come less than a year after Rocket raised $15 Mn in its seed funding round led by Salesforce Ventures and Accel, with participation from Together Fund.

Rocket claims to see the most traction in the US market, which accounts for 26% of its overall revenue

Vibe coding startup Rocket is in talks with US-based Susquehanna International Group (SIG) to raise a fresh round of funding, sources told Inc42.

“The startup has held multiple rounds of discussions with SIG for its Series A round. The talks are progressing well,” one of the sources said.

The funding round will also see participation from Rocket’s existing investors, including Salesforce Ventures and Accel, the sources added.

Inc42 could not independently ascertain the size of the funding round. Queries sent to Rocket did not elicit a response till the time of publication.

The discussions come less than a year after Rocket raised $15 Mn in its seed funding round led by Salesforce Ventures and Accel, with participation from Together Fund.

Founded in 2021 by Vishal Virani, Rahul Shingala, and Deepak Dhanak, Rocket provides an AI-powered platform for building apps, websites, dashboards, and internal tools in minutes by giving instructions in natural language.

The Surat-based startup offers a free starter plan with 1 Mn tokens and paid subscription tiers priced at $25, $50 and $100 per month. Higher-priced plans offer increased token limits, private projects, code downloads and the option to opt out of data training.

In April this year, the startup also forayed into the enterprise solutions segment. Its Rocket 1.0 helps businesses build apps and analyse competition post-launch. It claims to generate detailed documentation, including strategy, market dynamics, and competition analysis.

Rocket claims to see the most traction in the US market, which accounts for 26% of its overall revenue. The European market contributes 15-20% and India accounts for 10% of the top line.

The fundraising efforts come amid growing investor interest in AI-powered coding platforms, driven by their rapid adoption.

Earlier this year, former Dunzo cofounder Mukund Jha’s vibe coding startup Emergent raised $70 Mn . The startup is now reportedly in talks to raise another funding round at a unicorn valuation. Globally, investor interest in the AI coding space has also intensified, underscored by Elon Musk-led xAI’s $15 Bn acquisition of Cursor.

Beyond vibe coding, investors remain bullish on Indian AI startups overall. According to Inc42’s ‘Annual Indian Startup Trends Report 2025’, Indian AI startups raised nearly $500 Mn across 63 deals in 2025."
Enterprise Tech,MoEngage Acquires US-Based AI Startup Aampe To Scale Agentic Marketing,https://inc42.com/buzz/moengage-acquires-us-based-ai-startup-aampe-to-scale-agentic-marketing/,Anjali Jain,24th June 2026,News,https://inc42.com/cdn-cgi/image/quality=90/https://asset.inc42.com/2025/04/moengage-490x360.jpg,,"MoEngage said Aampe founders Paul Meinshausen, Schaun Wheeler and Sami Abboud will join it to lead its agentic decisioning initiatives

Aampe provides dedicated, autonomous AI agents for every individual customer of a brand to aid in personalised messaging and marketing

Aampe claims to have deployed millions of these individual agents across its customers, and claims to process over 200 Bn decisions a week

SaaS major MoEngage has acquired San Francisco-based AI infrastructure startup Aampe to strengthen its customer engagement stack.

In a statement, MoEngage said Aampe founders Paul Meinshausen, Schaun Wheeler and Sami Abboud will join it to lead its agentic decisioning initiatives.

While MoEngage didn’t disclose the financial details of the transaction, sources told Inc42 that it was an all-cash deal of “tens of millions of dollars”.

Founded in 2020, Aampe provides dedicated, autonomous AI agents for every individual customer of a brand. This allows brands to do personalised messaging and marketing for individual customers based on their behavioural history rather than traditional targeted marketing that focuses on demographics and geographies.

The agents help determine the messaging for each individual customer, the timing and frequency of the messaging and the channels through which it should be done. The agents also learn from every messaging outcome to improve decision making.

Aampe claims to have deployed millions of these individual agents across its customers, and claims to process over 200 Bn decisions a week. The startup is backed by investors such a Peak XV, Z47 and Theory Ventures.

“Every marketer wants to show up at the right moment, with the right message, for every individual user… Aampe has built something the rest of the market hasn’t cracked: a system that continuously optimises content, timing, channel, and frequency together at an individual level,” MoEngage cofounder and CEO Raviteja Dodda said on the acquisition.

The acquisition is in line with MoEngage’s vision of building an agentic customer engagement platform , the work for which began with its Merlin AI agents that aids marketers in building and distributing campaigns. Its custom AI agents also have the capability of owning entire marketing workflows end-to-end rather than assisting with isolated tasks.

Aampe’s existing global customers, including Taxfix, Grab, Zen Business, among others, will move to MoEngage following the acquisition.

Food delivery major Swiggy has also been using both MoEngage and Aampe as part of its marketing stack. MoEngage said that Aampe helps the foodtech company push highly relevant messages to customers by working through thousands of options and tailor-crafting toward their specific preferences.

Founded in 2014 by Dodda and Yashwanth Kumar, MoEngage helps consumer brands amplify and scale customer engagement by understanding their patterns through a 360° view of customer behaviour and communication across different channels through cross-channel marketing.

The startup has raised $487 Mn to date, including a $180 Mn Series F round raised last year . It counts the likes of Titan Capital, Z47, and A91 Capital among its backers.

MoEnage has been preparing for a public market listing. As part of this, it completed its reverse flipping to India recently ."
Enterprise Tech,How Shipway Is Using AI To Drive Post-Purchase Efficiency For India’s D2C Brands,https://inc42.com/startups/how-shipway-is-using-ai-to-drive-post-purchase-efficiency-for-indias-d2c-brands/,Inc42 BrandLabs,22nd June 2026,Startup Stories,https://inc42.com/cdn-cgi/image/quality=90/https://asset.inc42.com/2026/06/Shipway-By-Unicommerce-ftr-490x360.jpg,,"India's D2C market is projected to surpass $310 Bn by 2030, but fulfilment is emerging as a key profitability challenge for ecommerce brands

Shipway by Unicommerce is betting that post-purchase operations will become a major competitive differentiator as ecommerce expands beyond metros

Using shipment data across thousands of pincodes, Shipway's AI engine ShipSense aims to help brands improve delivery success

India’s D2C economy is projected to surpass $310 Bn by 2030 , and the brands driving this growth have largely mastered the front end of ecommerce, building products, acquiring customers and driving online conversions. However, managing what happens after checkout remains a far more complex task.

As ecommerce penetrates deeper into Tier II & III markets, fulfilment is becoming increasingly complex. D2C brands in India typically report return-to-origin (RTO) rates of 20-30%, while categories such as fashion, footwear and lifestyle often see even higher rates due to their reliance on cash-on-delivery orders.

For context, an RTO occurs when a delivery fails, and the package is returned to the seller, creating additional costs. Failed deliveries, fragmented courier networks and rising customer support costs can quietly eat into margins, turning fulfilment from a logistics challenge into a data and intelligence problem. This is the opportunity Shipway by Unicommerce is looking to address.

Shipway operates an AI-powered ecommerce logistics and post-purchase automation platform that helps brands manage fulfilment after checkout. Today, it serves thousands of brands and processes millions of shipment events annually across India, providing visibility into delivery patterns across customers, courier partners and geographies.

“Historically, brands focused heavily on customer acquisition and conversion. Today, profitability increasingly depends on what happens after checkout,” said Kapil Makhija, CEO, Unicommerce.

The company sees fulfilment as one of the most important levers for improving ecommerce profitability and customer retention. With customer expectations around delivery transparency and service quality continuing to rise, Shipway believes brands will increasingly need automation and intelligence to manage post-purchase operations at scale.

Central to this vision is ShipSense, Shipway’s AI-powered fulfilment intelligence engine, which the company believes will shape the next evolution of ecommerce logistics. Here’s a deep dive into the platform and the problem it aims to solve.

How ShipSense Uses AI To Optimise Courier Allocation

Shipway by Unicommerce manages the post-purchase journey for ecommerce brands, bringing courier allocation, shipment tracking, COD verification, returns management, and customer communication onto a single platform. At the heart of this offering is ShipSense, the company’s AI-powered fulfilment intelligence engine that powers courier allocation.

A courier partner that achieves a 95% delivery success rate in Bengaluru one week, for instance, may see its performance deteriorate the next week due to factors such as weather disruptions, festive-season demand spikes, or local network constraints. Unlike traditional logistics systems that rely on fixed rules to assign courier partners, ShipSense continuously evaluates changing delivery conditions.

To address this, ShipSense goes beyond predefined rules and analyses three layers of data before assigning a courier to a shipment.

The first layer is order intelligence, which analyses factors such as the shipment’s origin and destination, order value, and expected delivery timeline. The second is the customer intelligence layer, which evaluates whether the customer has previously received orders, their purchase frequency, and any history of refusing cash-on-delivery (COD) shipments or returning products.

The third layer, carrier intelligence, assesses which courier is performing best in a particular geography at that moment. Rather than relying on historical performance from months ago, it tracks real-time service-level agreement (SLA) adherence, serviceability coverage, transit timelines, and live RTO trends across courier partners.

Together, the three intelligence layers help identify the courier partner that is both the most cost-effective and most likely to successfully complete a specific delivery for a particular customer.

30 Startups To Watch: Startups That Caught Our Eye In June 2...

How AI Is Rewiring The Consumer Growth Stack Across India’s ...

How Let’s Try Tripled Revenue To Cross ₹200 Cr In A Year

This solves much of the RTO problem. For every RTO, businesses not only bear the cost of the failed delivery attempt and return shipment but also face inventory lock-ups while products remain in transit.

For high-volume D2C brands, RTOs can quietly erode margins. Common causes include incorrect addresses, unverified COD orders, customer unavailability, delivery refusals, and low-purchase intent.

ShipSense reduces this risk by identifying customers and geographies at higher risk of RTOs before an order is dispatched. It verifies COD orders via WhatsApp or IVR calls before dispatch, and when deliveries still fail, it triggers an automated non-delivery report (NDR) management workflow to follow up with customers, reschedule deliveries, and improve recovery rates, rather than automatically returning orders.

“This reduces operational overhead, shortens resolution timelines, improves customer satisfaction, and increases the likelihood of retaining customers for future purchases,” said Makhija.

To put this into perspective, D2C brand Dr. Veda, a Shipway customer, increased its delivery success rate from 79% to 85%, a 6-percentage-point improvement, according to Makhija.

In another example shared by the company, the innerwear brand Bummer reported a 67% reduction in RTOs with ShipSense, while the children’s footwear brand ONYC increased its delivery success rate to 94% and reduced shipping costs by 31%.

According to the data shared by the company, merchants using the Shipway platform have reported up to a 50% reduction in RTOs and up to a 60% decline in WISMO (Where Is My Order?) queries.

The data suggests that Shipway’s strongest product-market fit lies with D2C brands that have outgrown manual logistics management but lack the resources to build in-house fulfilment intelligence systems. Fashion, beauty, wellness, and lifestyle brands tend to adopt it most, largely because these categories handle high cash-on-delivery volumes and complex returns.

Why Shipway Is Betting On Fulfilment Intelligence

The effectiveness of any AI system depends on the quality and scale of data powering it. For Shipway, that advantage stems from the volume of fulfilment activity flowing through its platform every day.

Today, it processes millions of shipment events annually across India and has also reached an annual recurring revenue (ARR) run rate of around ₹85 Cr, according to its Q4 FY26 reported figures. Shipway’s every shipment generates valuable data points, including delivery outcomes, courier performance, customer behaviour and geography-specific trends.

Over time, this has enabled Shipway to build a large and continuously evolving intelligence layer and develop a powerful data flywheel. As more brands use the platform and more shipments flow through its platform, Shipway gains deeper visibility into the factors that drive successful deliveries and those that lead to failures.

These insights are then fed back into products such as ShipSense, helping improve courier allocation, RTO prediction, delivery optimisation and customer communication. The more the platform is used, the smarter it becomes.

According to Makhija, Shipway is now looking to extend this intelligence layer beyond traditional ecommerce deliveries. One of its key focus areas is Shipway Cargo, through which it plans to strengthen its presence in B2B and quick-commerce logistics.

At the same time, the company is working to automate more fulfilment workflows and drive wider adoption of ShipSense among ecommerce brands.

“The long-term vision is to become the operating system for ecommerce fulfilment intelligence, helping brands make smarter decisions across courier allocation, delivery optimisation, RTO prediction, returns management, customer communication, and retention,” said Makhija.

Makhija also shared that the company focuses on two key priorities: improving the delivery experience for customers and providing responsive support to merchants. He added that merchant feedback plays an important role in product development at Shipway, with several product updates originating from seller inputs.

As ecommerce operations become increasingly complex, Makhija believes the company’s technology capabilities, delivery expertise and merchant support offerings position it to address evolving market needs.

What is becoming increasingly clear, however, is that as customer expectations rise and profitability comes under greater scrutiny, post-purchase operations are moving from the periphery to the centre of ecommerce strategy.

For companies such as Shipway, this shift could unlock one of the largest opportunities in the next phase of digital commerce growth."
Enterprise Tech,Karo Sambhav Raises ₹56 Cr To Turn E-Waste Into Critical Raw Materials,https://inc42.com/buzz/karo-sambhav-raises-%e2%82%b956-cr-to-turn-e-waste-into-critical-raw-materials/,Shrishti Bisht,18th June 2026,News,https://inc42.com/cdn-cgi/image/quality=90/https://asset.inc42.com/2026/06/Pranshu-Singhal-490x360.jpg,,"Karo Sambhav has raised ₹56 Cr ($5.9 Mn) in its Pre-Series A funding round from Rainmatter to scale critical raw material recovery from end-of-life products

The investment will enable the nine year old startup, which had been bootstrapped till now, to embark on its next phase of growth

In this, the startup plans on scaling its high-quality recycling infrastructure for recovery of critical, precious and high-value materials

Cleantech startup Karo Sambhav has raised ₹56 Cr ($5.9 Mn) in its Pre-Series A funding round from Rainmatter to scale critical raw material recovery from end-of-life products.

The investment will enable the nine year old startup, which had been bootstrapped till now, to embark on its next phase of growth.

In this, the startup plans on scaling its high-quality recycling infrastructure for recovery of critical, precious and high-value materials.

The startup said it will initially focus on e-waste recycling due to the high concentration of valuable materials in discarded electronics, while also expanding into other waste streams over time.

Founded in 2017 by Pranshu Singhal, Karo Sambhav works with companies, enabling them to collect & recycle the waste related to their products. It designs and implements extended producer responsibility (EPR) programmes for e-waste, battery waste, plastic waste, and glass waste. It claims to work with over 30 global tech and FMCG brands including Apple, Dell, Cisco, Pepsico, HP, among others.

The Delhi NCR-based startup currently operates two recycling facilities and has collection channels in more than 50 cities. It claims to have channelised over 1.50 Lakh metric tonnes of waste for responsible recycling.

The startup said its planned recycling infrastructure project has received eligibility status under the incentive scheme for promotion of critical mineral recycling under the National Critical Minerals Mission (NCMM) of the Ministry of Mines.

“India’s manufacturing future will require reliable access to critical, precious and high-value materials. Many of these materials are already present in products that have reached the end of life. Karo Sambhav has spent the last nine years building the operating base to collect, recycle and trace these material streams responsibly,” CEO Singhal said

Karo Sambhav competes with the likes of Attero Recycling, Recykal, Banyan Nation and ReCircle, among others.

The funding comes at a time when concerns around electronic waste and access to critical raw materials are growing. According to Karo Sambhav, India generates an estimated 4.1 Mn metric tonnes of e-waste annually, making it the world’s third-largest e-waste generator, while global e-waste volumes are expected to reach 82 Mn tonnes by 2030.

As India looks to secure supplies of critical materials needed for sectors such as electronics, EVs, defence and clean energy, e-waste is increasingly being viewed as a valuable source of resource recovery.

Against this backdrop, India’s waste recycling services market, valued at more than $3.3 Bn, is projected to grow at a CAGR of nearly 9.8% , driven by stricter extended producer responsibility (EPR) mandates and rapid industrialisation."
Enterprise Tech,Gnani.ai Doubles Down On Sovereign Voice AI Models With Prisma v2.5 Launch,https://inc42.com/buzz/gnani-ai-doubles-down-on-sovereign-voice-ai-models-with-prisma-v2-5-launch/,Shraddha Goled,17th June 2026,News,https://inc42.com/cdn-cgi/image/quality=90/https://asset.inc42.com/2026/06/FTR-16-490x360.jpg,,"Gnani.ai has launched Prisma v2.5, a speech-to-text model spanning 12 languages and trained on 14 Mn hours of proprietary Indic speech data.

The startup claims the model delivers higher accuracy and lower latency for real-world Indian voice environments, including multilingual and noisy telephony conversations.

The launch comes as Indian sovereign AI players intensify competition with global voice AI firms such as ElevenLabs and Wispr Flow.

Enterprise voice AI startup Gnani.ai has launched its latest model called Prisma v2.5. A speech-to-text (STT) model, Prisma spans across 12 languages and offers dialect variation, ambient noise, and natural code-switching which is directly baked into the training distribution. Users will now be able to access the model using application programming interfaces (APIs).

Prisma For India’s Voice-First Reality

Gnani Prisma v2.5 is trained on 14 million hours of proprietary Indic speech. The model claims to close the transcription gaps such as short utterances, numerals, alphanumerics, named entities, and domain-specific vocabulary in critical industries like BFSI, insurance, healthcare, and several others. These are the categories where errors carry direct downstream consequences in compliance workflows, CRM logging, and agent assist applications.

“Most ASR models are built for ideal studio conditions. Indian calls happen over compressed network lines, in at least two languages inside a single sentence, in accents no studio corpus has ever captured. Gnani Prisma v2.5 is built for that reality,” said Ganesh Gopalan, cofounder and chief executive officer of Gnani.ai.

The firm has benchmarked the model on key metrics such as word error rate (WER) and character error rate (CER). The internal evaluations and third-party assessments indicate that Prisma outperforms both global and local speech-to-text providers such as Elevenlabs, Sarvam AI, and Microsoft, the company said. According to Gopalan, one of the early testers of the model is a retail client who has migrated to Prisma from a global STT model.

Prisma also delivers significantly lower latency because it is hosted on local Indian data centres such as form providers like E2E Networks, Gopalan told Inc42. According to him, the reduced latency makes the model better suited for real-time applications such as telephony and other voice-based environments, where global models can sometimes struggle due to higher response times.

Gopalan positions Prisma as a global model. And while the latest release is limited to Indian languages, the plan is to further launch it in countries like Japan, the Philippines, and the Middle East region.

The new model follows the December 2025 launch of Vachana STT, a foundational, enterprise-grade Indic speech-to-text model trained on over one million hours of real-world voice data. Gnani.ai also launched its voice-first AI model Inya during the ‘India Impact AI Summit 2026’.

In March, the startup raised $10 Mn (around ₹94 Cr) in its Series B funding round led by Aavishkaar Capital. The round also saw participation from existing backer InfoEdge Ventures. The startup is deploying the fresh capital to expand its customer base by exploring new verticals and global markets. Additionally, a chunk of the funds will go towards research and development and talent acquisition.

Sovereign AI Landscape Heats Up

Gnani.ai, along with players such as Sarvam AI, Fractal Analytics, and BharatGen, are in the race to provide sovereign models in the highly competitive AI landscape. One of the most closely watched AI battles in India is unfolding in the voice technology space, where homegrown sovereign AI startups are increasingly competing with global players such as ElevenLabs and Wispr Flow.

“Global companies are entering India because we are seeing early adoption of voice AI, and enterprises here are far more open to adopting this technology. However, we are fairly confident about our models. Because they are deeply localised and have been tested across a variety of real-world Indian environments, we believe they deliver higher accuracy and are better suited to the market than many competing models,” said Gopalan, when asked about the growing global competition.

To be sure, Gnani.ai is one of the startups backed under the India government-backed IndiaAI Mission to build sovereign AI models tailored for India, along with the likes of Sarvam and Soket AI.

A new case for sovereign AI is being hotly debated now, with the recent US restrictions on Anthropic’s most advanced AI models. Last week, the US imposed export controls on Anthropic’s Fable 5 and Mythos 5 models , citing national security concerns. The directive barred access by foreign nationals, prompting Anthropic to disable the models globally rather than selectively enforce the restrictions.

The move has highlighted the risks of relying on frontier AI systems controlled by a single country and strengthened calls for sovereign, locally developed AI models in markets such as India and Europe. Gopalan, too, said that the episode highlights why countries need to develop their own AI models with strong security safeguards.

[Edited by Nikhil Subramaniam]

A message from : Mobavenue AI Tech Limited is an AI-Powered AdTech and Consumer Growth platform helping brands reach high-intent audiences through data-driven, scalable, and transparent marketing solutions. Learn More"
Clean Tech,Recykal Bags $23 Mn To Take Its Waste Management Solutions Global,https://inc42.com/buzz/recykal-bags-23-mn-to-take-its-waste-management-solutions-global/,Team Inc42,21st June 2026,News,https://inc42.com/cdn-cgi/image/quality=90/https://asset.inc42.com/2026/06/Recykal-FY23-ftr-490x360.jpg,,"The startup told Inc42 that $17.6 Mn (over ₹166 Cr) was raised via primary transactions, while the remaining $5.4 Mn (nearly 51 Cr) comprised secondary deals

Recykal plans to utilise the fresh funds to strengthen its tech stack, support global expansion, support strategic investments and accelerate the deployment of its DRS solutions

Founded in 2016, Recykal’s B2B marketplace connects buyers and sellers of recyclable materials, while its SaaS solutions enable brands to track and trace plastic and e-waste recycling

Waste management startup Recykal has raised $23 Mn (nearly ₹217 Cr) as part of a bridge funding round, in a mix of primary and secondary deals, from existing backers and a clutch of family offices.

The startup told Inc42 that $17.6 Mn (over ₹166 Cr) was raised via primary transactions, while the remaining $5.4 Mn (nearly ₹51 Cr) comprised secondary deals. It plans to utilise the fresh funds to strengthen its tech stack and support international growth initiatives.

In a statement, Recykal also said that a chunk of the capital will also be utilised to support strategic investments in the circular economy space, accelerate the deployment of its deposit return system (DRS) and scale its waste management solutions.

“This bridge round gives us the flexibility to deepen our technology investments, scale DRS deployments, and expand into international markets where circularity infrastructure is rapidly becoming a priority. We remain committed to building the digital backbone for a globally connected circular economy,” said Recykal cofounder and CEO Abhay Deshpande.

While Recykal did not disclose the investors that participated in the round, RoC filings accessed by Inc42 revealed that the startup raised ₹166.5 Cr across two tranches since the onset of this year – ₹128 Cr in February and ₹38.4 Cr in June.

In total, it allocated 35,971 Series D compulsory convertible preference shares (CCPS) at an issue price of ₹46,275 apiece. The round was led by Pidilite Industries vice chairman Ajay Parekh, who infused ₹30 Cr. The fundraise also saw participation from Biological E Ltd. (₹25 Cr), 360 ONE (₹20 Cr), Trinity Combine (₹15 Cr), Strat Ventures (₹15 Cr), among others.

Meanwhile, Recykal also said that early backer Circulate Capital exited the startup during the round, with nearly 5X returns on its original investment.

Founded in 2016 by Abhay, Abhishek Deshpande, Ekta Narain, Vikram Prabakar and Anirudha Jalan, Recykal is a cleantech platform that aims to digitise waste management. Its B2B marketplace connects buyers and sellers of recyclable materials, while its software solutions enable brands to track and trace plastic and e-waste recycling to meet compliance mandates.

The freshly raised funds will also be used to accelerate its newly launched DRS offering, under which consumers pay a refundable deposit on containers at purchase. When the empty container is returned to a collection point, the deposit is refunded. Under this, the startup provides reverse logistics, consumer engagement, reverse vending machines and verification infrastructure for brands.

It claims to be already piloting its DRS initiative across multiple Indian states, including Goa, Himachal Pradesh, Kerala and Tamil Nadu as well as India’s neighbour Bhutan.

The Morgan Stanley-backed platform has raised more than $35 Mn in funding to date. It last raised around $13.2 Mn as a part of its Pre-Series B round from 360 ONE Asset Management in 2024.

Going forward, the Hyderabad-based startup said that it is actively pursuing opportunities in Europe and the United Kingdom through organic expansion, strategic partnerships and potential acquisitions. It also plans to expand its marketplace to enable domestic and global sourcing of recyclable materials and circular commodities.

On the financial front, Recykal said that it closed FY26 with gross revenue of ₹1,498 Cr, up 53.2% from ₹978 Cr in the year ago fiscal.

The funding comes amid growing investor interest in cleantech startups on the back of the country’s ambitious net-zero targets, regulatory sops, and brands prioritising environmental, social and governance (ESG) mandates.

As India looks to secure supplies of critical materials needed for sectors such as electronics, EVs, defence and clean energy, e-waste is increasingly being viewed as a valuable source of resource recovery.

At the heart of all this is India’s waste recycling services market, which is projected to become a $1.5 Bn opportunity by 2031 ."
Clean Tech,SolarSquare Bags $53 Mn To Scale Its Rooftop Solar Solutions,https://inc42.com/buzz/solarsquare-bags-53-mn-to-scale-its-rooftop-solar-solutions/,Team Inc42,16th June 2026,News,https://inc42.com/cdn-cgi/image/quality=90/https://asset.inc42.com/2026/06/Solar-Square-ftr-490x360.png,,"The startup plans to utilise the fresh funds to expand to new cities, strengthen technology capabilities, scale its platform and ramp up hiring

Founded in 2015, SolarSquare operates as a full-stack residential solar brand that handles everything from installation to financing. It has raised $100 Mn to date

Having served nearly 50,000 homes so far, SolarSquare claims to be currently clocking ₹1,000 Cr in annual revenue run rate

Rooftop solar solutions startup SolarSquare has raised $53 Mn (about ₹510 Cr) in its Series C funding round led by existing backer Lightspeed. The round also saw participation from other existing backers such as Lowercarbon Capital, Rainmatter and Good Capital.

The startup plans to utilise the fresh funds to expand to new cities, strengthen technology capabilities, scale its platform and ramp up hiring.

“… Today, the  category has inflected with 1 Lakh homes adopting solar every 10 days in India. And we want to build the operating system for this energy transition in India – with solar installation solutions, after-sales, financing, battery solutions, home energy management. This capital will allow us to accelerate that vision,” said SolarSquare cofounder and CEO Shreya Mishra.

Founded in 2015 by Mishra, Neeraj Jain and Nikhil Nahar, SolarSquare initially catered to B2B clientele but later forayed into the B2C segment in 2021. Currently, the startup operates as a full-stack residential solar brand that handles everything from design and installation to financing and maintenance.

With the current fundraise, the startup has raised more than $100 Mn in funding to date. Having served nearly 50,000 homes so far, SolarSquare claims to be currently clocking ₹1,000 Cr in annual revenue run rate (ARR).

The fundraise comes at a time when the homegrown solar rooftop market is seeing healthy traction on the back of the Centre’s cleantech push such as the PM Surya Ghar scheme, industrial demand and rising electricity tariffs. As per SolarSquare, India has an estimated 70 Mn viable residential rooftops, fuelling the rise of new cleantech startups in the country.

As a result, the cleantech sector continues to attract healthy investor interest. Just days ago, cleantech startup GPS Renewables raised ₹635 Cr in its Series C round led by Sojitz Corporation. In March, another cleantech startup Newtrace bagged $6.3 Mn in its Pre-Series A round led by HDFC Bank Limited and Mitsui Sumitomo Insurance Venture Capital.

At the heart of all this is India’s growing cleantech economy, which is projected to become a $152 Bn opportunity by 2030 ."
Clean Tech,GPS Renewables Bags ₹635 Cr For Setting Up Compressed Biogas Projects,https://inc42.com/buzz/gps-renewables-bags-%e2%82%b9635-cr-for-setting-up-compressed-biogas-projects/,Palak Sharma,8th June 2026,News,https://inc42.com/cdn-cgi/image/quality=90/https://asset.inc42.com/2026/06/TEAM-GPS-1-490x360.jpg,,"The Series C funding round was led by Sojitz Corporation, with participation from PixelSky Capital, the Spectrum Impact Family office, and an undisclosed Korean conglomerate

The startup plans to deploy the capital to accelerate the execution of a growing pipeline of large-scale compressed biogas (CBG) projects across India

Founded in 2012 by Mainak Chakraborty and Sreekrishna Sankar, GPS Renewables offers end-to-end solutions for the development, production and distribution of biofuels

Cleantech startup GPS Renewables has raised ₹635 Cr (about $66.4 Mn) in its Series C funding round led by Sojitz Corporation, with participation from PixelSky Capital, the Spectrum Impact Family office, and an undisclosed Korean conglomerate.

While Sojitz Corporation infused ₹310 Cr, PixelSky Capital invested ₹125 Cr in the startup. The rest of the amount came from the undisclosed Korean conglomerate.

The startup plans to deploy the capital to accelerate the execution of a growing pipeline of large-scale compressed biogas (CBG) projects across India. A significant portion of capital will move to GPSR Arya — the startup’s project development platform.

Founded in 2012 by Mainak Chakraborty and Sreekrishna Sankar, GPS Renewables offers end-to-end solutions for the development, production and distribution of biofuels. It converts agricultural residue, food waste, municipal waste and other organic feedstock into clean fuels such as CBG, ethanol, sustainable aviation fuel (SAF), and green hydrogen.

“ This capital enhances our execution capabilities, and positions us well to deliver on a growing portfolio of projects. As India accelerates its transition towards cleaner fuels, we remain committed to building the infrastructure required to support that transformation,” said Chakraborty.

Prior to this, GPS Renewables raised $50 Mn in a debt financing round from a clutch of banks and NBFCs in 2024.

GPS Renewables claims to have an annual revenue of about ₹1,000 Cr. Its notable projects include Asia’s largest municipal solid waste-based CBG plant in Indore, CBG plants in Barabanki, among others.

The startup said it has 30 operational or near-complete projects. It recently secured an engineering, procurement and construction contract from NTPC for setting up India’s first ethanol-to-jet (ETJ) sustainable aviation fuel plant.

The startup also has joint ventures with Indian Oil Corporation and Bharat Petroleum Corporation Limited for the development of CBG infrastructure.

As awareness of net-zero emissions grows, a number of startups have emerged in India over the past decade to develop cleantech solutions. The sector has attracted strong investor interest, while the ongoing conflict in West Asia has further intensified the focus on clean energy and energy security.

In April, clean energy startup Ecoil raised $2.5 Mn in its Series A funding round to  collect used cooking oil from restaurants, hotels, cloud kitchens, and other food businesses and convert it into eco-friendly biodiesel.

Last year, Transition VC closed its maiden fund at ₹700 Cr to fund cleantech startups operating in sub-sectors like emobility, green hydrogen, energy storage and climate tech."
Consumer Internet,Instamart Appoints Ex-OYO International CEO Gautam Swaroop As CBO,https://inc42.com/buzz/instamart-appoints-ex-oyo-international-ceo-gautam-swaroop-as-cbo/,Anjali Jain,1st July 2026,News,https://inc42.com/cdn-cgi/image/quality=90/https://asset.inc42.com/2025/02/swiggy-instamart-490x360.jpg,,"Gautam will oversee Instamart's commercial operations spanning customer-centric growth, category management, and brand relationships and expansion

The development comes days after significant leadership churn was announced at Swiggy, with the departure of CBO Hari Kumar and COO Ankit Jain

Instamart has been struggling to retain its market share and reach EBITDA breakeven in the intensely competitive quick commerce market

Quick commerce major Swiggy Instamart has appointed Gautam Swaroop as its CBO, days after Hari Kumar stepped down from the role.

Gautam will oversee Instamart’s commercial operations spanning customer-centric growth, category management, and brand relationships and expansion.

Prior to this, Gautam served as the CEO of IPO-bound hospitality giant OYO’s international business vertical. He also served as a consultant at McKinsey & Company and spent over a decade with Dr Reddy’s Laboratories.

The development comes days after significant leadership churn was announced at Swiggy, with the departure of Kumar and COO Ankit Jain, who left to serve as the head of operations at Nykaa. Kumar had been with Instamart since November 2024.

Earlier in April, Swiggy cofounder Lakshmi Nandan Reddy resigned from the company’s board to “pursue other professional interests”.

Swiggy said Swaroop’s previous expansion experience will aid it in expanding offerings across differentiated assortment and consumption occasions on Instamart and deepen partnerships with brands.

Instamart has been struggling to retain its market share and reach EBITDA breakeven in the intensely competitive quick commerce market. While Blinkit continues to lead in the segment, IPO-bound Zepto has taken over from Instamart as the second biggest platform. Ecommerce giants like Amazon and Walmart-backed Flipkart are also pouring billions of dollars into expanding their dark store networks and offering discounting to capture market share.

Swiggy has been shying away from re-engaging in these price wars and is instead focusing on profitability. Nevertheless, it continues to burn cash on its quick commerce vertical. While Instamart’s adjusted revenue rose 48.7% YoY to ₹1,090 Cr in Q4 FY26, its adjusted EBITDA loss widened 2% YoY to ₹858 Cr.

The company is now looking to move Instamart to an inventory-led model, like Blinkit. However, its efforts to make Swiggy an Indian-owned and controlled company (IOCC) failed to secure shareholders’ approval earlier this year. The company has said it is in discussions with its shareholders and will try again to secure the approval.

As a result of the rising investments and losses in Instamart, Swiggy’s consolidated net loss widened 33% YoY to ₹4,154 Cr in FY26."
Consumer Internet,"[Update] After Quitting Uber, Prabhjeet Singh To Join OpenAI As India MD",https://inc42.com/buzz/uber-india-head-prabhjeet-singh-steps-down/,Gaurav Bagur,26th June 2026,News,https://inc42.com/cdn-cgi/image/quality=90/https://asset.inc42.com/2026/06/uber_prabhjeet_singh_ftr-490x360.png,,"Singh was named Uber’s President, India & South Asia in June 2020 after joining the company in 2015

He earlier worked at consulting giant McKinsey and financial services firm Lehman Brothers

The exit of Uber India’s top boss comes amid mounting losses and competitive pressure, albeit Uber continues to invest in its India business

Update | June 26, 22:21 IST

Hours after it emerged that Prabhjeet Singh had stepped down as Uber India head, he will now join AI juggernaut OpenAI as managing director (MD) for India operations.

Confirming the development to Inc42, OpenAI said that Singh will join the company in September and report to its Asia Pacific MD Kiran Mani. The AI giant added that he will oversee the company’s performance across consumer growth, enterprise adoption, strategic partnerships, regulatory engagement and operations.

He will also focus on building partnerships across India’s AI ecosystem, while pushing for adoption of OpenAI’s tools among consumers, businesses, institutions and government bodies.

Original | June 26, 19:41 IST

Prabhjeet Singh, who has been heading Uber’s operations in India for over a decade now, has stepped down.

“India is one of Uber’s most important markets globally, an important driver of innovation and long-term growth. The strength of our business today reflects the incredible team and foundation built over the years. We thank Prabhjeet for his leadership and lasting contributions in his decade-long journey with Uber – we remain deeply committed to our next phase of growth in India,” an Uber spokesperson told Inc42.

While details on his next move remain unknown as yet, the spokesperson confirmed that he was exiting to pursue another leadership opportunity. As per a report by ET, he will be joining a “frontier tech” company next.

Singh joined Uber in August 2015 and was named President, India & South Asia in June 2020. Before that, he spent almost a decade at consulting giant McKinsey and earlier worked at financial services firm Lehman Brothers before it went bankrupt in the global financial crisis.

Under Singh’s leadership, Uber India commanded a dominant position in the ride-hailing ecosystem in India for some time. However, the emergence of newer players like Rapido and Namma Yatri has put its leadership position under question over the past couple of years or so.

Amid the intensifying competition, the company shifted its business model away from commissions charged to drivers and adopted a subscription-based model after Rapido gained significant market share by using this strategy.

Notably, Uber’s global parent invested nearly ₹3,000 Cr (around $330 Mn) into its Indian arm earlier this year. The company also announced that it would establish its first data centre in India in partnership with Adani Group, set to go live later this year.

The company has yet to turn a profit in India.

In FY25, its net loss soared to ₹1,511 Cr, almost 15X of the previous year, while its gross revenue remained flat at ₹2,604 Cr. It has yet to file its financials for the latest fiscal year FY26."
Consumer Internet,"Swiggy Instamart’s COO Ankit Jain, CBO Hari Kumar Step Down",https://inc42.com/buzz/swiggy-instamarts-coo-ankit-jain-cbo-hari-kumar-step-down/,Lokesh Choudhary,24th June 2026,News,https://inc42.com/cdn-cgi/image/quality=90/https://asset.inc42.com/2025/12/swiggy-Bolt-featured-490x360.jpg,,"Swiggy's quick commerce arm Instamart has reportedly witnessed two key senior leadership exits

Chief operating officer (COO) Ankit Jain and chief business officer (CBO) Hari Kumar have stepped down from their roles

The duo were relatively recent hires for Instamart, with CBO Kumar joining in November 2024. COO Jain subsequently joined in May 2025

Swiggy ’s quick commerce arm Instamart has reportedly witnessed two key senior leadership exits. As per a report by Moneycontrol, chief operating officer (COO) Ankit Jain and chief business officer (CBO) Hari Kumar have stepped down from their roles.

Citing sources, the report adds that Jain would be joining Nykaa as head of operations. Inc42 reached out to Swiggy, seeking response on the development. The story would be updated based on their responses.

The duo were relatively recent hires for Instamart, with CBO Kumar joining in November 2024. COO Jain subsequently joined in May 2025. Both Kumar and Jain were previously associated with Flipkart, holding VP and SVP positions in the groceries’ wing of the Walmart-owned company.

These exits could potentially add on to the top-deck exits list at Swiggy. Earlier in April, cofounder Lakshmi Nandan Reddy resigned from the company’s board to “pursue other professional interests”.

The development comes at a time when Swiggy is pumping in cash to boost traction for its quick commerce vertical. For the quarter ended March 31, 2026 (Q4 FY26), Instamart’s adjusted revenue rose 49% YoY to ₹1,090 Cr as the company expanded its dark store footprint and pushed deeper into quick commerce.

However, the aggressive expansion has also weighed on its bottom line, with the company reporting significant losses over the previous four quarters. For the fiscal year FY26, Swiggy’s consolidated net loss widened 33%YoY to ₹4,154 Cr.

The leadership changes also come a month after shareholders rejected a special resolution that would have enabled Swiggy’s transition to an Indian-Owned and Controlled Company (IOCC), a key step required for moving Instamart towards an inventory-led model.

The proposal secured 72.35% shareholder approval, falling short of the 75% threshold required to pass a special resolution.

The OCC shift is strategically important for Swiggy because it would allow Instamart to own and procure inventory directly instead of operating as a marketplace. Industry leaders believe the model offers better control over pricing, sourcing, margins and private-label expansion.

Swiggy’s rival Eternal transitioned to a IOCC structure recently, allowing its quick commerce arm to register significant improvements in operating economics over time.

However, Swiggy’s proposed IOCC transition became controversial because it was bundled with changes to board nomination rights. The proposal would have allowed Majety to nominate himself and another senior management executive to the board, while cofounder and chief growth officer Phani Kishan Addepalli would have gained board nomination rights under certain conditions.

Shares of Swiggy ended today’s trading session 2.32% lower at ₹244."
Agritech,Fishing Bigger Margins: How Aquapulse Is Solving Shrimp Farming’s Biggest Bottleneck,https://inc42.com/startups/fishing-bigger-margins-how-aquapulse-is-solving-shrimp-farmings-biggest-bottleneck/,Shraddha Goled,17th June 2026,Startup Stories,https://inc42.com/cdn-cgi/image/quality=90/https://asset.inc42.com/2026/06/ftr-17-1-490x360.jpg,,"Founded by fisheries graduate Abhishek Dwivedy, Aquapulse is building an AI-led shrimp farming and export platform from Odisha.

The startup works with over 6,000 small and marginal shrimp farmers, providing advisory, aggregation, and market-linkage services.

Backed by a recent ₹45 Cr funding round, Aquapulse is betting on exports and post-harvest value chains to differentiate itself in India's growing aquatech sector.

India’s aquaculture sector has long struggled with a simple but costly problem: farmers produce high-value shrimp, but much of that value is lost before the product reaches the buyer. Inefficiencies in aggregation, post-harvest handling and market access continue to hold back both farmer incomes and export potential.

While studying fisheries science at the Odisha University of Agriculture and Technology in the 2010s, Abhishek Dwivedy began questioning why India, despite its long coastline and maritime history, accounted for only 5% of the global seafood market.

After graduating, Dwivedy worked across the seafood value chain, including procurement, processing, quality management and exports, to learn the ropes of the trade. He later joined Solidaridad Network, where he worked with nearly 15,000 farmers across India and Bangladesh.

This on-ground exposure helped him see the gap more clearly: fish farmers were creating value, but the system around them was not capturing enough of it. For him, the answer was not just about scale, but about building a more sustainable and profitable aquaculture system.

“The first thing that needed to be safeguarded was what farmers were already producing. Technology alone couldn’t have solved that. It had to be accompanied by a physical presence on the ground,” said Dwivedy.

This paved the way for Aquapulse . Founded in 2023 by Dwivedy and his sister-in-law, Ananya Mohapatra, and later joined by Dwivedy’s sibling, Abhilash, the startup is building a shrimp farming and export platform based in Odisha. Aquapulse combines farmer advisory, aggregation, and export market access on a single platform for fish farmers in the state.

Inside The Genesis Of Aquapulse

Aquapulse began to take shape after Abhilash, who spent over a decade working at companies like Syngenta, Bayer Crop Science and FMC, returned to Bhubaneswar to build the venture.

The startup initially began as a shrimp advisory effort in coastal Odisha. Working with 300 to 400 farmers, the siblings focused on helping them adopt better aquaculture practices and produce export-grade shrimp. Over time, that consulting-led model evolved into a wider digital platform.

Today, Aquapulse works mainly with Vannamei shrimp farmers, which the founders see as well-suited to sustainable inland aquaculture. The startup currently works with around 6,000 farmers and aims to increase the number to 10,000 by the end of 2026.

Aquapulse’s model is built on three pillars: aggregation, advisory and market linkage. Its field teams onboard farmers, conduct random sampling, train them on cultivation practices and monitor quality throughout the production cycle.

Farmers receive support from local aquapreneurs who work directly with farmer clusters, while the platform provides specialised guidance on shrimp cultivation, disease management, harvest planning and seafood trade. Aquapulse has a team of around 70 employees, with a significant share of its advisory and field operations staff holding qualifications in fisheries and aquaculture.

30 Startups To Watch: Startups That Caught Our Eye In June 2...

How AI Is Rewiring The Consumer Growth Stack Across India’s ...

How Let’s Try Tripled Revenue To Cross ₹200 Cr In A Year

On the back of this, the startup claims that participating farmers see gross margin gains of 7% to 8% in the first year, which improved to 11% to 13% after introducing export-led operations. Aquapulse attributes much of this improvement to better harvest planning, lower feed costs and access to premium overseas markets. Aquapulse works with a 7 to 14-day harvest planning window, helping farmers optimise feeding schedules before harvest.

“A farmer can earn an additional ₹1.5 Lakh to ₹2 Lakh per pond per crop cycle, averaging three months, through improved planning, quality management, and market access, against an annual cost of about ₹10-12 Lakh,” Abhishek said.

This margin uplift is only part of the story. Aquapulse is also rethinking how seafood is tracked, moved and sold online.

Aquapulse’s Tech Stack

The startup is pairing its on-ground farmer network with an in-house digital stack spanning the full value chain. It runs a direct farm-to-export model, working closely with shrimp farmers rather than relying on intermediaries.

It buys harvests directly, carries out quality and compliance checks and supplies export-grade, antibiotic-free shrimp to international buyers. This model is supported by a proprietary cold-chain logistics system, including a patented ice-slurry transport process designed to preserve shrimp quality from pond to processing facility.

The startup has also built a proprietary tech stack across three stages of the aquaculture value chain. The ‘Pond Harvest’ module tracks pond health, water quality and harvest readiness, while the ‘Shrimp Pro’ stack evaluates shrimp quality and export suitability. Finally, the ‘Export Intelligence’ stack analyses global demand, pricing trends, tariffs and trade flows.

Unlike traditional exporters who first buy inventory and then look for buyers, Aquapulse follows a demand-led approach. The startup’s trade intelligence portal brings together data from sources such as the Marine Products Export Development Authority (MPEDA), the Food and Agriculture Organisation (FAO) and other databases to generate real-time market intelligence, buyer demand signals, pricing forecasts and supply-demand analysis.

By tracking stocking cycles and harvest timelines across its farmer network, the startup claims that it can estimate the quantity, size and quality of shrimp weeks in advance, allowing it to engage buyers and negotiate contracts before harvest. Its field teams also leverage AI-powered image analysis to help assess shrimp quality and inform buying decisions.

Beyond The Pond

For Dwivedy, the real challenge in aquaculture begins after the shrimp leaves the pond. While much of the industry’s attention is focused on feed, seed, medicines and farm management, Aquapulse has built its model around ensuring that farmers have a reliable route to market. The startup currently exports to Vietnam, China and Japan and plans to expand into additional international markets such as the US and Europe.

The startup is also expanding its processing capacity and plans to build a facility focused on value-added seafood products, including ready-to-cook and ready-to-eat offerings. Looking ahead, the startup plans to expand into black tiger shrimp, which it claims offers advantages such as being antibiotic-free, pathogen-free and a uniform size range of 35 to 40 grams.

To support its expansion, the startup raised ₹45 Cr in funding earlier this month, including ₹25 Cr from state-backed NABVentures and the remaining ₹20 crore from IAN Alpha Fund. On the financial front, Aquapulse reported an income of ₹22 Cr with a profit of ₹15 Lakh in FY25.

Nevertheless, challenges remain. India’s aquaculture startup ecosystem is witnessing healthy traction as startups look to modernise shrimp farming, one of the country’s most valuable agricultural export sectors.

Aquapulse, a relatively new player, faces stiff competition from players like Aquaconnect, AquaExchange, AquaSetu and Blue Ponds Aqua. Many of these players, including Abhishek’s former employer Aquaconnect, have raised millions of dollars in funding.

However, Dwivedy is unperturbed. He believes that their biggest differentiator is the startup’s profitable, full-stack business model focused on small and marginal shrimp farmers, a segment largely underserved by competitors.

According to him, while many aquaculture startups concentrate on pre-harvest services such as farm inputs and advisory, Aquapulse’s core strength lies in post-harvest market linkage, processing and exports.

Whether the export-led model can scale remains to be seen. Seafood exports are highly cyclical and exposed to fluctuations in global demand, trade regulations, and disease outbreaks. As Aquapulse expands, it will have to demonstrate that its market-linkage model can consistently generate margins while serving thousands of smallholder farmers.

[Edited by Shishir Parasher]"
Agritech,"[Update] Aquapulse Bags ₹20 Cr From IAN, Closes Series A Round At ₹45 Cr",https://inc42.com/buzz/aquapulse-nets-%e2%82%b925-cr-to-scale-aquaculture-network/,Shrishti Bisht,2nd June 2026,News,https://inc42.com/cdn-cgi/image/quality=90/https://asset.inc42.com/2026/04/aquapulse-Feature-Image-490x360.png,,
Agritech,Unnati Agri Cofounder Ashok Prasad Passes Away,https://inc42.com/buzz/unnati-agri-cofounder-ashok-prasad-passes-away/,Palak Sharma,14th May 2026,News,https://inc42.com/cdn-cgi/image/quality=90/https://asset.inc42.com/2026/05/ftr-18-1-490x360.jpg,,
Agritech,"Gramophone Cofounder Navneet Singh Batra Quits, Joins Superplum",https://inc42.com/buzz/gramophone-cofounder-navneet-singh-batra-quits-joins-superplum/,Palak Sharma,22nd April 2026,News,https://inc42.com/cdn-cgi/image/quality=90/https://asset.inc42.com/2026/04/Untitled-design-2026-04-22T172258.834-490x360.png,,
Agritech,Agrizy Elevates Markish Arun As Cofounder And CTO,https://inc42.com/buzz/agrizy-elevates-markish-arun-as-cofounder-and-cto/,Anne Florentyna,15th April 2026,News,https://inc42.com/cdn-cgi/image/quality=90/https://asset.inc42.com/2026/04/Agrizy-Cofounder-Feature-490x360.png,,
Agritech,How Loopworm Is Turning Insects Into Protein For Feed And Pharma,https://inc42.com/startups/how-loopworm-is-turning-insects-into-protein-for-feed-and-pharma/,Anirudh Trivedi,14th April 2026,Startup Stories,https://inc42.com/cdn-cgi/image/quality=90/https://asset.inc42.com/2026/04/ftr-100-18-490x360.jpg,,"The Bengaluru-based biomanufacturing startup processes insects into high-protein concentrates and omega-3-rich fats that are sold as ingredients for animal nutrition

Depending on the molecule and its production complexity, Loopworm can reduce the cost of biologics manufacturing to anything between half and a fifth

In FY25, Loopworm reported a revenue of ₹4.5 Cr and is projecting ₹15-18 Cr for FY26, led largely by export demand in animal nutrition

A blood test looks simple – needle in, blood out. The vial is ready. Same with a vaccine.

But, between the simple in and out, plays a complex chemistry of protein biologics. It is crucial in various other medical procedures, like OTC pregnancy test kits and cancer drugs. These are a class of molecules that most of us come across without ever knowing much about them.

They detect diseases, trigger immune responses and treat conditions by interacting with the body’s biological systems. Sourcing them is not easy. They are expensive, technically difficult to manufacture, and the world depends on a small group of global producers.

Complex biologics can cost over $500,000 a year , making them out of reach in many emerging markets where demand for diagnostics, research and therapeutics is rising rapidly.

A Bengaluru startup, however, got the whiff of a solution in insects. Loopworm , founded by Ankit Alok Bagaria and Abhi Gawri in 2019, is building a bio-manufacturing startup that uses insects such as silkworms and black soldier flies to manufacture these protein biologics. Instead of relying on expensive industrial infrastructure, insects can be used to produce the same biological molecules more efficiently, lowering costs and improving access.

According to the cofounder, Loopworm can bring down the cost of manufacturing these proteins to anything between half and one-fifth, depending on the molecule and its production complexity.

The company earns its revenue from manufacturing protein for animal feed. It processes insects into high-protein concentrates and Omega-3-rich fats, which are sold as ingredients for aquaculture, poultry, and pet food. Loopworm supplies feed manufacturers in India and exports to pet food and aquaculture companies across Japan, Europe and South America.

For its founders, this is a starting point. “Loopworm is not an animal nutrition company that happens to use insects. It’s a manufacturing company that uses insects to make things the world needs,” Bagaria said in an interaction with Inc42.

Loopworm does not see other insect protein startups as its competition. Instead, it is going after a much older, more established market, the one currently dominated by traditional feed manufacturers for fish meal and krill meal, like Pelagia AS and Omega Protein Corp.

In recombinant proteins, Loopworm aims to be an alternative to large global biomanufacturers that dominate production through traditional bioreactor-based systems.

The startup raised ₹25.8 Cr in September 2022 from Omnivore Ventures, followed by ₹27.8 Cr in June 2025 from Enrission India Capital and Waterbridge Ventures. It also received early backing through grants from BIRAC’s Biotechnology Ignition Grant, Rashtriya Krishi Vikas Yojna (RKVY), Elevate Karnataka, Tata Trusts, the Gates Foundation and H&M Foundation.

In FY25, Loopworm reported a revenue of ₹4.5 Cr and is projecting ₹15-18 Cr for FY26, led largely by export demand in animal nutrition, a vertical that is operationally profitable and anchors the company’s near-term growth.

Turning A Byproduct Into A Business

Bagaria had had a failed attempt before Loopworm. His first venture, AgroSnap, spent three years developing a crop leaf-imaging system to guide fertiliser use. It never quite worked. What it did leave him with, however, was a better sense of where value in agriculture actually sits. So, when Bagaria and Gawri came together in 2018, they were clear on one thing: they wanted to build in agriculture, but not in the usual way.

Shifting focus to sustainability, rising demand for protein and India’s underutilised strengths as a low-cost manufacturing base with abundant biological resources pushed them to explore the industry.

30 Startups To Watch: Startups That Caught Our Eye In June 2...

How AI Is Rewiring The Consumer Growth Stack Across India’s ...

How Let’s Try Tripled Revenue To Cross ₹200 Cr In A Year

“We started with a simple question: which bio-resources are abundant but still underutilised? That led us to four clear categories: microorganisms, seaweed and algae, insects, and food industry byproducts, and we began mapping where capital and science were beginning to converge,” Bagaria said.

A UN report on insects as the future of food and feed inspired them to dig deeper. Bagaria shared that during his research, he learned that insects thrive in tropical climates, and that Indian conditions had everything they needed to build something from there.

India has a strong sericulture base. It produced 41,121 Tonnes of raw silk in 2024-25, up 6% from 38,913 Tonnes a year back. But that was also a limitation. The entire ecosystem, built around silk and the byproduct of silkworm pupae, was largely discarded, despite being rich in protein and fat.

Bagaria and Gawri saw an opportunity in that gap: to take what was treated as waste and turn it into a usable, high-value protein in demand. Connecting the two, tech and demand, Loopworm was incorporated in September 2019, but the initial phase was tough as building the manufacturing facilities required capital. “We had to rely on industry grants before they could raise an institutional round,” the cofounder shared.

That was only one of the many challenges, though. “To convince feed manufacturers to take a chance on something as unfamiliar as silkworm protein, we had to think like a supplier and work backwards from what buyers actually cared about. We ensured that we had steady volumes, consistent protein levels and clean safety certifications to gain the confidence of its early consumers,” said Bagaria.

Loopworm also had to build its own systems to process silkworm biomass at scale, refining them in-house through repeated breakdowns and fixes. And after three-and-a-half years of trial and error and incremental improvements, the company was ready to take it to market prematurely. As a result, Loopworm waited for months to convert its early customers, run trials for months, and prove that the product could improve growth rates, reduce mortality, and still make economic sense.

Exports, on the other hand, added a different layer of friction. In markets such as Japan and Europe, regulators and buyers alike had never encountered silkworm-based protein at scale.

“We found ourselves explaining the category before it could sell into it. Most of the global insect protein industry had standardised around black soldier fly larvae. By choosing silkworms, we not only became different but also took on the burden of building that market from scratch,” said Bagaria.

Today, Loopworm supplies shrimp feed manufacturers across Andhra Pradesh, Odisha and West Bengal, works with aquaculture producers in Thailand, Vietnam and Scandinavia and sells into pet food companies across Europe.

Process of Producing Protein From Silkworms

At a basic level, Loopworm is taking silkworms and turning them into a reliable production system. Silkworms are naturally efficient. They eat plant material and convert it into protein and fat at a high rate. Instead of seeing them only as part of the silk industry, Loopworm treats them like small biological units that can generate nutrient-rich output at scale.

“If you feed silkworms the right inputs, they produce biomass that is rich in protein and lipids,” said Bagaria.

But that biomass, on its own, is not useful. It is inconsistent, perishable and difficult to transport or store. No feed manufacturer can plug raw insect material into their systems, and this is where Loopworm’s technology plays a role.

The company has built processing systems that convert raw biomass into stable, standardised products, primarily protein powders and oils. The process involves breaking down the biomass, separating its components and refining them into formats that can be stored, transported and used reliably.

Bagaria compares it to refining crude oil. The raw input is messy and unusable in its original form, but once processed, it becomes a consistent industrial product.

Maintaining consistency is the hardest part of the entire operation. Feed manufacturers need every batch to behave the same way in terms of protein levels, safety and performance. With biological inputs like insects, it is quite difficult to achieve. “A large part of our effort goes into ensuring that what we produce is consistent enough for manufacturers to depend on,” Bagaria said.

The company has also developed a biostimulant for crops and is conducting trials in collaboration with ICAR – IIPR for pulses to assess the product’s efficiency on Mungbean, Urdbean, and Chickpeas.

Moving From Animal Feed To Biologics

So far, Loopworm has been able to prove that insects can serve as an industrial input, but the next phase of its growth lies in establishing that they can scale beyond that. The company is using silkworms to produce specialised proteins for diagnostic and research use.

According to Loopworm’s official website, it has successfully produced some preliminary proteins, such as Green Fluorescent Protein (GFP), in silkworms, but to bring it to market, the company requires validation across labs, regulatory frameworks, and global buyers.

For FY26, Loopworm aims to nearly quadruple its topline on the back of growing demand for its animal nutrition products and the launch of its recombinant proteins. It again has to build its market as the category itself is being understood. According to Bagaria, the adoption of biologics is expected to be gradual.

“It’s a completely different level of work. The science takes longer, the cycles are longer, and the expectations are much higher,” said Bagaria. However, it is expanding its reach across geographies, particularly in markets where performance-linked inputs command a premium.

The broader question, however, is not just about Loopworm, but about whether insects can move from being an experimental input to a mainstream manufacturing layer. For now, the company is building capabilities, testing markets and extending its technology into adjacent areas."
Agritech,How BioPrime Helps Farmers To Save Crops In Weather Uncertainty,https://inc42.com/startups/how-bioprime-helps-farmers-to-save-crops-in-weather-uncertainty/,Vandana Batra,7th April 2026,Startup Stories,https://inc42.com/cdn-cgi/image/quality=90/https://asset.inc42.com/2026/04/UpNext-2-_-Bio-Prime-FTR-490x360.jpg,,"BioPrime builds biological agri-inputs using biochemicals and microbes to help crops withstand climate stress while improving yield quality and soil health

The agritech startup has developed a patented tech stack – SNIPR (biomolecules) and BioNexus (microbes) – to deliver both immediate climate stress protection and long-term soil health

With $8 Mn in funding and three times on-year growth, BioPrime is expanding globally while positioning itself as a B2B company in partnership with large agri-input companies

India’s farms are no stranger to weather volatility, but the nature of instability is changing with erratic monsoons, prolonged heatwaves and unseasonal cold spells are fast turning into the norm. If the unpredictability of the weather leaves farmers a worried lot, what renders them helpless is the sheer lack of actionable solutions. Weather advisories can signal what’s coming but the bigger question is how to protect crops once such adversities are unleashed.

The race to find a solution is driving a structural transition in the field of agriculture with the country’s $165.93 Mn biofertiliser market on course to reach $253.09 Mn by 2031 and the $230.68 Mn biostimulants market accelerating to scale $365.38 Mn by the same year . Policy support, rising fertiliser costs and global demand for residue-free produce are driving the adoption of biological inputs, positioning them as a key lever in building climate-resilient farming systems.

Dr Renuka Diwan, Dr Amit Shinde and Dr Shekhar Bhosle wanted to leverage this opportunity through BioPrime . The Pune-based firm is designed to build biological agri inputs such as sprays and irrigation additives using biochemicals and microbes to help crops withstand the climatic stress while improving yield quality and soil health.

The agritech startup at its core, works with secondary metabolites – compounds that plants naturally produce to defend themselves such as alkaloids, terpenes, amines, glucosinolates, quinones, phenolics and peptides, and uses them to prime crops in advance, enabling them to better survive adverse conditions.

BioPrime has developed a patented tech stack, comprising SNIPR (biomolecules) and BioNexus (microbes), to deliver both immediate protection from adverse weather conditions and long-term soil health while reducing dependence on chemical fertilisers. It also offers soil restoration inputs and biological crop protection products such as bio-insecticides and bio-fungicides.

“We grew three-fold year-on-year, and our losses from the previous year barely increased. We are now looking to become profitable next year, with a strong focus on international expansion,” Diwan told Inc42.

BioPrime has so far raised $8 Mn in funding, including a $6 Mn Series A round led by Belgium-based Edaphon, with participation from Omnivore and Inflexor Ventures. The startup has also tied up with global and domestic agri-input majors such as Yara, ICL Fertilizers, DCM Shriram and Insecticides India, while expanding its footprint across markets including the US, Brazil and Southeast Asia.

A Shared Vision Kicks Off A Journey

BioPrime’s origins trace back long before the company was incorporated. The three cofounders had known each other for over two decades. While Diwan and Shinde were batchmates in their master’s and PhD, Bhosle was their senior in the same lab. But, after completing their research, their careers diverged. Shinde moved into industrial R&D at Kumar Florist, Bhosle into the startup ecosystem, and Diwan into academia, specialising in genetic engineering.

Despite building deep expertise across research, industry and incubation, the founders felt their work remained confined to papers, patents and controlled lab environments, far away from real-world agricultural challenges. “The kind of knowledge we had was getting restricted to just patents or publications. We wanted to create a larger, more tangible impact,” Diwan told Inc42.

To bridge that gap, the founders stepped into the field. Starting with a small consulting setup, they worked across the agricultural value chain starting from seed companies and nurseries to agri-input and biotechnology firms, to understand the ecosystem before building for it. Within a year, clear patterns began to emerge, particularly around the limitations of existing agri-input solutions.

They spotted a clear dearth in the system. It was the lack of effective solutions to help the farmers tackle climate-induced stress. While awareness of climate risks was rising, the tools available to farmers remained either slow, inconsistent or chemical heavy. This pointed to an opportunity to build faster, more reliable and sustainable alternatives.

This insight led to the inception of BioPrime in 2016. Early on, the founders also recognised the structural constraints of building a biotech startup in India. With support from Pune’s Venture Center and its director Dr Premnath Venugopalan, BioPrime secured government-backed grants and incubation support, enabling it to set up the initial R&D and prototyping in a capital-intensive sector.

But, with time, more and more challenges began unfolding.

From Farmer Scepticism To Field Validation

When BioPrime began operations in 2016, large swathes of India were scorched by severe heatwaves of an El Niño year. With little runway, the team rushed an initial formulation to the market, expecting curiosity. But, they were greeted with scepticism, instead.

30 Startups To Watch: Startups That Caught Our Eye In June 2...

How AI Is Rewiring The Consumer Growth Stack Across India’s ...

How Let’s Try Tripled Revenue To Cross ₹200 Cr In A Year

Convincing even a handful of farmers proved difficult. “I would love to say it was our science that convinced them, but it wasn’t. It was sheer relentlessness. We just kept showing up in their fields, day after day,” Diwan said. The breakthrough came when one farmer, watching his crop perishing, agreed to test the product on the weakest rows on his field. Within days, the difference was visible. While untreated crops wilted, the treated section held up through harvest.

That early win became BioPrime’s first proof point, unlocking word-of-mouth adoption in clusters like Narayangaon near Pune.

This ‘seeing is believing’ approach became central to BioPrime’s adoption strategy. Instead of top-down selling, the company set up demo farms where farmers could compare treated and untreated crops through live harvests and side-by-side yield calculations. For more progressive farmers, the pitch centred on profitability, quality and long-term soil health. For others, visible outcomes such as healthier crops, longer shelf life and even advance trader interest drove adoption.

However, scaling the solution beyond one region brought in fresh hurdles. The initial product was designed for drip irrigation, while much of Indian agriculture is rain-fed. “We realised very quickly that a solution built for one kind of farming practice would not work everywhere,” said Diwan. BioPrime responded by diversifying formats, including sprayable and granule-based applications, making its products usable across regions like Uttar Pradesh, Bihar and Jharkhand.

Farmer feedback also began shaping the product roadmap. Demand shifted towards improving crop quality and consistency, factors directly linked to market pricing. “A-grade produce can fetch almost twice the price of lower-grade output. Even small improvements in quality can significantly change farmer income,” Diwan noted.

This pushed BioPrime to expand beyond single-problem solutions towards a platform approach.

Instead of building products in isolation, each molecule or microbe was evaluated for multiple use cases, from stress tolerance to nutrient efficiency and crop protection, enabling faster portfolio expansion while keeping development costs in check.

A Biology-First Engine For Climate Resilience

At its core, BioPrime is built on a simple belief that biological solutions will only scale if they match the speed and reliability of chemical inputs. Early feedback from farmers made this clear, biologicals were often seen as slow, inconsistent and unpredictable. “If it doesn’t work fast and if it doesn’t work every time, we won’t use it,” Diwan said. Addressing this meant rethinking how such products are discovered and developed. BioPrime built a dual-layered platform, combining biomolecules and microbes for immediate and long-term results.

The first layer, SNIPR, is its patented biomolecule discovery platform. It identifies and extracts natural defence signals from plants, algae and microorganisms, converting them into formulations that can be applied externally. Instead of reacting to stress, crops are primed in advance for conditions like heat, drought and erratic rainfall.

SNIPR can rapidly screen thousands of such biomolecules. The platform has evaluated over 17,000 leads, identifying hundreds that can improve plant performance. “We are decoding how plants respond to stress and then amplifying that response,” Diwan said.

But, biomolecules alone were not enough. While they improved stress response, they did not fully address the underlying health of the plant ecosystem. This led to the development of BioNexus, a microbial platform designed to restore the natural microbial ecosystem that supports plant growth.

BioNexus is a curated library of over 17,000 plant-associated microbes collected from across India’s diverse agroclimatic zones, including the Western Ghats, the Himalayas and the Northeast. The idea draws parallels from human health. “Just like our gut microbiome determines our overall health, plants too depend on a complex network of microbes for their fitness and resilience,” Diwan explained. Over time, excessive focus on yield and chemical inputs has weakened this natural system.

By reintroducing beneficial microbes, BioPrime aims to restore this balance. These microbes help plants absorb nutrients more efficiently, improve resistance to pests and diseases and enhance overall soil health, reducing long-term dependency on synthetic inputs.

Together, SNIPR and BioNexus combine immediate, targeted intervention through biomolecules with long-term ecosystem restoration through microbes.

Sowing The Seeds Of Future

BioPrime is not building a standalone distribution play. Instead, It positions itself as a partner to the broader agri-input ecosystem. “We don’t see ourselves competing with large agri-input companies. We see ourselves partnering with them,” Diwan said.

That said, competition in biologicals is intensifying. Players like Sea6 Energy (seaweed-based inputs), Nutrienty Crop Care (fertilisers, micronutrients and biologicals) and Agrilogy Bioscience (precision agri and biologicals) are expanding their offerings. BioPrime’s edge lies in its R&D-led approach, combining biomolecule discovery (SNIPR) with microbial intelligence (BioNexus).

Geographically, the next phase of growth will be driven by international expansion. The startup has entered markets like the US, Brazil and Southeast Asia but scaling further will depend on navigating regulatory approvals. “A large part of our focus now is on building regulatory pathways across regions. Once that is in place, expansion becomes much faster,” Diwan said. The broader ambition is to build a ‘Made in India, Made for the World’ biological brand, especially in a market dominated by imports.

Operationally, BioPrime has grown nearly three times while keeping the losses in check, with investments largely directed towards regulatory expansion and IP development.

The goal is to achieve profitability in the near term while continuing to invest in long-term capabilities. “From an operational standpoint, we are close to being profitable. The focus now is to cross that milestone while continuing to build for scale,” Diwan said.

At the same time, BioPrime has scaled its infrastructure, from an incubator lab to 5,000 Sq Ft of R&D facility, almost 10,000 Sq Ft of production facility along with dedicated facilities for storage, transportation and warehousing. Combined with its pan-India presence through channel partners and direct farmer validation loops, the company is gearing up to scale both its science and its reach.

As the biologicals market expands globally, BioPrime is betting that the future of agriculture will not just be about higher yields but about building resilient systems with biology at the centre of that shift."
Agritech,This Startup Is Building The OS For India’s Shrimp Economy,https://inc42.com/startups/aquaexchange-is-building-the-os-for-indias-shrimp/,Shraddha Goled,24th March 2026,Startup Stories,https://inc42.com/cdn-cgi/image/quality=90/https://asset.inc42.com/2026/03/Aqua-ftr-490x360.jpg,,"AquaExchange is building a full-stack technology platform for shrimp farming which combines IoT devices, AI models, financing, insurance, and market linkages

It operates a full-stack model offering tech based solutions, financing and insurance through data, and market access through certifications

In March, AquaExchange raised $8 Mn in a Series B funding round co-led by Endiya Partners and Factor Analytics, with participation from existing investor Accion Ventures.

Editor’s note | May 1, 2026, 18:12 IST

Editor’s note: The article has been updated to include AquaExchange’s GDST certification and its implications for traceability and export opportunities for Indian shrimp farmers.

When four professionals with careers across Germany, the US, and Argentina returned to India more than a decade ago, aquaculture was not an industry they knew or one they were born into.

But what they did see was a ₹35,000 Cr export industry in Andhra Pradesh running largely without formal finance, insurance, or even reliable data.

That gap is what led to the creation of AquaExchange , an agritech startup that is building a full-stack technology platform for shrimp farming which combines IoT devices, AI models, financing, insurance, and market linkages.

Founded by Pavan Kosaraju, Hemasundar Dhavili, Kareem Mohammod, and Kiran Bandi , after years of studying shrimp farms on the ground, the startup is now working across more than 71,000 acres of farms and nearly 6,000 farmers. Its larger ambition is to transform aquaculture, which is the controlled breeding, rearing, and harvesting of marine livestock (shrimps in this case) and eventually other animal-protein sectors using data infrastructure built directly on farms.

From Consultants To Shrimp Farming Tech

India’s shrimp exports are among the largest agricultural exports from the country; during 2023-24, the country exported 7.16 lakh MT of frozen shrimp worth $ 4.88 billion, making it the most significant item in the basket of seafood exports, accounting for a share of 40.19% in quantity and 66.12 % of the total dollar earnings, according to data released by the Marine Products Export Development Authority (MPEDA).

Yet the ecosystem lacks basic visibility and even fundamental questions such as how many acres were under cultivation in a region often had no clear answers, Kosaraju told Inc42.

“We had already spent some time on this before incorporation, but post-incorporation, it took us about a year to a year and a half to truly identify the core problem which was the lack of structured data and risk management. From there, we began building a bottom-up infrastructure,” Kosaraju told Inc42.

The approach was simple: access to authentic, high-quality data in any sector is deeply embedded in its day-to-day activities. Without that, organic data is almost impossible to capture

So, one of its earliest products from AquaExchange was Powerman, an IoT-based power monitoring system that tracks aeration motors in shrimp ponds. Continuous aeration is critical in shrimp farming; if power fails for even a few hours, farmers risk losing an entire crop. The device monitors power systems around the clock and alerts farmers via automated phone calls when disruptions occur. Today, the company says more than 20,000 devices are deployed, generating millions of alerts and operational insights.

Over time, AquaExchange expanded into automated feeding systems, water monitoring devices, and farm analytics tools, embedding itself into day-to-day farming operations. Currently, there are 15 categories of devices that AquaExchange offers to farmers for tasks like real monitoring, precision feeding, and power usage optimisation.

Kosaraju said AquaExchange designs, develops, and manufactures its devices in-house to keep costs low and ensure suitability for small farmers. The company emphasised frugal engineering, noting that high-cost technology would not be viable in aquaculture.

“We have a manufacturing facility near Vijayawada in Andhra Pradesh, where rows of women colleagues assemble our products.Today, we have the capacity to manufacture about 25,000 units annually, with the flexibility to double production within three months. We operate two separate facilities in the region, one for electronics and another for mechanical devices, along with a Hyderabad-based center that handles all our software and AI development,” said Kosaraju.

AquaExchange builds in-house models for predictive animal health monitoring, where image analysis helps detect potential diseases early, and hydrophones which are underwater sensors that capture feeding sounds to understand shrimp appetite. They also build AI agents for data collection through simple tools like WhatsApp, eliminating the need for additional apps or manual data entry. On the analytics side, AI models support everything from feed optimisation to farm planning, essentially functioning like an ERP system for aquaculture.

“One of the biggest shifts is accessibility. Earlier, only large farms could afford advanced analytics and advisory. Today, with AI, even a 2–4 acre farmer can access the same level of insights as a 1,000-acre operation,” said Kosaraju.

AquaExchange’s farmer base is largely skewed towards smallholders, who make up nearly three-fourths of its network. Mid-sized farmers account for about 15%, while enterprise-scale operators comprise just over a tenth a mix that allows the company to balance scale with accessibility, according to Kosaraju.

30 Startups To Watch: Startups That Caught Our Eye In June 2...

How AI Is Rewiring The Consumer Growth Stack Across India’s ...

How Let’s Try Tripled Revenue To Cross ₹200 Cr In A Year

Turning Farm Data Into Fintech

Once data visibility improved, AquaExchange began layering financial services on top.

“We first enabled financing by partnering with NBFCs, banks, and institutions like NABARD. Historically, aquaculture lacked reliable risk assessment, limiting access to credit. We addressed this by building proprietary platforms that provide lenders with real-time farm insights, along with a standardized farm risk scoring system. This has allowed more institutions to confidently extend loans,” said Kosaraju.

Next came insurance. Traditional products only cover weather-related risks, not disease, the biggest cause of loss in shrimp farming. Using AquaExchange’s data, insurers can now offer disease-based coverage. In the last six months, farmers have claimed over ₹2 crore for losses due to white spot syndrome.

By digitising farm data and partnering with certification bodies like Aquaculture Stewardship Council (ASC) and Best Aquaculture Practices (BAP), AquaExchange is now focusing on market linkages. Farmers get low-cost and certifications which helps them become eligible for global buyers who demand strict quality standards and traceability.

“The result is a full-stack model: solve on-ground farming challenges, enable financing and insurance through data, and unlock market access,” noted Kosaraju.

Agritech Trends In India

In the aquaculture segment, AquaConnect has emerged as a key competitor to AquaExchange. Similar to AquaExchange, it operates as a full-stack aquaculture platform.

The company raised ₹33 Cr in a Pre-Series B round led by S2G Ventures in January 2024 and has secured a total of $31.6 Mn in funding across six rounds since its founding in 2017.

Beyond direct competitors, AquaExchange also operates in a broader and increasingly crowded agritech and seafood ecosystem. Horizontal agritech platforms such as DeHaat and Arya.ag compete in adjacent areas like input distribution, financing, and market access for farmers.

Meanwhile, supply chain and seafood-focused players such as Captain Fresh, WayCool, and FreshToHome operate further downstream, focusing on procurement, processing, and export or direct-to-consumer distribution. While their models differ, these well-funded players overlap in parts of the value chain, particularly around market access and demand aggregation.

Despite agriculture being central to India’s economy and society, agritech remains a relatively nascent sector, with its first major wave of growth beginning around 2017. The sector saw peak funding activity in 2021 and 2022, raising $728 million across 49 deals and $840 million across 62 deals, respectively. However, funding momentum has since slowed.

According to Inc42’s Annual Indian Startup Trends Report 2025 , agritech startups collectively raised $202 million across 36 deals last year, down nearly 25% from $269 million in 2024.

That said, investor interest is increasingly shifting toward segments such as precision agriculture and supply chain technologies, particularly those leveraging AI and IoT to address infrastructure gaps. This trend works in favour of companies like AquaExchange, as reflected in its recent fundraise and growing market traction.

What The Future Holds

AquaExchange has become India’s first startup to be officially certified by the Global Dialogue on Seafood Traceability (GDST), which sets international standards for tracking seafood. This means that AquaExchange’s system can now share farm-level data like where shrimp was grown, how it was handled, etc, in a format that global buyers, retailers, and regulators understand and trust. For Indian farmers, this makes it easier to sell to international markets that demand strict traceability. Beyond just helping farmers grow shrimp better, AquaExchange can now help them prove quality and access better export opportunities.

In March, AquaExchange raised $8 Mn in a Series B funding round co-led by Endiya Partners and Factor Analytics, with participation from existing investor Accion Ventures. This investment is expected to help in the aforementioned goals. AquaExchange expects to clock revenue of about ₹275 Cr in FY26, with an EBITDA of about ₹9 Cr for the year. In FY25 and FY24, the company registered revenue of ₹240 Cr and ₹104 Cr, respectively.

“At the PAT level, we expect to close this year with a small loss of around ₹3–4 Cr. However, we are on track to turn profitable in FY27, with projected profits of at least a couple of million dollars. In terms of margins, we are targeting an EBITDA of 8–10% and a PAT margin of around 3–4% next year. Our focus now is on reinvesting back into the business to drive sustained growth,” said Kosaraju, adding that the company is well-positioned to explore public markets within the next three to four years.

He noted that in most agritech companies, technology is typically treated as a customer acquisition tool, with monetisation largely driven by other verticals such as trading or financing. He emphasised that in their model the technology division is revenue-generating and plays a direct role in driving the company’s profitability.

Notably, while financing and procurement from farmers continue to account for over 80% of overall revenue, the technology division’s contribution has grown significantly from 3% to 13% in FY26. Looking ahead, he said the target is to take this to over 25% by March 2027, with the goal of having roughly one-fourth of overall revenues coming from the technology division.

Further, future plans also involve expanding the global footprint. Having established a local presence across states like Andhra Pradesh, Maharashtra, Karnataka and Gujarat, AquaExchange is now expanding its overseas business.

The company has entered Ecuador, the world’s largest shrimp exporter, and is working with some of the largest shrimp farms globally. It has also launched operations in Saudi Arabia and Madagascar.

The long-term vision extends beyond shrimp. The company believes the same model technology embedded in farms, combined with data-driven finance and supply chains can be replicated across fish, poultry, and dairy, potentially building digital infrastructure for the broader animal-protein economy."
Agritech,How TraceX Is Building The Data Layer For Verifiable Supply Chains,https://inc42.com/startups/how-tracex-is-building-the-data-layer-for-verifiable-supply-chains/,Vandana Batra,24th March 2026,Startup Stories,https://inc42.com/cdn-cgi/image/quality=90/https://asset.inc42.com/2026/03/ftr-100-490x360.jpg,,"TraceX enables enterprises to capture, verify and act on supply chain data — spanning traceability, compliance and sustainability use cases

With more than 30 enterprise clients, 2.3 Lakh farmers and 60-70% domestic clients, the startup is expanding into compliance-driven markets like Europe

With ₹18-20 Lakh minimum ticket size, over ₹10 Cr funding and a FY26 ARR target of ₹4.5 Cr, TraceX is positioning itself as a core infrastructure layer for verifiable supply chains

In today’s world, an ‘organic’ label on a product might sound reassuring, but it barely scratches the surface. Tracing the entire journey of a food product, from raw material sourcing to manufacturing and quality control, to packaging, transport, and storage, is essential before it is declared safe for consumption.

Even though many companies are working towards this, the gaps are still hard to ignore. As per the latest reports, consumption of unsafe food claims 420K lives and leaves at least 600 Mn people sick across the world every year. The gaps continue to surface across areas such as sourcing, quality checks, and compliance reviews, where stakeholders often rely on fragmented records and manual documentation.

Without a shared, verifiable data layer, proving compliance or sustainability claims becomes difficult as supply chains grow more complex.

India ranked 102nd out of 123 countries on the Global Hunger Index. Foodborne pathogens strike hard, with a major portion of the market still far from organised. This is where Bengaluru-based TraceX Technologies steps in, looking to close these gaps in India’s food traceability market, which is expected to reach $1.7 Bn by the end of the decade.

Launched in 2019 by Srivatsa Sreenivasarao, the startup is offering end-to-end visibility, meeting global compliance and managing carbon footprints across every touchpoint of the supply chain to the agro-processing industries and packaged food companies.

“We put AI to use in building a platform to capture, connect and verify supply chain data at scale,” Sreenivasarao told Inc42.

Its offerings span use cases such as EU Deforestation-free Regulation (EUDR) compliance, food traceability, digital product passports, farm management, and sustainability reporting, serving agribusinesses, carbon project developers, and compliance teams.

The company runs a team of about 20 people and follows an enterprise-led model, with a minimum annual ticket size of around ₹18–20 Lakh. TraceX recorded a revenue of around ₹3 Cr in FY25 and is aiming for an annual recurring revenue (ARR) of ₹4.5 Cr in FY26.

Tracing The Origin And Growth Of An Idea

As an electrical engineer, Sreenivasarao spent over a decade building software products across India and the UK before moving into startups. He led product and engineering at a tech startup owned by an acquaintance but exited when the founders decided to pivot to foodtech. Around the same time, an executive management programme at IIM Bangalore deepened his interest in food systems and supply chains.

Before launching TraceX, he also cofounded Jivabhumi, an agritech venture focussed on chemical-free farm produce. It was here that the structural gaps in supply chains became harder to ignore. On the ground, farm data was manually recorded, inconsistently maintained or missing altogether.

Even when the produce carried a chemical-free promise, there was no reliable way to verify how it moved from farm to buyer. “We were creating our own ‘seal of trust’, but that alone was not sufficient,” Sreenivasarao said in a conversation with Inc42.

The absence of structured, shareable data made verification difficult beyond internal checks. While scaling Jivabhumi, Sreenivasarao built internal systems to capture farm-level data. Over time, he realised the infrastructure had applications far beyond sourcing. It enabled QR-based consumer traceability, verification for institutional buyers and sustainability metrics for exports into regulated markets.

30 Startups To Watch: Startups That Caught Our Eye In June 2...

How AI Is Rewiring The Consumer Growth Stack Across India’s ...

How Let’s Try Tripled Revenue To Cross ₹200 Cr In A Year

That insight was the bedrock for building TraceX Technologies.

Building The Data Pool For Blockchain

Where does this product come from? This simple question that led to the making of TraceX has evolved into a much greater push to the founders to build the platform as a digital infrastructure layer for supply chains, enabling multiple actors – from farmers and aggregators to processors and exporters – to capture and share verified data.

At the core of this system lies a chain-of-custody framework that links every stage of a product’s journey – from cultivation to distribution. Each transaction or input is recorded on a blockchain, creating a traceable trail of how a product moves through the supply chain.

Capturing this data, however, has never been easy. Much of it originates at the farm level, often in regions where digitisation remains uneven. To resolve this challenge, TraceX has turned to multilingual, offline-first applications that allow field agents to collect data on the ground.

These inputs are then combined with enterprise systems, satellite imagery and external datasets to create a more complete picture. The information is recorded on a shared blockchain ledger, ensuring that records remain tamper-proof and accessible to all relevant stakeholders.

“We are essentially creating a digital infrastructure where multiple supply chain actors can interact and share data democratically,” Sreenivasarao said.

Solution For Compliance, Traceability, Sustainability

TraceX offers a set of enterprise solutions designed around three core needs: regulatory compliance, sustainable sourcing and digital measurement, reporting and verification (DMRV).

As frameworks such as the EU Deforestation-free Regulation (EUDR) and digital product passport requirements gain traction, companies need to maintain detailed records of sourcing and production. TraceX helps enterprises map supply chains, assess supplier risks and generate audit-ready documentation.

By digitising farm-level, farmer-level and crop-level data, the platform allows companies to verify responsible procurement practices and meet global sustainability certification requirements.

For Digital MRV, supply chain data is fed into environmental reporting, helping companies track nature-based interventions, calculate Scope 3 emissions and generate carbon reports backed by verifiable field data.

“Customers started using our platform not just for traceability, but to substantiate their sustainability actions, whether it’s emission reduction or responsible sourcing,” Sreenivasarao told Inc42.

To help the businesses navigate complex regulations, TraceX has also developed an Agentic AI-powered compliance platform called Clara. It enables supplier due diligence, geographic risk assessment and automated documentation aligned with global regulatory frameworks.

While the platform was initially designed for agriculture, the same visibility problem exists across industries. TraceX now works with companies in sectors such as paper and automotive. Clients like JK Paper and Yokohama use the platform to track raw material sourcing and environmental risks.

Raging Turf War Along The Way Ahead

Supply chain transparency is no longer an option, but a crucial business necessity. As businesses come under stricter scrutiny from regulators, investors, and consumers, seeking to know not just what they sell, but how they source, produce, and deliver , traceability emerges as a global priority.

An increasing number of technology players have started swarming the space over the last few years. Companies such as Cropin have built strong capabilities around farm intelligence and predictive agriculture, while TRST01 has stepped up its focus on blockchain-led traceability and transparency.

TraceX positions itself a little differently by bringing traceability, regulatory compliance and sustainability reporting on a single enterprise platform. The idea is to move beyond visibility alone and enable companies to use supply chain data for decision-making and regulatory alignment.

According to the founder, AI and ML will help organisations make more precise demand estimates, streamline logistics, and improve supply chain efficiency. Combining real-time data with advanced analytics will also help them adopt preemptive measures.

The platform works with more than 2.3 Lakh farmers and over 30 enterprise clients across agriculture, food and commodity supply chains. Its customers include companies such as Nestlé, Olam Agri and Organic India, while around 60–70% of its clients are based in India as domestic businesses prepare for tightening global compliance requirements.

Looking ahead, markets such as Europe are emerging as a key focus area as regulations around sourcing transparency, sustainability and carbon reporting tighten. For companies exporting into these regions, traceability is fast becoming a prerequisite, creating the kind of demand TraceX is betting on as supply chains move towards verifiable, data-backed operations."
Agritech,Inside Wastelink’s Bet To Build A Circular Feed Supply Chain,https://inc42.com/startups/inside-wastelinks-bet-to-build-a-circular-feed-supply-chain/,Vandana Batra,17th March 2026,Startup Stories,https://inc42.com/cdn-cgi/image/quality=90/https://asset.inc42.com/2026/03/Wastelink-ftr-2-490x360.jpg,,"Wastelink connects surplus food across supply chains with feed manufacturers, addressing both waste inefficiencies and raw material shortages in one system

Through AI-driven logistics and food processing, the startup converts inconsistent food waste into EcoMix–a predictable, cost-effective animal feed ingredient

With ₹26.5 Cr revenue in FY25 and aggressive expansion underway, Wastelink is building in a segment with limited formal competition but evolving operational and regulatory challenges

Rumpelstiltskin is back – not in Germany this time – in India’s booming startup economy, instead. Wastelink , an agritech venture, is working on a circular economy to make fodder out of food waste.

More than 8 Bn people living on the planet today produce in excess of 2 Bn Tonnes of municipal solid waste every year. Food and green waste make up roughly 44% of this, yet they remain deeply mismanaged across commercial supply chains.

The situation looks grim, with solid waste volume projected to reach 4 Bn Tonnes by 2050 in a business-as-usual scenario. The need for improved waste management policies worldwide has become ever more important today.

India, home to 1.4 Bn people, contributes roughly 74 Mn Tonnes of food waste every year, equivalent to 22% of the country’s foodgrain output and enough to feed 377 Mn people.

A deep dive into food waste generated in India reveals a paradox. Across farms, aggregation centres, processing units, FMCG factories, logistics networks, wholesale markets, and organised retail, surplus emerges in the form of grading rejects, damaged inventory, off-spec batches during curing, baking or frying, and sales returns. Built for throughput, rather than recovery, this B2B ecosystem allows nutritionally viable materials to slip into low-value disposal streams.

At the same time, the cattle feed industry, which relies on inputs like corn and bajra, faces price volatility, inconsistent quality, and limited scalable alternatives.

This disconnect between upstream surplus and downstream raw material constraint is a structural inefficiency. And, WasteLink is working to bridge this gap. The Delhi-based startup aims to transform fragmented food surplus into traceable, standardised and scientifically processed feed ingredients for the livestock sector. It operates in the circular economy segment with the mission of zero food waste.

Founded in 2018 by Saket Dave and Krishnan Kasturirangan, Wastelink functions on two fronts . On one side, it runs a B2B platform that purchases surplus food from across the supply chain. The company works with packaged food companies and agro processing industries across categories such as chocolates, biscuits and staples, aggregating excess inventory from multiple touchpoints.

On the other hand, this excess food inventory and rejected food items are processed into cattle feed under the brand name ecoFeed, an alternative to traditional feed inputs like corn or bajra. The founders believe that bakery products such as bread, cakes, and biscuits are highly palatable and rich in energy. Introducing former foodstuffs into feed has proven to increase yields by 15% while also offering a cost advantage to feed manufacturers.

“We realised very early that while categories like plastic and electronics had organised recycling ecosystems, food waste didn’t, despite being the largest by volume,” Dave told Inc42.

With a team of nearly 100 people and an installed processing capacity of 1,500 Tonnes per month, operating at 75-80% utilisation, the startup looks to scale further.

After raising ₹27 Cr (around $3 Mn) recently from Avaana Capital , Malvika Poddar, Nithin Kamath and Indigram Labs, the startup plans to expand its processing capacity threefold over the next year, while also beefing up its R&D, traceability technology and quality systems.

The startup ended FY25 with a revenue of ₹26.5 Cr and looks to close this fiscal with businesses worth ₹35–40 Cr. It also hopes to achieve breakeven this fiscal.

The Tale Of Linking Wastes To Wealth

The seeds of Wastelink germinated in 2oo9, when Dave, an alumnus of Thapar Institute of Engineering and Technology, began working around waste management in Patiala. He observed that large volumes of food waste could be redirected into something of value if supply and demand were better aligned.

30 Startups To Watch: Startups That Caught Our Eye In June 2...

How AI Is Rewiring The Consumer Growth Stack Across India’s ...

How Let’s Try Tripled Revenue To Cross ₹200 Cr In A Year

His early efforts focussed on aggregating and repurposing food waste at a local level, gradually evolving into a more structured operation. Dave and Kasturirangan crossed paths while working with a cloud communications startup, where close collaboration led to a shared understanding of supply chain inefficiencies.

As the duo worked closely with farmers, vendors and small businesses, they started building early supply loops, connecting waste generators with feed producers. Kasturirangan, who was initially involved as an investor, later recognised the scale of opportunity and came on board as a cofounder, helping formalise and scale the venture.

Over time, the company pivoted from broader waste categories such as plastic or e-waste to focus exclusively on food waste. This allowed Wastelink to build depth in sourcing, processing and standardising food waste streams, while also aligning more closely with the needs of feed manufacturers. In doing so, it began repositioning waste as a reliable alternative feed input.

“Solving for supply-demand mismatch was only one part of the problem. The bigger challenge lay in building trust across both sides of the value chain,” said Dave. He listed some of the key challenges Wastelink is solving for the ecosystem through its tech play.

For food businesses, the concern is not just disposal, but misuse. Once surplus exits their system, the risk of it entering informal, or even unauthorised, secondary markets becomes real. To address this, Wastelink has embedded traceability into its operations, enabling suppliers to track how their surplus moves through the chain and where it ultimately ends up.

Its reverse-logistics AI tool manages and records waste pickups from food producers. Materials are digitally tagged and tracked from collection through processing, maintaining visibility into the chain of custody. All of this is accessible through Wastelink’s dashboard, where suppliers can monitor the movement and status of their surplus in real time.

At the processing stage, batches are standardised using AI-driven nutrition formulation tools. This ensures consistent feed ingredients and allows the company to produce targeted outputs, such as a protein meal for weight gain, an energy meal for faster growth, or a sugar meal (a molasses alternative).

As a result, both food producers and feed manufacturers can access the auditable trail that tracks the journey from the original food source to the final feed ingredient supplied to manufacturers.

The biggest challenge for Wastelink lies in moving this highly perishable material quickly and efficiently. Wastelink does not own a fleet. Instead, it works with subcontracted transporters. The control sits firmly with its in-house intelligence layer.

Its in-house AI-powered reverse logistics system decides what to pick, when to pick and how to move it. The system factors in multiple variables, such as supplier readiness, traffic conditions, perishability of the material, vehicle capacity, and cost efficiency, to optimise routes and schedules. The idea is to lower logistics costs, increase fleet utilisation, reduce spoilage and ensure that waste reaches the facility within a viable window.

Once the material reaches the factory, the second layer of technology comes into play – standardisation. Food waste, by nature, is inconsistent, with no two batches being identical.

To address this, Wastelink has built a formulation engine that uses AI to analyse incoming material for nutritional value, moisture levels and variability. Based on this, it determines how different inputs can be blended to create a stable, standardised output — reducing reliance on manual formulation.

To ensure consistent quality, every batch undergoes multiple checkpoints: at the point of input, during processing and at the final output stage. Any material that fails to meet microbiological or safety standards is rejected. Even after this, feed manufacturers carry out their own validation before integration.

Scaling In An Unstructured Market

The ₹403.5 Cr animal feed market in India ranks among the largest globally, with projections for 15% growth by 2027. The organised sector has so far supplied only 50% of poultry feed and 10% of cattle and aqua feed in India.

As Wastelink scales, it steps up the focus on building a structured business in a largely unorganised category. The model sits at the intersection of surplus sourcing, scientific processing and feed integration, making operations complex.

Compliance spans multiple frameworks, especially as rules around food waste continue to evolve. Wastelink says it aligns its processes with existing animal feed standards, especially around quality and safety.

The company works with 25–30 suppliers, while steadily expanding its processing capacity. Wastelink aims for revenue of ₹35–40 Cr this financial year, though profitability remains a work-in-progress due to ongoing investments in capacity and quality systems.

The company has chosen to remain B2B-first, positioning ecoFeed as an ingredient within the existing supply chain, rather than building a consumer-facing brand and competing with existing players. Operationally, the model remains logistics- and labour-intensive, employing nearly 100 people directly and around 400 workers across factory operations.

Although food waste upcycling into feed inputs remains nascent in India, Wastelink faces indirect competition from players such as Billion Carbon and Carbon Masters, which convert food waste into manure and fertilisers. Unlike adjacent segments like plastic or e-waste recycling, this category lacks clear benchmarks and established leaders.

It will be interesting to see how Wastelink spins straw into gold by scaling efficiently while helping define processes and standards in a fragmented yet high-potential market."
Agritech,Exclusive: Agritech Startup Waycool Raises ₹210 Cr From Lightrock India,https://inc42.com/buzz/exclusive-agritech-startup-waycool-raises-%e2%82%b9210-cr-from-lightrock-india/,Anne Florentyna,13th March 2026,News,https://inc42.com/cdn-cgi/image/quality=90/https://asset.inc42.com/2026/03/waycool-ftr-490x360.jpg,,
Agritech,Verdant Impact Nets $3 Mn To Scale AI-Led Livestock Management Platform,https://inc42.com/buzz/verdant-impact-nets-3mn-to-scale-ai-led-livestock-management-platform/,Shrishti Bisht,10th March 2026,News,https://inc42.com/cdn-cgi/image/quality=90/https://asset.inc42.com/2026/03/verdant-impact-feature-image-490x360.png,,
