index_slug,index_label,code,name,ltp,changePct,changeVal,ffmc,yearHigh,yearLow,hasPage
"nifty-50","NIFTY 50","HDFCBANK","HDFC BANK LIMITED","796","-0.24","-1.95","12155643604435","1020.5","726.65","true"
"nifty-50","NIFTY 50","ICICIBANK","ICICI BANK LIMITED","1377.6","0.17","2.4","9841242612304.74","1500","1187.6","true"
"nifty-50","NIFTY 50","RELIANCE","RELIANCE INDUSTRIES LIMITED","1306.5","0.97","12.6","8801552588810.98","1611.8","1253.2","true"
"nifty-50","NIFTY 50","BHARTIARTL","BHARTI AIRTEL LIMITED","1870","0.97","18","5670507674381.7","2174.5","1740.5","true"
"nifty-50","NIFTY 50","LT","LARSEN & TOUBRO LIMITED","4092","-1.24","-51.4","4776037164394.01","4440","3288.1","true"
"nifty-50","NIFTY 50","SBIN","STATE BANK OF INDIA","1043.5","1.62","16.6","4301188176592.78","1234.7","786.55","true"
"nifty-50","NIFTY 50","AXISBANK","AXIS BANK LIMITED","1363.9","1.35","18.2","3906357391414.63","1418.3","1042.5","true"
"nifty-50","NIFTY 50","INFY","INFOSYS LIMITED","986","-1.44","-14.4","3448998154275.85","1728","982.4","true"
"nifty-50","NIFTY 50","KOTAKBANK","KOTAK MAHINDRA BANK LIMITED","399","1.72","6.75","2929428504972.28","453.2","345.5","true"
"nifty-50","NIFTY 50","M&M","MAHINDRA & MAHINDRA LIMITED","3132","2.06","63.2","2788363484067.16","3839.9","2896","true"
"nifty-50","NIFTY 50","ITC","ITC LIMITED","290.05","1.08","3.1","2788166031780.68","427","275.05","true"
"nifty-50","NIFTY 50","BAJFINANCE","BAJAJ FINANCE LIMITED","1014","0.92","9.2","2710145655853.13","1102.5","787.9","true"
"nifty-50","NIFTY 50","ETERNAL","ETERNAL LIMITED","280","5.82","15.4","2018605148333.76","368.45","212.6","true"
"nifty-50","NIFTY 50","TCS","TATA CONSULTANCY SERVICES LIMITED","1981.8","-2.45","-49.7","2017715351617.03","3489.9","1976.8","true"
"nifty-50","NIFTY 50","SUNPHARMA","SUN PHARMACEUTICAL INDUSTRIES LIMITED","1867.4","0.26","4.9","1971817779187.02","1916.6","1548","true"
"nifty-50","NIFTY 50","HINDUNILVR","HINDUSTAN UNILEVER LIMITED","2181.5","2.99","63.3","1929980348943.79","2750","2022.5","true"
"nifty-50","NIFTY 50","MARUTI","MARUTI SUZUKI INDIA LIMITED","14340","1.59","225","1865495662650.67","17370","12201","true"
"nifty-50","NIFTY 50","TITAN","TITAN COMPANY LIMITED","4395","-0.2","-9","1809469105321.5","4605","3303.1","true"
"nifty-50","NIFTY 50","NTPC","NTPC LIMITED","357.4","0.21","0.75","1689637264850.54","414.4","315.55","true"
"nifty-50","NIFTY 50","TATASTEEL","TATA STEEL LIMITED","185","-1.63","-3.06","1524947669504.78","224.4","152.51","true"
"nifty-50","NIFTY 50","BEL","BHARAT ELECTRONICS LIMITED","416.3","1.09","4.5","1486891300729.86","473.45","361.2","true"
"nifty-50","NIFTY 50","SHRIRAMFIN","SHRIRAM FINANCE LIMITED","1045","0.27","2.8","1459462807398.06","1108","566.5","true"
"nifty-50","NIFTY 50","ADANIPORTS","ADANI PORTS AND SPECIAL ECONOMIC ZONE LIMITED","1848.2","2.1","38","1359674305126.95","1881.7","1290.5","true"
"nifty-50","NIFTY 50","HINDALCO","HINDALCO INDUSTRIES LIMITED","939.4","-1.8","-17.2","1356352485875.02","1176","657.5","true"
"nifty-50","NIFTY 50","ULTRACEMCO","ULTRATECH CEMENT LIMITED","11460","1.84","207","1352345865465.35","13110","10325","true"
"nifty-50","NIFTY 50","POWERGRID","POWER GRID CORPORATION OF INDIA LIMITED","287.1","0.28","0.8","1296511899310.25","324.95","250","true"
"nifty-50","NIFTY 50","ASIANPAINT","ASIAN PAINTS LIMITED","2715","3.01","79.3","1224361952119.48","2985.7","2115","true"
"nifty-50","NIFTY 50","INDIGO","INTERGLOBE AVIATION LIMITED","5383.5","0.28","15","1215173063789.24","6232.5","3895.2","true"
"nifty-50","NIFTY 50","GRASIM","GRASIM INDUSTRIES LIMITED","3139","1.26","39","1181061087467.89","3200","2502.5","true"
"nifty-50","NIFTY 50","JSWSTEEL","JSW STEEL LIMITED","1224.9","-0.12","-1.5","1145673608542.48","1328","1008","true"
"nifty-50","NIFTY 50","TRENT","TRENT LIMITED","3288.7","0.19","6.1","1091232966647.03","4174","2183.67","true"
"nifty-50","NIFTY 50","HCLTECH","HCL TECHNOLOGIES LIMITED","1035.4","-3.4","-36.4","1088553576533.67","1780.1","1030","true"
"nifty-50","NIFTY 50","BAJAJ-AUTO","BAJAJ AUTO LIMITED","9845","1.33","129","1087314201744.5","10834","7858.5","true"
"nifty-50","NIFTY 50","COALINDIA","COAL INDIA LIMITED","435.15","-0.89","-3.9","1039401774503.55","491.25","368.65","true"
"nifty-50","NIFTY 50","BAJAJFINSV","BAJAJ FINSERV LIMITED","1799.9","1.11","19.7","1039086545071.58","2195","1597","true"
"nifty-50","NIFTY 50","NESTLEIND","NESTLE INDIA LIMITED","1453","3.4","47.8","1038902921255.82","1498.1","1084.7","true"
"nifty-50","NIFTY 50","EICHERMOT","EICHER MOTORS LIMITED","7144","1","70.5","981799443993.85","8230","5353","true"
"nifty-50","NIFTY 50","ONGC","OIL & NATURAL GAS CORPORATION LIMITED","234.92","0.01","0.02","909993514601.02","307.5","227.65","true"
"nifty-50","NIFTY 50","ADANIENT","ADANI ENTERPRISES LIMITED","3143","3.52","107","904434369332.81","3149.8","1753","true"
"nifty-50","NIFTY 50","APOLLOHOSP","APOLLO HOSPITALS ENTERPRISE LIMITED","8620","-0.71","-62","884603992944.11","8770","6696.5","true"
"nifty-50","NIFTY 50","TECHM","TECH MAHINDRA LIMITED","1360","-3.18","-44.7","861303629587.41","1854","1304.1","true"
"nifty-50","NIFTY 50","MAXHEALTH","MAX HEALTHCARE INSTITUTE LIMITED","1141.7","1.1","12.4","847318177690.91","1314.3","903","true"
"nifty-50","NIFTY 50","CIPLA","CIPLA LIMITED","1457","-0.57","-8.4","817537223676.17","1673","1165.7","true"
"nifty-50","NIFTY 50","DRREDDY","DR. REDDY'S LABORATORIES LIMITED","1337.3","-1.46","-19.8","812919301856.56","1414.9","1148.4","true"
"nifty-50","NIFTY 50","SBILIFE","SBI LIFE INSURANCE COMPANY LIMITED","1793","1.55","27.3","803435012807.85","2132","1700.4","true"
"nifty-50","NIFTY 50","JIOFIN","JIO FINANCIAL SERVICES LIMITED","239.9","1.46","3.46","784932672982.82","338.6","223.3","true"
"nifty-50","NIFTY 50","TMPV","TATA MOTORS PASSENGER VEHICLES LIMITED","347.95","-1.21","-4.25","725158500574.41","739.7","294.3","true"
"nifty-50","NIFTY 50","TATACONSUM","TATA CONSUMER PRODUCTS LIMITED","1090","1.34","14.4","707847380245.78","1282.7","1007.2","true"
"nifty-50","NIFTY 50","HDFCLIFE","HDFC LIFE INSURANCE COMPANY LIMITED","570.65","-0.9","-5.2","612161006827","820.75","543","true"
"nifty-50","NIFTY 50","WIPRO","WIPRO LIMITED","169.85","-0.32","-0.54","485974561038.57","273.1","169.25","true"
"nifty-100","NIFTY 100","HDFCBANK","HDFC BANK LIMITED","796","-0.24","-1.95","12155643604435","1020.5","726.65","true"
"nifty-100","NIFTY 100","ICICIBANK","ICICI BANK LIMITED","1377.6","0.17","2.4","9841242612304.74","1500","1187.6","true"
"nifty-100","NIFTY 100","RELIANCE","RELIANCE INDUSTRIES LIMITED","1306.5","0.97","12.6","8801552588810.98","1611.8","1253.2","true"
"nifty-100","NIFTY 100","BHARTIARTL","BHARTI AIRTEL LIMITED","1870","0.97","18","5670507674381.7","2174.5","1740.5","true"
"nifty-100","NIFTY 100","LT","LARSEN & TOUBRO LIMITED","4092","-1.24","-51.4","4776037164394.01","4440","3288.1","true"
"nifty-100","NIFTY 100","SBIN","STATE BANK OF INDIA","1043.5","1.62","16.6","4301188176592.78","1234.7","786.55","true"
"nifty-100","NIFTY 100","AXISBANK","AXIS BANK LIMITED","1363.9","1.35","18.2","3906357391414.63","1418.3","1042.5","true"
"nifty-100","NIFTY 100","INFY","INFOSYS LIMITED","986","-1.44","-14.4","3448998154275.85","1728","982.4","true"
"nifty-100","NIFTY 100","KOTAKBANK","KOTAK MAHINDRA BANK LIMITED","399","1.72","6.75","2929428504972.28","453.2","345.5","true"
"nifty-100","NIFTY 100","M&M","MAHINDRA & MAHINDRA LIMITED","3132","2.06","63.2","2788363484067.16","3839.9","2896","true"
"nifty-100","NIFTY 100","ITC","ITC LIMITED","290.05","1.08","3.1","2788166031780.68","427","275.05","true"
"nifty-100","NIFTY 100","BAJFINANCE","BAJAJ FINANCE LIMITED","1014","0.92","9.2","2710145655853.13","1102.5","787.9","true"
"nifty-100","NIFTY 100","ETERNAL","ETERNAL LIMITED","280","5.82","15.4","2018605148333.76","368.45","212.6","true"
"nifty-100","NIFTY 100","TCS","TATA CONSULTANCY SERVICES LIMITED","1981.8","-2.45","-49.7","2017715351617.03","3489.9","1976.8","true"
"nifty-100","NIFTY 100","SUNPHARMA","SUN PHARMACEUTICAL INDUSTRIES LIMITED","1867.4","0.26","4.9","1971817779187.02","1916.6","1548","true"
"nifty-100","NIFTY 100","HINDUNILVR","HINDUSTAN UNILEVER LIMITED","2181.5","2.99","63.3","1929980348943.79","2750","2022.5","true"
"nifty-100","NIFTY 100","MARUTI","MARUTI SUZUKI INDIA LIMITED","14340","1.59","225","1865495662650.67","17370","12201","true"
"nifty-100","NIFTY 100","TITAN","TITAN COMPANY LIMITED","4395","-0.2","-9","1809469105321.5","4605","3303.1","true"
"nifty-100","NIFTY 100","NTPC","NTPC LIMITED","357.4","0.21","0.75","1689637264850.54","414.4","315.55","true"
"nifty-100","NIFTY 100","TATASTEEL","TATA STEEL LIMITED","185","-1.63","-3.06","1524947669504.78","224.4","152.51","true"
"nifty-100","NIFTY 100","BEL","BHARAT ELECTRONICS LIMITED","416.3","1.09","4.5","1486891300729.86","473.45","361.2","true"
"nifty-100","NIFTY 100","SHRIRAMFIN","SHRIRAM FINANCE LIMITED","1045","0.27","2.8","1459462807398.06","1108","566.5","true"
"nifty-100","NIFTY 100","ADANIPORTS","ADANI PORTS AND SPECIAL ECONOMIC ZONE LIMITED","1848.2","2.1","38","1359674305126.95","1881.7","1290.5","true"
"nifty-100","NIFTY 100","HINDALCO","HINDALCO INDUSTRIES LIMITED","939.4","-1.8","-17.2","1356352485875.02","1176","657.5","true"
"nifty-100","NIFTY 100","ULTRACEMCO","ULTRATECH CEMENT LIMITED","11460","1.84","207","1352345865465.35","13110","10325","true"
"nifty-100","NIFTY 100","POWERGRID","POWER GRID CORPORATION OF INDIA LIMITED","287.1","0.28","0.8","1296511899310.25","324.95","250","true"
"nifty-100","NIFTY 100","ASIANPAINT","ASIAN PAINTS LIMITED","2715","3.01","79.3","1224361952119.48","2985.7","2115","true"
"nifty-100","NIFTY 100","INDIGO","INTERGLOBE AVIATION LIMITED","5383.5","0.28","15","1215173063789.24","6232.5","3895.2","true"
"nifty-100","NIFTY 100","GRASIM","GRASIM INDUSTRIES LIMITED","3139","1.26","39","1181061087467.89","3200","2502.5","true"
"nifty-100","NIFTY 100","JSWSTEEL","JSW STEEL LIMITED","1224.9","-0.12","-1.5","1145673608542.48","1328","1008","true"
"nifty-100","NIFTY 100","TRENT","TRENT LIMITED","3288.7","0.19","6.1","1091232966647.03","4174","2183.67","true"
"nifty-100","NIFTY 100","HCLTECH","HCL TECHNOLOGIES LIMITED","1035.4","-3.4","-36.4","1088553576533.67","1780.1","1030","true"
"nifty-100","NIFTY 100","BAJAJ-AUTO","BAJAJ AUTO LIMITED","9845","1.33","129","1087314201744.5","10834","7858.5","true"
"nifty-100","NIFTY 100","COALINDIA","COAL INDIA LIMITED","435.15","-0.89","-3.9","1039401774503.55","491.25","368.65","true"
"nifty-100","NIFTY 100","BAJAJFINSV","BAJAJ FINSERV LIMITED","1799.9","1.11","19.7","1039086545071.58","2195","1597","true"
"nifty-100","NIFTY 100","NESTLEIND","NESTLE INDIA LIMITED","1453","3.4","47.8","1038902921255.82","1498.1","1084.7","true"
"nifty-100","NIFTY 100","EICHERMOT","EICHER MOTORS LIMITED","7144","1","70.5","981799443993.85","8230","5353","true"
"nifty-100","NIFTY 100","ADANIPOWER","ADANI POWER LIMITED","226.21","1.09","2.44","936007654906.99","254.2","109.75","true"
"nifty-100","NIFTY 100","ONGC","OIL & NATURAL GAS CORPORATION LIMITED","234.92","0.01","0.02","909993514601.02","307.5","227.65","true"
"nifty-100","NIFTY 100","ADANIENT","ADANI ENTERPRISES LIMITED","3143","3.52","107","904434369332.81","3149.8","1753","true"
"nifty-100","NIFTY 100","TMCV","TATA MOTORS LIMITED","431.6","2.05","8.65","898898777562.14","509","306.3","true"
"nifty-100","NIFTY 100","APOLLOHOSP","APOLLO HOSPITALS ENTERPRISE LIMITED","8620","-0.71","-62","884603992944.11","8770","6696.5","true"
"nifty-100","NIFTY 100","TECHM","TECH MAHINDRA LIMITED","1360","-3.18","-44.7","861303629587.41","1854","1304.1","true"
"nifty-100","NIFTY 100","MAXHEALTH","MAX HEALTHCARE INSTITUTE LIMITED","1141.7","1.1","12.4","847318177690.91","1314.3","903","true"
"nifty-100","NIFTY 100","HAL","HINDUSTAN AERONAUTICS LIMITED","4426.6","1.04","45.4","837414103319.88","5065","3479.1","true"
"nifty-100","NIFTY 100","DIVISLAB","DIVI'S LABORATORIES LIMITED","6542","-0.56","-37","829087987829.16","7071.5","5636.5","true"
"nifty-100","NIFTY 100","TVSMOTOR","TVS MOTOR COMPANY LIMITED","3491.1","0.88","30.5","817797692993.81","3970","2728.7","true"
"nifty-100","NIFTY 100","CIPLA","CIPLA LIMITED","1457","-0.57","-8.4","817537223676.17","1673","1165.7","true"
"nifty-100","NIFTY 100","DRREDDY","DR. REDDY'S LABORATORIES LIMITED","1337.3","-1.46","-19.8","812919301856.56","1414.9","1148.4","true"
"nifty-100","NIFTY 100","SBILIFE","SBI LIFE INSURANCE COMPANY LIMITED","1793","1.55","27.3","803435012807.85","2132","1700.4","true"
"nifty-100","NIFTY 100","JIOFIN","JIO FINANCIAL SERVICES LIMITED","239.9","1.46","3.46","784932672982.82","338.6","223.3","true"
"nifty-100","NIFTY 100","CHOLAFIN","CHOLAMANDALAM INVESTMENT AND FINANCE COMPANY LIMITED","1799.9","0.56","10.1","776587906013.25","1831.5","1299.4","true"
"nifty-100","NIFTY 100","CUMMINSIND","CUMMINS INDIA LIMITED","5655","-0.08","-4.5","761753995002","6100","3278.5","true"
"nifty-100","NIFTY 100","TMPV","TATA MOTORS PASSENGER VEHICLES LIMITED","347.95","-1.21","-4.25","725158500574.41","739.7","294.3","true"
"nifty-100","NIFTY 100","TATACONSUM","TATA CONSUMER PRODUCTS LIMITED","1090","1.34","14.4","707847380245.78","1282.7","1007.2","true"
"nifty-100","NIFTY 100","VBL","VARUN BEVERAGES LIMITED","514.8","1.43","7.25","701909761245.7","555.8","381","true"
"nifty-100","NIFTY 100","DMART","AVENUE SUPERMARTS LIMITED","4310","-1.61","-70.7","692607323314.51","4949.5","3529","true"
"nifty-100","NIFTY 100","CGPOWER","CG POWER AND INDUSTRIAL SOLUTIONS LIMITED","976","2.5","23.85","667361975631.23","978.9","525.5","true"
"nifty-100","NIFTY 100","MOTHERSON","SAMVARDHANA MOTHERSON INTERNATIONAL LIMITED","147.84","-0.18","-0.27","651307296883.39","155.25","89.7","true"
"nifty-100","NIFTY 100","INDHOTEL","THE INDIAN HOTELS COMPANY LIMITED","722.25","1.16","8.3","632461826579.57","811.95","565","true"
"nifty-100","NIFTY 100","PFC","POWER FINANCE CORPORATION LIMITED","430.45","1.45","6.15","625025570496.47","486.5","329.9","true"
"nifty-100","NIFTY 100","TATAPOWER","TATA POWER COMPANY LIMITED","375.15","-2.68","-10.35","623973378450.86","464.9","342.5","true"
"nifty-100","NIFTY 100","BRITANNIA","BRITANNIA INDUSTRIES LIMITED","5246","1.93","99.5","616221203846.78","6336","5035","true"
"nifty-100","NIFTY 100","BPCL","BHARAT PETROLEUM CORPORATION LIMITED","303.95","0.13","0.4","614290051942.81","391.65","266.6","true"
"nifty-100","NIFTY 100","HDFCLIFE","HDFC LIFE INSURANCE COMPANY LIMITED","570.65","-0.9","-5.2","612161006827","820.75","543","true"
"nifty-100","NIFTY 100","HDFCAMC","HDFC ASSET MANAGEMENT COMPANY LIMITED","2748.8","3.6","95.6","558865074647.83","2967.25","2205.6","true"
"nifty-100","NIFTY 100","IOC","INDIAN OIL CORPORATION LIMITED","139.99","0.44","0.61","521581235245.68","188.96","130.22","true"
"nifty-100","NIFTY 100","ADANIGREEN","ADANI GREEN ENERGY LIMITED","1529.9","2.53","37.7","511479843817.12","1557","765","true"
"nifty-100","NIFTY 100","BANKBARODA","BANK OF BARODA","271.05","-0.5","-1.35","501455957137.85","325.5","230.81","true"
"nifty-100","NIFTY 100","ADANIENSOL","ADANI ENERGY SOLUTIONS LIMITED","1516","1.65","24.6","496478588430.37","1614.8","744.9","true"
"nifty-100","NIFTY 100","PIDILITIND","PIDILITE INDUSTRIES LIMITED","1580.3","-0.78","-12.4","488316970452.41","1620.7","1259","true"
"nifty-100","NIFTY 100","WIPRO","WIPRO LIMITED","169.85","-0.32","-0.54","485974561038.57","273.1","169.25","true"
"nifty-100","NIFTY 100","TORNTPHARM","TORRENT PHARMACEUTICALS LIMITED","4643.1","0.5","23","485888018145.87","4742.9","3165","true"
"nifty-100","NIFTY 100","GAIL","GAIL (INDIA) LIMITED","174.41","0.55","0.95","469137355676.36","195.45","134.36","true"
"nifty-100","NIFTY 100","VEDL","VEDANTA LIMITED","275.25","-1.96","-5.5","465456468185.22","795","268.7","true"
"nifty-100","NIFTY 100","BAJAJHLDNG","BAJAJ HOLDINGS & INVESTMENT LIMITED","10709","1","106","462373989100.79","14763","8588","true"
"nifty-100","NIFTY 100","RECLTD","REC LIMITED","370","1.7","6.2","460861966683.36","409.8","304.05","true"
"nifty-100","NIFTY 100","SOLARINDS","SOLAR INDUSTRIES INDIA LIMITED","18600","-0.51","-96","451822129234.21","18972","11646","true"
"nifty-100","NIFTY 100","CANBK","CANARA BANK","125.9","0.3","0.38","421956872192.82","162.89","103.55","true"
"nifty-100","NIFTY 100","GODREJCP","GODREJ CONSUMER PRODUCTS LIMITED","1044.4","3.41","34.4","418554686947.73","1309","967.05","true"
"nifty-100","NIFTY 100","DLF","DLF LIMITED","648","4.51","27.95","414540434805.83","859.95","489.4","true"
"nifty-100","NIFTY 100","UNITDSPR","UNITED SPIRITS LIMITED","1351","0.04","0.6","397971690671.21","1488","1210.8","true"
"nifty-100","NIFTY 100","JINDALSTEL","JINDAL STEEL LIMITED","1027","-3.12","-33.1","379367947831.15","1306.2","914.6","true"
"nifty-100","NIFTY 100","PNB","PUNJAB NATIONAL BANK","107.41","0.67","0.72","368889092821.05","135.15","98.5","true"
"nifty-100","NIFTY 100","ABB","ABB INDIA LIMITED","6932","-1.41","-99","362759857763.44","7822.5","4637.5","true"
"nifty-100","NIFTY 100","BOSCHLTD","BOSCH LIMITED","40730","2.08","830","352309011451.66","41945","28610","true"
"nifty-100","NIFTY 100","SHREECEM","SHREE CEMENT LIMITED","25900","2.57","650","345428194663.77","32490","22550","true"
"nifty-100","NIFTY 100","UNIONBANK","UNION BANK OF INDIA","174.85","1.4","2.42","336916715543.6","205.49","124.64","true"
"nifty-100","NIFTY 100","LTM","LTM LIMITED","3546.7","0.25","8.7","328474340000.51","6429.5","3528","true"
"nifty-100","NIFTY 100","ENRIN","SIEMENS ENERGY INDIA LIMITED","3636","-1.28","-47.3","320671926632.13","3968","2115","true"
"nifty-100","NIFTY 100","SIEMENS","SIEMENS LIMITED","3559.1","-1.13","-40.8","313737742636.18","3937.3","2826","true"
"nifty-100","NIFTY 100","MUTHOOTFIN","MUTHOOT FINANCE LIMITED","2911","-2.88","-86.3","311305732172.29","4149.5","2476.6","true"
"nifty-100","NIFTY 100","ZYDUSLIFE","ZYDUS LIFESCIENCES LIMITED","1109.9","-0.24","-2.7","276906362656.13","1128.5","835.5","true"
"nifty-100","NIFTY 100","LODHA","LODHA DEVELOPERS LIMITED","993","3.95","37.75","274710196966.18","1495.7","650.8","true"
"nifty-100","NIFTY 100","HYUNDAI","HYUNDAI MOTOR INDIA LIMITED","1918.8","0.7","13.3","272830703138.1","2890","1658","true"
"nifty-100","NIFTY 100","AMBUJACEM","AMBUJA CEMENTS LIMITED","419.5","-0.56","-2.35","260809932828.51","624.95","394","true"
"nifty-100","NIFTY 100","HINDZINC","HINDUSTAN ZINC LIMITED","524.9","-1.55","-8.25","251721584932.02","733","413.5","true"
"nifty-100","NIFTY 100","MAZDOCK","MAZAGON DOCK SHIPBUILDERS LIMITED","2532","1.42","35.4","191820254671.44","3369","2057.4","true"
"nifty-100","NIFTY 100","IRFC","INDIAN RAILWAY FINANCE CORPORATION LIMITED","91.2","0.74","0.67","182934327022.23","143.15","87","true"
"nifty-100","NIFTY 100","TATACAP","TATA CAPITAL LIMITED","361","-1.34","-4.9","181209095464.16","379.95","296","true"
"nifty-500","NIFTY 500","HDFCBANK","HDFC BANK LIMITED","796","-0.24","-1.95","12155643604435","1020.5","726.65","true"
"nifty-500","NIFTY 500","ICICIBANK","ICICI BANK LIMITED","1377.6","0.17","2.4","9841242612304.74","1500","1187.6","true"
"nifty-500","NIFTY 500","RELIANCE","RELIANCE INDUSTRIES LIMITED","1306.5","0.97","12.6","8801552588810.98","1611.8","1253.2","true"
"nifty-500","NIFTY 500","BHARTIARTL","BHARTI AIRTEL LIMITED","1870","0.97","18","5670507674381.7","2174.5","1740.5","true"
"nifty-500","NIFTY 500","LT","LARSEN & TOUBRO LIMITED","4092","-1.24","-51.4","4776037164394.01","4440","3288.1","true"
"nifty-500","NIFTY 500","SBIN","STATE BANK OF INDIA","1043.5","1.62","16.6","4301188176592.78","1234.7","786.55","true"
"nifty-500","NIFTY 500","AXISBANK","AXIS BANK LIMITED","1363.9","1.35","18.2","3906357391414.63","1418.3","1042.5","true"
"nifty-500","NIFTY 500","INFY","INFOSYS LIMITED","986","-1.44","-14.4","3448998154275.85","1728","982.4","true"
"nifty-500","NIFTY 500","KOTAKBANK","KOTAK MAHINDRA BANK LIMITED","399","1.72","6.75","2929428504972.28","453.2","345.5","true"
"nifty-500","NIFTY 500","M&M","MAHINDRA & MAHINDRA LIMITED","3132","2.06","63.2","2788363484067.16","3839.9","2896","true"
"nifty-500","NIFTY 500","ITC","ITC LIMITED","290.05","1.08","3.1","2788166031780.68","427","275.05","true"
"nifty-500","NIFTY 500","BAJFINANCE","BAJAJ FINANCE LIMITED","1014","0.92","9.2","2710145655853.13","1102.5","787.9","true"
"nifty-500","NIFTY 500","ETERNAL","ETERNAL LIMITED","280","5.82","15.4","2018605148333.76","368.45","212.6","true"
"nifty-500","NIFTY 500","TCS","TATA CONSULTANCY SERVICES LIMITED","1981.8","-2.45","-49.7","2017715351617.03","3489.9","1976.8","true"
"nifty-500","NIFTY 500","SUNPHARMA","SUN PHARMACEUTICAL INDUSTRIES LIMITED","1867.4","0.26","4.9","1971817779187.02","1916.6","1548","true"
"nifty-500","NIFTY 500","HINDUNILVR","HINDUSTAN UNILEVER LIMITED","2181.5","2.99","63.3","1929980348943.79","2750","2022.5","true"
"nifty-500","NIFTY 500","MARUTI","MARUTI SUZUKI INDIA LIMITED","14340","1.59","225","1865495662650.67","17370","12201","true"
"nifty-500","NIFTY 500","TITAN","TITAN COMPANY LIMITED","4395","-0.2","-9","1809469105321.5","4605","3303.1","true"
"nifty-500","NIFTY 500","NTPC","NTPC LIMITED","357.4","0.21","0.75","1689637264850.54","414.4","315.55","true"
"nifty-500","NIFTY 500","BSE","BSE LIMITED","3945","2.05","79.4","1607570818010.06","4446.8","2021.5","true"
"nifty-500","NIFTY 500","TATASTEEL","TATA STEEL LIMITED","185","-1.63","-3.06","1524947669504.78","224.4","152.51","true"
"nifty-500","NIFTY 500","BEL","BHARAT ELECTRONICS LIMITED","416.3","1.09","4.5","1486891300729.86","473.45","361.2","true"
"nifty-500","NIFTY 500","SHRIRAMFIN","SHRIRAM FINANCE LIMITED","1045","0.27","2.8","1459462807398.06","1108","566.5","true"
"nifty-500","NIFTY 500","ADANIPORTS","ADANI PORTS AND SPECIAL ECONOMIC ZONE LIMITED","1848.2","2.1","38","1359674305126.95","1881.7","1290.5","true"
"nifty-500","NIFTY 500","HINDALCO","HINDALCO INDUSTRIES LIMITED","939.4","-1.8","-17.2","1356352485875.02","1176","657.5","true"
"nifty-500","NIFTY 500","ULTRACEMCO","ULTRATECH CEMENT LIMITED","11460","1.84","207","1352345865465.35","13110","10325","true"
"nifty-500","NIFTY 500","POWERGRID","POWER GRID CORPORATION OF INDIA LIMITED","287.1","0.28","0.8","1296511899310.25","324.95","250","true"
"nifty-500","NIFTY 500","ASIANPAINT","ASIAN PAINTS LIMITED","2715","3.01","79.3","1224361952119.48","2985.7","2115","true"
"nifty-500","NIFTY 500","INDIGO","INTERGLOBE AVIATION LIMITED","5383.5","0.28","15","1215173063789.24","6232.5","3895.2","true"
"nifty-500","NIFTY 500","GRASIM","GRASIM INDUSTRIES LIMITED","3139","1.26","39","1181061087467.89","3200","2502.5","true"
"nifty-500","NIFTY 500","JSWSTEEL","JSW STEEL LIMITED","1224.9","-0.12","-1.5","1145673608542.48","1328","1008","true"
"nifty-500","NIFTY 500","TRENT","TRENT LIMITED","3288.7","0.19","6.1","1091232966647.03","4174","2183.67","true"
"nifty-500","NIFTY 500","HCLTECH","HCL TECHNOLOGIES LIMITED","1035.4","-3.4","-36.4","1088553576533.67","1780.1","1030","true"
"nifty-500","NIFTY 500","BAJAJ-AUTO","BAJAJ AUTO LIMITED","9845","1.33","129","1087314201744.5","10834","7858.5","true"
"nifty-500","NIFTY 500","COALINDIA","COAL INDIA LIMITED","435.15","-0.89","-3.9","1039401774503.55","491.25","368.65","true"
"nifty-500","NIFTY 500","BAJAJFINSV","BAJAJ FINSERV LIMITED","1799.9","1.11","19.7","1039086545071.58","2195","1597","true"
"nifty-500","NIFTY 500","NESTLEIND","NESTLE INDIA LIMITED","1453","3.4","47.8","1038902921255.82","1498.1","1084.7","true"
"nifty-500","NIFTY 500","EICHERMOT","EICHER MOTORS LIMITED","7144","1","70.5","981799443993.85","8230","5353","true"
"nifty-500","NIFTY 500","ADANIPOWER","ADANI POWER LIMITED","226.21","1.09","2.44","936007654906.99","254.2","109.75","true"
"nifty-500","NIFTY 500","ONGC","OIL & NATURAL GAS CORPORATION LIMITED","234.92","0.01","0.02","909993514601.02","307.5","227.65","true"
"nifty-500","NIFTY 500","ADANIENT","ADANI ENTERPRISES LIMITED","3143","3.52","107","904434369332.81","3149.8","1753","true"
"nifty-500","NIFTY 500","TMCV","TATA MOTORS LIMITED","431.6","2.05","8.65","898898777562.14","509","306.3","true"
"nifty-500","NIFTY 500","APOLLOHOSP","APOLLO HOSPITALS ENTERPRISE LIMITED","8620","-0.71","-62","884603992944.11","8770","6696.5","true"
"nifty-500","NIFTY 500","TECHM","TECH MAHINDRA LIMITED","1360","-3.18","-44.7","861303629587.41","1854","1304.1","true"
"nifty-500","NIFTY 500","MAXHEALTH","MAX HEALTHCARE INSTITUTE LIMITED","1141.7","1.1","12.4","847318177690.91","1314.3","903","true"
"nifty-500","NIFTY 500","HAL","HINDUSTAN AERONAUTICS LIMITED","4426.6","1.04","45.4","837414103319.88","5065","3479.1","true"
"nifty-500","NIFTY 500","DIVISLAB","DIVI'S LABORATORIES LIMITED","6542","-0.56","-37","829087987829.16","7071.5","5636.5","true"
"nifty-500","NIFTY 500","TVSMOTOR","TVS MOTOR COMPANY LIMITED","3491.1","0.88","30.5","817797692993.81","3970","2728.7","true"
"nifty-500","NIFTY 500","CIPLA","CIPLA LIMITED","1457","-0.57","-8.4","817537223676.17","1673","1165.7","true"
"nifty-500","NIFTY 500","FEDERALBNK","THE FEDERAL BANK  LIMITED","330.85","0.24","0.8","813313266722.97","332","185.11","true"
"nifty-500","NIFTY 500","DRREDDY","DR. REDDY'S LABORATORIES LIMITED","1337.3","-1.46","-19.8","812919301856.56","1414.9","1148.4","true"
"nifty-500","NIFTY 500","SBILIFE","SBI LIFE INSURANCE COMPANY LIMITED","1793","1.55","27.3","803435012807.85","2132","1700.4","true"
"nifty-500","NIFTY 500","JIOFIN","JIO FINANCIAL SERVICES LIMITED","239.9","1.46","3.46","784932672982.82","338.6","223.3","true"
"nifty-500","NIFTY 500","CHOLAFIN","CHOLAMANDALAM INVESTMENT AND FINANCE COMPANY LIMITED","1799.9","0.56","10.1","776587906013.25","1831.5","1299.4","true"
"nifty-500","NIFTY 500","CUMMINSIND","CUMMINS INDIA LIMITED","5655","-0.08","-4.5","761753995002","6100","3278.5","true"
"nifty-500","NIFTY 500","MCX","MULTI COMMODITY EXCHANGE OF INDIA LIMITED","2963","4.43","125.8","753769093472.86","3480","1460.8","true"
"nifty-500","NIFTY 500","TMPV","TATA MOTORS PASSENGER VEHICLES LIMITED","347.95","-1.21","-4.25","725158500574.41","739.7","294.3","true"
"nifty-500","NIFTY 500","TATACONSUM","TATA CONSUMER PRODUCTS LIMITED","1090","1.34","14.4","707847380245.78","1282.7","1007.2","true"
"nifty-500","NIFTY 500","SUZLON","SUZLON ENERGY LIMITED","58.34","-0.95","-0.56","707603787052.98","68.3","38.19","true"
"nifty-500","NIFTY 500","VBL","VARUN BEVERAGES LIMITED","514.8","1.43","7.25","701909761245.7","555.8","381","true"
"nifty-500","NIFTY 500","DMART","AVENUE SUPERMARTS LIMITED","4310","-1.61","-70.7","692607323314.51","4949.5","3529","true"
"nifty-500","NIFTY 500","CGPOWER","CG POWER AND INDUSTRIAL SOLUTIONS LIMITED","976","2.5","23.85","667361975631.23","978.9","525.5","true"
"nifty-500","NIFTY 500","MOTHERSON","SAMVARDHANA MOTHERSON INTERNATIONAL LIMITED","147.84","-0.18","-0.27","651307296883.39","155.25","89.7","true"
"nifty-500","NIFTY 500","INDHOTEL","THE INDIAN HOTELS COMPANY LIMITED","722.25","1.16","8.3","632461826579.57","811.95","565","true"
"nifty-500","NIFTY 500","PFC","POWER FINANCE CORPORATION LIMITED","430.45","1.45","6.15","625025570496.47","486.5","329.9","true"
"nifty-500","NIFTY 500","HEROMOTOCO","HERO MOTOCORP LIMITED","4828","0.7","33.7","625005496505.17","6388.5","4190","true"
"nifty-500","NIFTY 500","TATAPOWER","TATA POWER COMPANY LIMITED","375.15","-2.68","-10.35","623973378450.86","464.9","342.5","true"
"nifty-500","NIFTY 500","INDUSINDBK","INDUSIND BANK LIMITED","940","1.71","15.8","617395981031.12","968.85","710.6","true"
"nifty-500","NIFTY 500","BRITANNIA","BRITANNIA INDUSTRIES LIMITED","5246","1.93","99.5","616221203846.78","6336","5035","true"
"nifty-500","NIFTY 500","BPCL","BHARAT PETROLEUM CORPORATION LIMITED","303.95","0.13","0.4","614290051942.81","391.65","266.6","true"
"nifty-500","NIFTY 500","HDFCLIFE","HDFC LIFE INSURANCE COMPANY LIMITED","570.65","-0.9","-5.2","612161006827","820.75","543","true"
"nifty-500","NIFTY 500","GVT&D","GE VERNOVA T&D INDIA LIMITED","4900","-0.89","-44","605480973919.86","5650","2265","true"
"nifty-500","NIFTY 500","BHEL","BHARAT HEAVY ELECTRICALS LIMITED","414.3","0.05","0.2","602257303558.99","424.9","205.12","true"
"nifty-500","NIFTY 500","AUBANK","AU SMALL FINANCE BANK LIMITED","1048","1.05","10.9","591896013090.12","1079.55","682.15","true"
"nifty-500","NIFTY 500","LUPIN","LUPIN LIMITED","2397.2","-0.9","-21.8","580536529388.39","2494","1836.8","true"
"nifty-500","NIFTY 500","POLICYBZR","PB FINTECH LIMITED","1681.2","3.23","52.6","580137075771.98","1974","1364","true"
"nifty-500","NIFTY 500","LAURUSLABS","LAURUS LABS LIMITED","1492.7","-1.63","-24.7","579573573807.92","1531.2","663.05","true"
"nifty-500","NIFTY 500","BHARATFORG","BHARAT FORGE LIMITED","2111.7","-1.51","-32.4","561288994440.81","2238","1100.5","true"
"nifty-500","NIFTY 500","HDFCAMC","HDFC ASSET MANAGEMENT COMPANY LIMITED","2748.8","3.6","95.6","558865074647.83","2967.25","2205.6","true"
"nifty-500","NIFTY 500","IDFCFIRSTB","IDFC FIRST BANK LIMITED","78.91","-0.73","-0.58","522086857402.2","87","58.08","true"
"nifty-500","NIFTY 500","IOC","INDIAN OIL CORPORATION LIMITED","139.99","0.44","0.61","521581235245.68","188.96","130.22","true"
"nifty-500","NIFTY 500","POLYCAB","POLYCAB INDIA LIMITED","9710","-2.52","-251","517769266415.37","10126","6346","true"
"nifty-500","NIFTY 500","ADANIGREEN","ADANI GREEN ENERGY LIMITED","1529.9","2.53","37.7","511479843817.12","1557","765","true"
"nifty-500","NIFTY 500","PAYTM","ONE 97 COMMUNICATIONS LIMITED","1205.9","5.64","64.4","506285248544.76","1381.8","889.1","true"
"nifty-500","NIFTY 500","BANKBARODA","BANK OF BARODA","271.05","-0.5","-1.35","501455957137.85","325.5","230.81","true"
"nifty-500","NIFTY 500","INDUSTOWER","INDUS TOWERS LIMITED","387.45","-1.09","-4.25","497821736858.2","481.5","312.55","true"
"nifty-500","NIFTY 500","ADANIENSOL","ADANI ENERGY SOLUTIONS LIMITED","1516","1.65","24.6","496478588430.37","1614.8","744.9","true"
"nifty-500","NIFTY 500","DIXON","DIXON TECHNOLOGIES (INDIA) LIMITED","11970","0.42","50","495216597141.15","18471","9600","true"
"nifty-500","NIFTY 500","FORTIS","FORTIS HEALTHCARE LIMITED","949.6","-0.77","-7.35","493470894591.91","1104.3","757.15","true"
"nifty-500","NIFTY 500","PIDILITIND","PIDILITE INDUSTRIES LIMITED","1580.3","-0.78","-12.4","488316970452.41","1620.7","1259","true"
"nifty-500","NIFTY 500","WIPRO","WIPRO LIMITED","169.85","-0.32","-0.54","485974561038.57","273.1","169.25","true"
"nifty-500","NIFTY 500","TORNTPHARM","TORRENT PHARMACEUTICALS LIMITED","4643.1","0.5","23","485888018145.87","4742.9","3165","true"
"nifty-500","NIFTY 500","GAIL","GAIL (INDIA) LIMITED","174.41","0.55","0.95","469137355676.36","195.45","134.36","true"
"nifty-500","NIFTY 500","PERSISTENT","PERSISTENT SYSTEMS LIMITED","4324.9","-0.04","-1.6","468654578092.95","6599","4244.5","true"
"nifty-500","NIFTY 500","VEDL","VEDANTA LIMITED","275.25","-1.96","-5.5","465456468185.22","795","268.7","true"
"nifty-500","NIFTY 500","ASHOKLEY","ASHOK LEYLAND LIMITED","162.05","2.76","4.35","462386979458.13","215.42","114.96","true"
"nifty-500","NIFTY 500","BAJAJHLDNG","BAJAJ HOLDINGS & INVESTMENT LIMITED","10709","1","106","462373989100.79","14763","8588","true"
"nifty-500","NIFTY 500","COFORGE","COFORGE LIMITED","1367.9","-6.67","-97.8","461154034503.72","1994","1008.1","true"
"nifty-500","NIFTY 500","RECLTD","REC LIMITED","370","1.7","6.2","460861966683.36","409.8","304.05","true"
"nifty-500","NIFTY 500","SOLARINDS","SOLAR INDUSTRIES INDIA LIMITED","18600","-0.51","-96","451822129234.21","18972","11646","true"
"nifty-500","NIFTY 500","MARICO","MARICO LIMITED","850.1","1.66","13.85","448725201527.54","854.45","690.2","true"
"nifty-500","NIFTY 500","POWERINDIA","HITACHI ENERGY INDIA LIMITED","34290","-1.8","-630","434964993264.1","38785","16111","true"
"nifty-500","NIFTY 500","YESBANK","YES BANK LIMITED","24.5","1.32","0.32","429139408802.74","25.78","17.2","true"
"nifty-500","NIFTY 500","AUROPHARMA","AUROBINDO PHARMA LIMITED","1551.1","-1.75","-27.6","428140416997.66","1588.9","1016.1","true"
"nifty-500","NIFTY 500","ICICIGI","ICICI LOMBARD GENERAL INSURANCE COMPANY LIMITED","1761.7","1.15","20","427030152975.28","2068.7","1629.5","true"
"nifty-500","NIFTY 500","MFSL","MAX FINANCIAL SERVICES LIMITED","1612","1.77","28","426363594041.9","1892.5","1433.6","true"
"nifty-500","NIFTY 500","CANBK","CANARA BANK","125.9","0.3","0.38","421956872192.82","162.89","103.55","true"
"nifty-500","NIFTY 500","NYKAA","FSN E-COMMERCE VENTURES LIMITED","308.65","-0.71","-2.2","421166337302.56","312.9","197.62","true"
"nifty-500","NIFTY 500","GODREJCP","GODREJ CONSUMER PRODUCTS LIMITED","1044.4","3.41","34.4","418554686947.73","1309","967.05","true"
"nifty-500","NIFTY 500","DLF","DLF LIMITED","648","4.51","27.95","414540434805.83","859.95","489.4","true"
"nifty-500","NIFTY 500","GMRAIRPORT","GMR AIRPORTS LIMITED","113.44","1.2","1.35","402627140141.83","114.65","82.96","true"
"nifty-500","NIFTY 500","IDEA","VODAFONE IDEA LIMITED","14.62","1.11","0.16","401376140562.14","15.34","6.12","true"
"nifty-500","NIFTY 500","UNITDSPR","UNITED SPIRITS LIMITED","1351","0.04","0.6","397971690671.21","1488","1210.8","true"
"nifty-500","NIFTY 500","SRF","SRF LIMITED","2726.5","-0.46","-12.5","394871472582.41","3325","2355","true"
"nifty-500","NIFTY 500","NAUKRI","INFO EDGE (INDIA) LIMITED","995","1.74","17","379907551351.98","1537.2","908.3","true"
"nifty-500","NIFTY 500","JINDALSTEL","JINDAL STEEL LIMITED","1027","-3.12","-33.1","379367947831.15","1306.2","914.6","true"
"nifty-500","NIFTY 500","HINDPETRO","HINDUSTAN PETROLEUM CORPORATION LIMITED","392.85","-0.41","-1.6","376198564551.69","508.45","316.2","true"
"nifty-500","NIFTY 500","PHOENIXLTD","THE PHOENIX MILLS LIMITED","2011","3.2","62.4","374376916829.53","2025.4","1402.5","true"
"nifty-500","NIFTY 500","PNB","PUNJAB NATIONAL BANK","107.41","0.67","0.72","368889092821.05","135.15","98.5","true"
"nifty-500","NIFTY 500","ABB","ABB INDIA LIMITED","6932","-1.41","-99","362759857763.44","7822.5","4637.5","true"
"nifty-500","NIFTY 500","BOSCHLTD","BOSCH LIMITED","40730","2.08","830","352309011451.66","41945","28610","true"
"nifty-500","NIFTY 500","SWIGGY","SWIGGY LIMITED","247.14","3.25","7.79","349782286591.32","474","235.75","true"
"nifty-500","NIFTY 500","JSWENERGY","JSW ENERGY LIMITED","570","-2.25","-13.15","348402129799.5","617.35","427.75","true"
"nifty-500","NIFTY 500","SHREECEM","SHREE CEMENT LIMITED","25900","2.57","650","345428194663.77","32490","22550","true"
"nifty-500","NIFTY 500","UNIONBANK","UNION BANK OF INDIA","174.85","1.4","2.42","336916715543.6","205.49","124.64","true"
"nifty-500","NIFTY 500","TIINDIA","TUBE INVESTMENTS OF INDIA LIMITED","3090","2","60.7","329231249055.72","3419.9","2164.9","true"
"nifty-500","NIFTY 500","LTM","LTM LIMITED","3546.7","0.25","8.7","328474340000.51","6429.5","3528","true"
"nifty-500","NIFTY 500","VMM","VISHAL MEGA MART LIMITED","117","-0.81","-0.95","325195152808.37","157.6","98.77","true"
"nifty-500","NIFTY 500","ALKEM","ALKEM LABORATORIES LIMITED","5562.5","-0.13","-7.5","324579144909.38","5933.5","4716.2","true"
"nifty-500","NIFTY 500","APLAPOLLO","APL APOLLO TUBES LIMITED","1785.1","-0.2","-3.6","324040796524.36","2301.4","1492","true"
"nifty-500","NIFTY 500","GLENMARK","GLENMARK PHARMACEUTICALS LIMITED","2157.5","-2.12","-46.8","323943188608.59","2474","1680.4","true"
"nifty-500","NIFTY 500","KEI","KEI INDUSTRIES LIMITED","5251","-3.25","-176.5","323175232762.65","5708","3601.1","true"
"nifty-500","NIFTY 500","ABCAPITAL","ADITYA BIRLA CAPITAL LIMITED","391.1","-0.22","-0.85","321145083998.28","399.35","243","true"
"nifty-500","NIFTY 500","ENRIN","SIEMENS ENERGY INDIA LIMITED","3636","-1.28","-47.3","320671926632.13","3968","2115","true"
"nifty-500","NIFTY 500","UPL","UPL LIMITED","566","-0.91","-5.2","316529011621.7","812.2","563.15","true"
"nifty-500","NIFTY 500","SIEMENS","SIEMENS LIMITED","3559.1","-1.13","-40.8","313737742636.18","3937.3","2826","true"
"nifty-500","NIFTY 500","SUNDARMFIN","SUNDARAM FINANCE LIMITED","4550","0.96","43.3","312476639776.94","5642","4000","true"
"nifty-500","NIFTY 500","MUTHOOTFIN","MUTHOOT FINANCE LIMITED","2911","-2.88","-86.3","311305732172.29","4149.5","2476.6","true"
"nifty-500","NIFTY 500","RADICO","RADICO KHAITAN LIMITED","3952","0.16","6.5","308722883409.3","3976.6","2500","true"
"nifty-500","NIFTY 500","NATIONALUM","NATIONAL ALUMINIUM COMPANY LIMITED","334.5","-1.5","-5.1","299123108536.71","445.15","179.93","true"
"nifty-500","NIFTY 500","HAVELLS","HAVELLS INDIA LIMITED","1188.5","2.52","29.2","298686649448.59","1621.1","1123.6","true"
"nifty-500","NIFTY 500","NHPC","NHPC LIMITED","79.39","-2.39","-1.94","298392932879.05","89.75","71.62","true"
"nifty-500","NIFTY 500","BIOCON","BIOCON LIMITED","417.6","-0.17","-0.7","297104419924.66","440.4","331","true"
"nifty-500","NIFTY 500","VOLTAS","VOLTAS LIMITED","1281.5","0.31","3.9","291372234067.71","1582.5","1186.8","true"
"nifty-500","NIFTY 500","NMDC","NMDC LIMITED","84.2","-1.13","-0.96","290211415997.6","97.49","67","true"
"nifty-500","NIFTY 500","INDIANB","INDIAN BANK","819.95","0.4","3.3","288954348053.77","1000.9","606","true"
"nifty-500","NIFTY 500","DELHIVERY","DELHIVERY LIMITED","509.1","7.85","37.05","284353275895.46","510","374.45","true"
"nifty-500","NIFTY 500","KARURVYSYA","KARUR VYSYA BANK LIMITED","300","1.32","3.9","282602570812.24","343.45","201.82","true"
"nifty-500","NIFTY 500","MPHASIS","MPHASIS LIMITED","2126.7","-1.61","-34.9","280728941259.67","3037.2","2013","true"
"nifty-500","NIFTY 500","MANKIND","MANKIND PHARMA LIMITED","2482.9","-2.46","-62.7","280311945265.58","2716.5","1909.7","true"
"nifty-500","NIFTY 500","NAVINFLUOR","NAVIN FLUORINE INTERNATIONAL LIMITED","7560.5","-1.65","-126.5","277508897117","7810","4498.5","true"
"nifty-500","NIFTY 500","ZYDUSLIFE","ZYDUS LIFESCIENCES LIMITED","1109.9","-0.24","-2.7","276906362656.13","1128.5","835.5","true"
"nifty-500","NIFTY 500","360ONE","360 ONE WAM LIMITED","1069.2","-0.5","-5.4","276413830559.46","1273.8","906.05","true"
"nifty-500","NIFTY 500","SONACOMS","SONA BLW PRECISION FORGINGS LIMITED","617.95","-0.31","-1.95","276282545446.04","632.2","402.3","true"
"nifty-500","NIFTY 500","WAAREEENER","WAAREE ENERGIES LIMITED","2878","-2.34","-69","274716414439.88","3865","2403","true"
"nifty-500","NIFTY 500","LODHA","LODHA DEVELOPERS LIMITED","993","3.95","37.75","274710196966.18","1495.7","650.8","true"
"nifty-500","NIFTY 500","PAGEIND","PAGE INDUSTRIES LIMITED","43540","5.25","2170","273894948437.35","50590","29805","true"
"nifty-500","NIFTY 500","PRESTIGE","PRESTIGE ESTATES PROJECTS LIMITED","1625","3.86","60.4","273344151132.43","1814","1090","true"
"nifty-500","NIFTY 500","HYUNDAI","HYUNDAI MOTOR INDIA LIMITED","1918.8","0.7","13.3","272830703138.1","2890","1658","true"
"nifty-500","NIFTY 500","COLPAL","COLGATE PALMOLIVE (INDIA) LIMITED","2072","3.71","74.1","272176406899.57","2504","1782","true"
"nifty-500","NIFTY 500","TORNTPOWER","TORRENT POWER LIMITED","1406","-0.63","-8.9","266593550616.92","1824.1","1188","true"
"nifty-500","NIFTY 500","LTF","L&T FINANCE LIMITED","313.1","0.76","2.35","266373634930.37","329.45","194.4","true"
"nifty-500","NIFTY 500","PIRAMALFIN","PIRAMAL FINANCE LIMITED","2209","2.07","44.9","265246745406.96","2220","1260","true"
"nifty-500","NIFTY 500","GODREJPROP","GODREJ PROPERTIES LIMITED","1949.4","4.44","82.8","262907960934.89","2420","1434","true"
"nifty-500","NIFTY 500","DABUR","DABUR INDIA LIMITED","445.35","5.48","23.15","262237717110.67","577","403.35","true"
"nifty-500","NIFTY 500","MRF","MRF LIMITED","129300","1.16","1480","261561805148.18","163600","122000","true"
"nifty-500","NIFTY 500","AMBUJACEM","AMBUJA CEMENTS LIMITED","419.5","-0.56","-2.35","260809932828.51","624.95","394","true"
"nifty-500","NIFTY 500","OFSS","ORACLE FINANCIAL SERVICES SOFTWARE LIMITED","10860","0.78","84","258274555917.12","11130","6234.5","true"
"nifty-500","NIFTY 500","HINDZINC","HINDUSTAN ZINC LIMITED","524.9","-1.55","-8.25","251721584932.02","733","413.5","true"
"nifty-500","NIFTY 500","APARINDS","APAR INDUSTRIES LIMITED","14605","-6.94","-1090","246094223220.35","17157","6801","true"
"nifty-500","NIFTY 500","SAIL","STEEL AUTHORITY OF INDIA LIMITED","166.5","-4.03","-6.99","240033071137.53","209.7","118.1","true"
"nifty-500","NIFTY 500","COROMANDEL","COROMANDEL INTERNATIONAL LIMITED","2002.5","-0.12","-2.5","238734186680.18","2718.9","1706.5","true"
"nifty-500","NIFTY 500","CDSL","CENTRAL DEPOSITORY SERVICES (INDIA) LIMITED","1334.1","2.19","28.6","236990875443.3","1814","1116.3","true"
"nifty-500","NIFTY 500","IPCALAB","IPCA LABORATORIES LIMITED","1697.8","-0.19","-3.2","235176613816.6","1766.7","1251.6","true"
"nifty-500","NIFTY 500","LLOYDSME","LLOYDS METALS AND ENERGY LIMITED","1800.2","-0.56","-10.2","233622737472.44","1888.6","1042.9","true"
"nifty-500","NIFTY 500","OIL","OIL INDIA LIMITED","420.2","0.78","3.25","228537309037.46","531","384.6","true"
"nifty-500","NIFTY 500","JKCEMENT","JK CEMENT LIMITED","5425","-0.36","-19.5","226409738837.21","7565.5","4671.5","true"
"nifty-500","NIFTY 500","TATACOMM","TATA COMMUNICATIONS LIMITED","1906","-3.28","-64.6","223225630980","2110","1322.5","true"
"nifty-500","NIFTY 500","ANGELONE","ANGEL ONE LIMITED","340","2.83","9.35","220270136382.37","360.45","208.63","true"
"nifty-500","NIFTY 500","HFCL","HFCL LIMITED","212.3","-0.26","-0.55","216800349301.74","220.09","59.82","true"
"nifty-500","NIFTY 500","ATHERENERG","ATHER ENERGY LIMITED","1129","-1.02","-11.6","215997122394.79","1176.2","318.6","true"
"nifty-500","NIFTY 500","KIMS","KRISHNA INSTITUTE OF MEDICAL SCIENCES LIMITED","830.6","1.96","16","214722069700.59","841","575.8","true"
"nifty-500","NIFTY 500","NAM-INDIA","NIPPON LIFE INDIA ASSET MANAGEMENT LIMITED","1195","2.84","33","213828191483.52","1200.5","772.15","true"
"nifty-500","NIFTY 500","JSL","JINDAL STAINLESS LIMITED","683","-1.39","-9.65","213315562561.18","884","652.25","true"
"nifty-500","NIFTY 500","OBEROIRLTY","OBEROI REALTY LIMITED","1810","2.31","40.8","212452339848.35","2005","1391.2","true"
"nifty-500","NIFTY 500","BLUESTARCO","BLUE STAR LIMITED","1615","-0.82","-13.3","208956371681.7","2040","1450","true"
"nifty-500","NIFTY 500","PIIND","PI INDUSTRIES LIMITED","2578","0.9","22.9","208277530006.55","4330","2541","true"
"nifty-500","NIFTY 500","PETRONET","PETRONET LNG LIMITED","278.7","-0.75","-2.1","208262907068.09","326.4","235.35","true"
"nifty-500","NIFTY 500","M&MFIN","MAHINDRA & MAHINDRA FINANCIAL SERVICES LIMITED","315.05","-0.24","-0.75","207871256491.31","412.2","246.35","true"
"nifty-500","NIFTY 500","CUB","CITY UNION BANK LIMITED","216.4","3.74","7.8","207749469480.92","243.08","144.74","true"
"nifty-500","NIFTY 500","SUPREMEIND","SUPREME INDUSTRIES LIMITED","3214.5","1.8","56.7","206439139719.28","4664.9","3141","true"
"nifty-500","NIFTY 500","ATGL","ADANI TOTAL GAS LIMITED","731","-0.08","-0.55","202212313647.67","859.85","462.8","true"
"nifty-500","NIFTY 500","ITCHOTELS","ITC HOTELS LIMITED","177.8","-1.22","-2.19","198677078622.79","261.62","137.3","true"
"nifty-500","NIFTY 500","PNBHOUSING","PNB HOUSING FINANCE LIMITED","1055.8","1.68","17.4","197913169213.27","1136","729.6","true"
"nifty-500","NIFTY 500","UNOMINDA","UNO MINDA LIMITED","1088","0.02","0.2","197344013128.49","1382","994","true"
"nifty-500","NIFTY 500","THERMAX","THERMAX LIMITED","5090","-1.35","-69.5","196680657794.6","5277.8","2742.7","true"
"nifty-500","NIFTY 500","GLAND","GLAND PHARMA LIMITED","2473.8","-0.85","-21.2","196567552165.34","2528.3","1573.6","true"
"nifty-500","NIFTY 500","ASTERDM","ASTER DM HEALTHCARE LIMITED","776.65","-0.99","-7.8","196088885132.33","836.5","519.1","true"
"nifty-500","NIFTY 500","KIRLOSENG","KIRLOSKAR OIL ENGINES LIMITED","2345.6","-0.78","-18.4","194761247739.02","2720","829.6","true"
"nifty-500","NIFTY 500","ICICIPRULI","ICICI PRUDENTIAL LIFE INSURANCE COMPANY LIMITED","492.45","0.92","4.5","194273083686.29","706.8","459.5","true"
"nifty-500","NIFTY 500","WELCORP","WELSPUN CORP LIMITED","1478.4","-2.86","-43.5","193196589679.18","1539","710","true"
"nifty-500","NIFTY 500","AIAENG","AIA ENGINEERING LIMITED","4978","-2.04","-103.5","192746407928.53","5180","3001.1","true"
"nifty-500","NIFTY 500","LICI","LIFE INSURANCE CORPORATION OF INDIA","434.7","0.71","3.05","192463355043.73","490","360.75","true"
"nifty-500","NIFTY 500","MAZDOCK","MAZAGON DOCK SHIPBUILDERS LIMITED","2532","1.42","35.4","191820254671.44","3369","2057.4","true"
"nifty-500","NIFTY 500","CAMS","COMPUTER AGE MANAGEMENT SERVICES LIMITED","792.85","-0.5","-4","190155554196.09","875","611.4","true"
"nifty-500","NIFTY 500","JBCHEPHARM","JB CHEMICALS & PHARMACEUTICALS LIMITED","2295","-0.04","-0.9","187344840960.56","2332","1603.5","true"
"nifty-500","NIFTY 500","BANDHANBNK","BANDHAN BANK LIMITED","204.58","0.2","0.4","186126206965.81","218.13","134.25","true"
"nifty-500","NIFTY 500","ACUTAAS","ACUTAAS CHEMICALS LIMITED","3589","1.78","62.8","185608218375.32","3610","1059","true"
"nifty-500","NIFTY 500","MAHABANK","BANK OF MAHARASHTRA","91.3","-0.15","-0.14","185383362642.2","94.5","51.71","true"
"nifty-500","NIFTY 500","IRFC","INDIAN RAILWAY FINANCE CORPORATION LIMITED","91.2","0.74","0.67","182934327022.23","143.15","87","true"
"nifty-500","NIFTY 500","TATACAP","TATA CAPITAL LIMITED","361","-1.34","-4.9","181209095464.16","379.95","296","true"
"nifty-500","NIFTY 500","EXIDEIND","EXIDE INDUSTRIES LIMITED","390","0.62","2.4","176937462000","431","287","true"
"nifty-500","NIFTY 500","LENSKART","LENSKART SOLUTIONS LIMITED","528","2.53","13.05","176517002487.37","557.65","356.1","true"
"nifty-500","NIFTY 500","SBICARD","SBI CARDS AND PAYMENT SERVICES LIMITED","596.05","0.48","2.85","176262722732.88","1015","565.45","true"
"nifty-500","NIFTY 500","ANANDRATHI","ANAND RATHI WEALTH LIMITED","1970","-0.34","-6.7","175384519737.6","2032.7","1010","true"
"nifty-500","NIFTY 500","BALKRISIND","BALKRISHNA INDUSTRIES LIMITED","2166","-0.66","-14.4","173530959474.88","2801.3","1970","true"
"nifty-500","NIFTY 500","CROMPTON","CROMPTON GREAVES CONSUMER ELECTRICALS LIMITED","270.25","-1.64","-4.5","173128240960.47","362","217.4","true"
"nifty-500","NIFTY 500","MANAPPURAM","MANAPPURAM FINANCE LIMITED","316.15","-2.48","-8.05","173034967991.09","334","245.15","true"
"nifty-500","NIFTY 500","BANKINDIA","BANK OF INDIA","141.2","0.57","0.8","171105773662.23","178.36","108.81","true"
"nifty-500","NIFTY 500","SAILIFE","SAI LIFE SCIENCES LIMITED","1240","0.46","5.7","170744792993.28","1260","744.1","true"
"nifty-500","NIFTY 500","ASTRAL","ASTRAL LIMITED","1360","1.83","24.4","165870606907.84","1768.7","1263.7","true"
"nifty-500","NIFTY 500","ICICIAMC","ICICI PRUDENTIAL ASSET MANAGEMENT COMPANY LIMITED","3401","2.45","81.4","165849861448.14","3611","2530","true"
"nifty-500","NIFTY 500","LICHSGFIN","LIC HOUSING FINANCE LIMITED","553","-1.95","-11","165798379975.66","646.5","458.9","true"
"nifty-500","NIFTY 500","CONCOR","CONTAINER CORPORATION OF INDIA LIMITED","480.25","1.05","5","165327421538.28","629.2","421.45","true"
"nifty-500","NIFTY 500","FLUOROCHEM","GUJARAT FLUOROCHEMICALS LIMITED","3927","-0.93","-37","165130039374.3","4038","2916.6","true"
"nifty-500","NIFTY 500","SCHAEFFLER","SCHAEFFLER INDIA LIMITED","4100","-2.14","-89.7","164568367224.55","4467.7","3518.4","true"
"nifty-500","NIFTY 500","JUBLFOOD","JUBILANT FOODWORKS LIMITED","421.55","0.95","3.95","164540597448.02","718.95","408.8","true"
"nifty-500","NIFTY 500","CHOLAHLDNG","CHOLAMANDALAM FINANCIAL HOLDINGS LIMITED","1661","0.25","4.1","164257530821.41","2231.6","1305","true"
"nifty-500","NIFTY 500","REDINGTON","REDINGTON LIMITED","274.15","-0.74","-2.05","162424820033.56","334.8","191.31","true"
"nifty-500","NIFTY 500","WOCKPHARMA","WOCKHARDT LIMITED","1971","1.52","29.6","162314843408.37","2422.3","1086.7","true"
"nifty-500","NIFTY 500","AMBER","AMBER ENTERPRISES INDIA LIMITED","7446.5","-1.11","-83.5","162271941371.99","8974","5400.5","true"
"nifty-500","NIFTY 500","NEULANDLAB","NEULAND LABORATORIES LIMITED","18800","1.19","221","161674265591.18","19747","11500","true"
"nifty-500","NIFTY 500","HINDCOPPER","HINDUSTAN COPPER LIMITED","490.5","-2.12","-10.6","160520213219.58","760.05","226.7","true"
"nifty-500","NIFTY 500","LGEINDIA","LG ELECTRONICS INDIA LIMITED","1567.9","1.02","15.9","159637085012.52","1749","1304.1","true"
"nifty-500","NIFTY 500","HDBFS","HDB FINANCIAL SERVICES LIMITED","753.8","0.4","3","159497358210.79","891.9","555.3","true"
"nifty-500","NIFTY 500","GROWW","BILLIONBRAINS GARAGE VENTURES LIMITED","205.55","1.72","3.48","157750447082.91","227.2","112","true"
"nifty-500","NIFTY 500","POONAWALLA","POONAWALLA FINCORP LIMITED","441","-0.01","-0.05","156468343523.51","570.4","361.2","true"
"nifty-500","NIFTY 500","AEGISLOG","AEGIS LOGISTICS LIMITED","1248","6.3","74","156225000672","1275","576.1","true"
"nifty-500","NIFTY 500","KPIL","KALPATARU PROJECTS INTERNATIONAL LIMITED","1356.4","-1","-13.7","153556058493.98","1479.6","1007.1","true"
"nifty-500","NIFTY 500","IRCTC","INDIAN RAILWAY CATERING AND TOURISM CORPORATION LIMITED","503.55","0.13","0.65","151481536560","798.6","492.65","true"
"nifty-500","NIFTY 500","LINDEINDIA","LINDE INDIA LIMITED","7216","-1.3","-95","151478482834.68","8049","5673","true"
"nifty-500","NIFTY 500","HSCL","HIMADRI SPECIALITY CHEMICAL LIMITED","645","-5.04","-34.2","151070478772.29","718","418.5","true"
"nifty-500","NIFTY 500","MOTILALOFS","MOTILAL OSWAL FINANCIAL SERVICES LIMITED","954.1","0.29","2.8","148827490529.03","1097.1","614.9","true"
"nifty-500","NIFTY 500","BERGEPAINT","BERGER PAINTS (I) LIMITED","517","1.35","6.9","146963535449.78","605","391.1","true"
"nifty-500","NIFTY 500","KALYANKJIL","KALYAN JEWELLERS INDIA LIMITED","383.2","-0.91","-3.5","146832864445.94","617.7","327.05","true"
"nifty-500","NIFTY 500","PATANJALI","PATANJALI FOODS LIMITED","412.7","0.4","1.65","142567887136.43","653.93","406.35","true"
"nifty-500","NIFTY 500","GICRE","GENERAL INSURANCE CORPORATION OF INDIA","359","-1.24","-4.5","142190330496","417.95","346.7","true"
"nifty-500","NIFTY 500","AJANTPHARM","AJANTA PHARMA LIMITED","3346.8","-2.22","-75.9","140568889944.37","3506.9","2329.9","true"
"nifty-500","NIFTY 500","GESHIP","THE GREAT EASTERN SHIPPING COMPANY LIMITED","1417","-4.46","-66.1","140050803467.21","1798","913.1","true"
"nifty-500","NIFTY 500","APOLLOTYRE","APOLLO TYRES LIMITED","430.35","0.03","0.15","138513659604.98","540.5","365.3","true"
"nifty-500","NIFTY 500","NUVAMA","NUVAMA WEALTH MANAGEMENT LIMITED","1785","-1.18","-21.4","137612403315.16","1825","1096.9","true"
"nifty-500","NIFTY 500","STARHEALTH","STAR HEALTH AND ALLIED INSURANCE COMPANY LIMITED","586.95","-0.34","-2","137345224357.48","605.8","412.6","true"
"nifty-500","NIFTY 500","AIIL","AUTHUM INVESTMENT & INFRASTRUCTURE LIMITED","515.85","-1.62","-8.5","136171041365.53","683","400","true"
"nifty-500","NIFTY 500","DATAPATTNS","DATA PATTERNS (INDIA) LIMITED","4525","0.52","23.2","136049512245.31","4955.9","2131","true"
"nifty-500","NIFTY 500","DALBHARAT","DALMIA BHARAT LIMITED","1708.2","0.45","7.6","135441158022.62","2496.3","1605","true"
"nifty-500","NIFTY 500","CRAFTSMAN","CRAFTSMAN AUTOMATION LIMITED","9293.5","-1.76","-166.5","135086241075.77","9938","5216.5","true"
"nifty-500","NIFTY 500","NH","NARAYANA HRUDAYALAYA LTD.","1958.9","-0.65","-12.8","134971492321.53","2370.2","1589","true"
"nifty-500","NIFTY 500","SAMMAANCAP","SAMMAAN CAPITAL LIMITED","176.2","1.49","2.58","134928586550.59","192.95","114.1","true"
"nifty-500","NIFTY 500","RVNL","RAIL VIKAS NIGAM LIMITED","237.74","0.81","1.91","134577588076.77","405.5","221.55","true"
"nifty-500","NIFTY 500","CARBORUNIV","CARBORUNDUM UNIVERSAL LIMITED","1161","-1.46","-17.2","133721536815.7","1306.9","735.2","true"
"nifty-500","NIFTY 500","ABBOTINDIA","ABBOTT INDIA LIMITED","25580","0.55","140","132905157563.07","37000","25150","true"
"nifty-500","NIFTY 500","KPRMILL","K.P.R. MILL LIMITED","1183.2","0.5","5.9","131234085185.7","1334","796.1","true"
"nifty-500","NIFTY 500","ELGIEQUIP","ELGI EQUIPMENTS LIMITED","604.5","1.07","6.4","129520341837.29","633.85","408.25","true"
"nifty-500","NIFTY 500","ONESOURCE","ONESOURCE SPECIALTY PHARMA LIMITED","1651.5","0.22","3.7","129510664351.23","2231.9","1057","true"
"nifty-500","NIFTY 500","COCHINSHIP","COCHIN SHIPYARD LIMITED","1503","-0.32","-4.9","126862290463.93","2186","1187","true"
"nifty-500","NIFTY 500","BDL","BHARAT DYNAMICS LIMITED","1376.5","0.59","8.1","126511658807.81","2013.5","1086","true"
"nifty-500","NIFTY 500","LALPATHLAB","DR. LAL PATH LABS LTD.","1627","-1.17","-19.2","126442074810.02","1803","1272.6","true"
"nifty-500","NIFTY 500","PREMIERENE","PREMIER ENERGIES LIMITED","1053","0.19","2","124747471041.51","1136.4","660","true"
"nifty-500","NIFTY 500","TIMKEN","TIMKEN INDIA LIMITED","3476.6","-0.26","-9.1","124448351908.55","3925","2800.5","true"
"nifty-500","NIFTY 500","TATAELXSI","TATA ELXSI LIMITED","3584.9","-6.39","-244.8","123075577907.71","6439.5","3562","true"
"nifty-500","NIFTY 500","JSWINFRA","JSW INFRASTRUCTURE LIMITED","330.9","2.72","8.75","119128368581.61","349","233.42","true"
"nifty-500","NIFTY 500","KFINTECH","KFIN TECHNOLOGIES LIMITED","883.85","0.46","4.05","117838029075.33","1388.5","784.95","true"
"nifty-500","NIFTY 500","RAMCOCEM","THE RAMCO CEMENTS LIMITED","934.8","0.52","4.85","117831478133.65","1214.5","838.3","true"
"nifty-500","NIFTY 500","GRANULES","GRANULES INDIA LIMITED","809.4","-0.47","-3.85","117130425768.24","829","432.6","true"
"nifty-500","NIFTY 500","CARTRADE","CARTRADE TECH LIMITED","2768.3","2.8","75.3","117002135988.08","3290.5","1557","true"
"nifty-500","NIFTY 500","HOMEFIRST","HOME FIRST FINANCE COMPANY INDIA LIMITED","1200","5.32","60.6","115434978226.74","1519","893.7","true"
"nifty-500","NIFTY 500","NLCINDIA","NLC INDIA LIMITED","317.75","-1.32","-4.25","115376947091.79","387.8","220.71","true"
"nifty-500","NIFTY 500","IIFL","IIFL FINANCE LIMITED","495.6","-2.4","-12.2","114937410852.64","675","409.1","true"
"nifty-500","NIFTY 500","TATATECH","TATA TECHNOLOGIES LIMITED","667.25","-2.46","-16.85","114295772429.12","784","507.4","true"
"nifty-500","NIFTY 500","MEDANTA","GLOBAL HEALTH LIMITED","1335","1.61","21.2","113996351527.45","1456.5","956","true"
"nifty-500","NIFTY 500","ZFCVINDIA","ZF COMMERCIAL VEHICLE CONTROL SYSTEMS INDIA LIMITED","2482.9","-3.24","-83.1","112238145373.66","3044","2050.33","true"
"nifty-500","NIFTY 500","SYRMA","SYRMA SGS TECHNOLOGY LIMITED","1428.9","2.33","32.6","110950422809.2","1517.7","528.6","true"
"nifty-500","NIFTY 500","IGL","INDRAPRASTHA GAS LIMITED","156.85","-4.81","-7.93","109714975038.4","229","141.74","true"
"nifty-500","NIFTY 500","BHARTIHEXA","BHARTI HEXACOM LIMITED","1454.4","-1.93","-28.6","109080000000","2052.9","1430","true"
"nifty-500","NIFTY 500","NBCC","NBCC (INDIA) LIMITED","104.4","-0.51","-0.53","107795985840","125.85","77.18","true"
"nifty-500","NIFTY 500","DEEPAKFERT","DEEPAK FERTILIZERS AND PETROCHEMICALS CORPORATION LIMITED","1606.9","3.13","48.8","107391442053.48","1778.6","866.4","true"
"nifty-500","NIFTY 500","TATACHEM","TATA CHEMICALS LIMITED","683","-4.6","-32.95","106583848365.95","1026.65","580.3","true"
"nifty-500","NIFTY 500","CESC","CESC LIMITED","169.42","0.36","0.61","106523251901.16","204.5","138.12","true"
"nifty-500","NIFTY 500","DEEPAKNTR","DEEPAK NITRITE LIMITED","1555.5","0.59","9.1","106483639088.27","2012","1280","true"
"nifty-500","NIFTY 500","MEESHO","MEESHO LIMITED","189.5","-1.51","-2.9","105483900594.59","254.4","125.56","true"
"nifty-500","NIFTY 500","PPLPHARMA","PIRAMAL PHARMA LIMITED","169.15","0.63","1.06","104913902172.28","220.85","132.3","true"
"nifty-500","NIFTY 500","PTCIL","PTC INDUSTRIES LIMITED","17355","1.2","206","104808644453.92","19851","13251","true"
"nifty-500","NIFTY 500","MSUMI","MOTHERSON SUMI WIRING INDIA LIMITED","41.09","2.42","0.97","104171018748.92","53.59","35.7","true"
"nifty-500","NIFTY 500","HUDCO","HOUSING & URBAN DEVELOPMENT CORPORATION LIMITED","208.1","1.5","3.08","104143431759.93","246.85","159","true"
"nifty-500","NIFTY 500","ATUL","ATUL LIMITED","6558","1.45","93.5","104112074173.75","7788","5560.5","true"
"nifty-500","NIFTY 500","ASAHIINDIA","ASAHI INDIA GLASS LIMITED","856.8","0.78","6.6","103574220775.97","1074","690","true"
"nifty-500","NIFTY 500","ARE&M","AMARA RAJA ENERGY & MOBILITY LIMITED","840","-0.23","-1.95","102573739342.18","1057.85","670","true"
"nifty-500","NIFTY 500","AWL","AWL AGRI BUSINESS LIMITED","183.88","0.15","0.27","101829793799.91","286","171.19","true"
"nifty-500","NIFTY 500","IREDA","INDIAN RENEWABLE ENERGY DEVELOPMENT AGENCY LIMITED","128","-0.54","-0.69","101551238214.68","174.6","108.65","true"
"nifty-500","NIFTY 500","APTUS","APTUS VALUE HOUSING FINANCE INDIA LIMITED","287.1","2.96","8.25","101403113458.8","364","193.03","true"
"nifty-500","NIFTY 500","OLAELEC","OLA ELECTRIC MOBILITY LIMITED","44.92","2.65","1.16","101064128100.24","71.25","22.25","true"
"nifty-500","NIFTY 500","GLAXO","GLAXOSMITHKLINE PHARMACEUTICALS LIMITED","2426.8","-0.96","-23.5","100161896632.32","3500","2088.1","true"
"nifty-500","NIFTY 500","FIVESTAR","FIVE-STAR BUSINESS FINANCE LIMITED","517.1","2.38","12","99883822379.91","795","338.15","true"
"nifty-500","NIFTY 500","CRISIL","CRISIL LIMITED","4078.8","0","-0.2","99175721075.57","6139","3686","true"
"nifty-500","NIFTY 500","KAJARIACER","KAJARIA CERAMICS LIMITED","1201","-0.78","-9.4","99171280789.25","1321.9","869.6","true"
"nifty-500","NIFTY 500","ZEEL","ZEE ENTERTAINMENT ENTERPRISES LIMITED","108.2","4.53","4.69","99063218215.57","151.7","68","true"
"nifty-500","NIFTY 500","KAYNES","KAYNES TECHNOLOGY INDIA LIMITED","3148","0.84","26.1","98198837799.33","7705","2995","true"
"nifty-500","NIFTY 500","IEX","INDIAN ENERGY EXCHANGE LIMITED","123.65","-1.18","-1.48","97998571931.12","211.75","114.6","true"
"nifty-500","NIFTY 500","UBL","UNITED BREWERIES LIMITED","1355.1","1.35","18.1","97593938975.78","2110","1276","true"
"nifty-500","NIFTY 500","ESCORTS","ESCORTS KUBOTA LIMITED","2941.2","0.18","5.3","97437418817.24","4180","2700","true"
"nifty-500","NIFTY 500","BAJAJHFL","BAJAJ HOUSING FINANCE LIMITED","87.8","0.34","0.3","96940799000.95","124","72.65","true"
"nifty-500","NIFTY 500","CPPLUS","ADITYA INFOTECH LIMITED","3569.9","-2.11","-77.1","96214448890.9","3787","1015","true"
"nifty-500","NIFTY 500","AARTIIND","AARTI INDUSTRIES LIMITED","466","1.68","7.7","95643758003.16","523.1","338.05","true"
"nifty-500","NIFTY 500","3MINDIA","3M INDIA LIMITED","33410","1.55","510","94091497175","38030","28380","true"
"nifty-500","NIFTY 500","HBLENGINE","HBL ENGINEERING LIMITED","824","1.45","11.75","92592749477.88","1122","551.6","true"
"nifty-500","NIFTY 500","IKS","INVENTURUS KNOWLEDGE SOLUTIONS LIMITED","1805","7.48","125.6","92407955730.24","1812","1262","true"
"nifty-500","NIFTY 500","BRIGADE","BRIGADE ENTERPRISES LIMITED","499.4","-0.25","-1.25","92304602472.67","876.3","450.75","true"
"nifty-500","NIFTY 500","KPITTECH","KPIT TECHNOLOGIES LIMITED","561","-16.46","-110.55","91749290033.13","1328","555.5","true"
"nifty-500","NIFTY 500","SAGILITY","SAGILITY LIMITED","39.69","0.74","0.29","91136215675.07","57.89","35.83","true"
"nifty-500","NIFTY 500","ENDURANCE","ENDURANCE TECHNOLOGIES LIMITED","2585","-3.31","-88.6","90902638293.08","3079.9","2142.8","true"
"nifty-500","NIFTY 500","AFFLE","AFFLE 3I LIMITED","1431.1","0.82","11.6","90349374398.44","2185.9","1251.3","true"
"nifty-500","NIFTY 500","USHAMART","USHA MARTIN LIMITED","492.45","-0.9","-4.45","89466234802.95","527.5","332","true"
"nifty-500","NIFTY 500","RBLBANK","RBL BANK LIMITED","361.9","-1.94","-7.15","89275408107.51","381.7","232.08","true"
"nifty-500","NIFTY 500","PGEL","PG ELECTROPLAST LIMITED","551","3.3","17.6","88773576277.27","836.45","436.55","true"
"nifty-500","NIFTY 500","FORCEMOT","FORCE MOTORS LTD","18405","-0.94","-175","88405576122.66","26450","13640","true"
"nifty-500","NIFTY 500","GODFRYPHLP","GODFREY PHILLIPS INDIA LIMITED","2162","-0.51","-11.1","88049399357.44","3947","1832.1","true"
"nifty-500","NIFTY 500","NTPCGREEN","NTPC GREEN ENERGY LIMITED","94.99","-0.53","-0.51","87992248135.71","119.95","84","true"
"nifty-500","NIFTY 500","CASTROLIND","CASTROL INDIA LIMITED","184.23","-0.11","-0.2","87898541465.73","232.43","170.1","true"
"nifty-500","NIFTY 500","HONAUT","HONEYWELL AUTOMATION INDIA LIMITED","39825","0.23","90","87441792022.06","41450","26220","true"
"nifty-500","NIFTY 500","JPPOWER","JAIPRAKASH POWER VENTURES LIMITED","17.91","1.36","0.24","86951770364.84","27.7","13.15","true"
"nifty-500","NIFTY 500","TATAINVEST","TATA INVESTMENT CORPORATION LIMITED","666","-0.12","-0.8","86677422413.93","1184.7","538.85","true"
"nifty-500","NIFTY 500","FINCABLES","FINOLEX CABLES LIMITED","1147","-1.92","-22.4","86599419606.59","1203.9","700.8","true"
"nifty-500","NIFTY 500","CGCL","CAPRI GLOBAL CAPITAL LIMITED","224.5","-1.39","-3.16","86528867890.64","231.36","151.1","true"
"nifty-500","NIFTY 500","INOXWIND","INOX WIND LIMITED","89.75","-0.41","-0.37","86299271778.51","179.21","75.05","true"
"nifty-500","NIFTY 500","NAVA","NAVA LIMITED","614.85","1.39","8.4","85031601520.54","739.4","501.65","true"
"nifty-500","NIFTY 500","NETWEB","NETWEB TECHNOLOGIES INDIA LIMITED","4509","-0.64","-29.2","84754532792.29","5244","1775","true"
"nifty-500","NIFTY 500","LTTS","L&T TECHNOLOGY SERVICES LIMITED","3048","-2.92","-91.8","83860350664.12","4726","3010","true"
"nifty-500","NIFTY 500","CCL","CCL PRODUCTS (INDIA) LIMITED","1186.7","0.47","5.5","83554841796.31","1236.2","814.7","true"
"nifty-500","NIFTY 500","IRB","IRB INFRASTRUCTURE DEVELOPERS LIMITED","21.32","-0.47","-0.1","83392848601.92","25.22","19.15","true"
"nifty-500","NIFTY 500","NATCOPHARM","NATCO PHARMA LIMITED","927","-0.46","-4.3","83052956202.79","1226.8","789","true"
"nifty-500","NIFTY 500","ABSLAMC","ADITYA BIRLA SUN LIFE AMC LIMITED","1141.9","-1.11","-12.8","83025347439.13","1224.9","708","true"
"nifty-500","NIFTY 500","EMAMILTD","EMAMI LIMITED","419","3.64","14.7","82320181456.5","634.2","376.4","true"
"nifty-500","NIFTY 500","SYNGENE","SYNGENE INTERNATIONAL LIMITED","431.9","-1.73","-7.6","81882559612.71","728.6","380","true"
"nifty-500","NIFTY 500","HEXT","HEXAWARE TECHNOLOGIES LIMITED","550","6.83","35.15","81362858943.92","900","400.2","true"
"nifty-500","NIFTY 500","SCHNEIDER","SCHNEIDER ELECTRIC INFRASTRUCTURE LIMITED","1389.8","2.18","29.6","81099139266.3","1468.8","571.85","true"
"nifty-500","NIFTY 500","CREDITACC","CREDITACCESS GRAMEEN LIMITED","1500","0.7","10.5","81093166682.63","1568","1113","true"
"nifty-500","NIFTY 500","ZENTEC","ZEN TECHNOLOGIES LIMITED","1760.8","-0.71","-12.6","80967312031","2026.3","1223","true"
"nifty-500","NIFTY 500","GRSE","GARDEN REACH SHIPBUILDERS & ENGINEERS LIMITED","2733","0.25","6.8","79833007080","3339","1963.7","true"
"nifty-500","NIFTY 500","ACC","ACC LIMITED","1333","0.44","5.8","79713036329.3","2028.8","1251.7","true"
"nifty-500","NIFTY 500","TRITURBINE","TRIVENI TURBINE LIMITED","674.4","-2.23","-15.35","78678818091.41","787.6","428.35","true"
"nifty-500","NIFTY 500","ANANTRAJ","ANANT RAJ LIMITED","517","-0.82","-4.25","78677286257.42","743.65","403","true"
"nifty-500","NIFTY 500","JUBLPHARMA","JUBILANT PHARMOVA LIMITED","978","0.73","7.1","78537443761.12","1248","786.05","true"
"nifty-500","NIFTY 500","ACMESOLAR","ACME SOLAR HOLDINGS LIMITED","389.6","2.38","9.05","78298473985.6","396.25","195.9","true"
"nifty-500","NIFTY 500","RPOWER","RELIANCE POWER LIMITED","27.06","8.94","2.22","78274639711.89","70.9","20.17","true"
"nifty-500","NIFTY 500","RRKABEL","R R KABEL LIMITED","2381","-0.59","-14.2","78146425600.58","2549","1165","true"
"nifty-500","NIFTY 500","ERIS","ERIS LIFESCIENCES LIMITED","1435","0.1","1.5","77320891894.21","1885","1200","true"
"nifty-500","NIFTY 500","GODIGIT","GO DIGIT GENERAL INSURANCE LIMITED","316.15","-2.04","-6.6","75891538621.59","381.4","290.8","true"
"nifty-500","NIFTY 500","CEMPRO","CEMINDIA PROJECTS LIMITED","1363.6","5","64.9","75597483127.42","1363.6","503.3","true"
"nifty-500","NIFTY 500","CEATLTD","CEAT LIMITED","3621","3.97","138.4","75531684235.29","4438","3000.5","true"
"nifty-500","NIFTY 500","CANFINHOME","CAN FIN HOMES LIMITED","881.1","1.52","13.15","74044113303.27","971.5","708.6","true"
"nifty-500","NIFTY 500","EIDPARRY","EID PARRY INDIA LIMITED","719","0.71","5.05","73748798812.81","1246.8","698.2","true"
"nifty-500","NIFTY 500","COHANCE","COHANCE LIFESCIENCES LIMITED","451.6","-1","-4.55","73272348265.02","1121.15","266.7","true"
"nifty-500","NIFTY 500","ABREL","ADITYA BIRLA REAL ESTATE LIMITED","1394.5","5.36","70.9","72804541234.24","2460.5","1080.1","true"
"nifty-500","NIFTY 500","CYIENT","CYIENT LIMITED","860.5","-1.31","-11.45","72698384420.66","1327.4","750.3","true"
"nifty-500","NIFTY 500","FSL","FIRSTSOURCE SOLUTIONS LIMITED","229.65","0.53","1.2","72561307174.9","403.8","202","true"
"nifty-500","NIFTY 500","TITAGARH","TITAGARH RAIL SYSTEMS LIMITED","889.95","1.05","9.25","71089800574.75","971","568.7","true"
"nifty-500","NIFTY 500","BELRISE","BELRISE INDUSTRIES LIMITED","237.75","-0.34","-0.82","70967361445.44","252","98.55","true"
"nifty-500","NIFTY 500","RAINBOW","RAINBOW CHILDRENS MEDICARE LIMITED","1412.5","-0.12","-1.7","70227507664.89","1645.7","1084","true"
"nifty-500","NIFTY 500","CHAMBLFERT","CHAMBAL FERTILIZERS & CHEMICALS LIMITED","470.9","0.63","2.95","69855339125.03","580.7","399.75","true"
"nifty-500","NIFTY 500","PVRINOX","PVR INOX LIMITED","981.5","2.06","19.85","69813963356.5","1249.7","907.4","true"
"nifty-500","NIFTY 500","BEML","BEML LIMITED","1820","3.39","59.6","69402579841.14","2366.3","1355","true"
"nifty-500","NIFTY 500","PWL","PHYSICSWALLAH LIMITED","128.8","3.76","4.67","69309150003.89","161.99","77.72","true"
"nifty-500","NIFTY 500","J&KBANK","THE JAMMU & KASHMIR BANK LIMITED","155.2","0.3","0.46","69021607594.07","167.15","97.35","true"
"nifty-500","NIFTY 500","ANTHEM","ANTHEM BIOSCIENCES LIMITED","765.2","-0.69","-5.35","67946420214.48","873.5","579.15","true"
"nifty-500","NIFTY 500","PFIZER","PFIZER LIMITED","4475","0.8","35.6","67623473983.22","5896","4360.1","true"
"nifty-500","NIFTY 500","KEC","KEC INTERNATIONAL LIMITED","520.5","-0.19","-1","67327943146.2","947","466","true"
"nifty-500","NIFTY 500","VIJAYA","VIJAYA DIAGNOSTIC CENTRE LIMITED","1368","1.14","15.4","66838786479.51","1427.8","848","true"
"nifty-500","NIFTY 500","SHYAMMETL","SHYAM METALICS AND ENERGY LIMITED","952.5","0.26","2.5","66762328133.15","1014","746","true"
"nifty-500","NIFTY 500","JYOTICNC","JYOTI CNC AUTOMATION LIMITED","781.5","0.83","6.4","66423107049.31","1143.9","580.1","true"
"nifty-500","NIFTY 500","MGL","MAHANAGAR GAS LIMITED","1162.8","-0.96","-11.3","66038526643.77","1586.9","900","true"
"nifty-500","NIFTY 500","INTELLECT","INTELLECT DESIGN ARENA LIMITED","723.8","0.91","6.55","65140836349","1244.6","595.2","true"
"nifty-500","NIFTY 500","CHOICEIN","CHOICE INTERNATIONAL LIMITED","765","1.57","11.8","64998529213.34","860.5","568.7","true"
"nifty-500","NIFTY 500","ENGINERSIN","ENGINEERS INDIA LIMITED","237.83","-1.16","-2.78","64957999755.65","267","163.55","true"
"nifty-500","NIFTY 500","EIHOTEL","EIH LIMITED","326.75","2.01","6.45","64560715334.47","434.8","271.15","true"
"nifty-500","NIFTY 500","VTL","VARDHMAN TEXTILES LIMITED","647","1.71","10.85","64474872565.05","670.05","383.7","true"
"nifty-500","NIFTY 500","GABRIEL","GABRIEL INDIA LIMITED","1248.1","0.71","8.8","63924252613.83","1388","606.8","true"
"nifty-500","NIFTY 500","POLYMED","POLY MEDICURE LIMITED","1669","-1.09","-18.4","63570491784.01","2316.6","1182","true"
"nifty-500","NIFTY 500","HONASA","HONASA CONSUMER LIMITED","466.75","1.93","8.85","63388077494.65","473.35","248.4","true"
"nifty-500","NIFTY 500","SOBHA","SOBHA LIMITED","1414.7","2.63","36.2","62817215662.12","1732.5","1130","true"
"nifty-500","NIFTY 500","GPIL","GODAWARI POWER AND ISPAT LIMITED","256.45","0.31","0.8","62804373126.57","320","179.25","true"
"nifty-500","NIFTY 500","EMCURE","EMCURE PHARMACEUTICALS LIMITED","1827.2","-0.48","-8.8","62694540750.9","1944","1228.9","true"
"nifty-500","NIFTY 500","GILLETTE","GILLETTE INDIA LIMITED","7650","-0.38","-29.5","62041782311.61","11500","7206","true"
"nifty-500","NIFTY 500","OLECTRA","OLECTRA GREENTECH LIMITED","1515.5","1.06","15.9","61857706564.13","1714.2","866.6","true"
"nifty-500","NIFTY 500","BALRAMCHIN","BALRAMPUR CHINI MILLS LIMITED","544.6","-1.87","-10.35","61822530179.89","627.8","393.55","true"
"nifty-500","NIFTY 500","WHIRLPOOL","WHIRLPOOL OF INDIA LIMITED","809.5","-0.38","-3.05","61522436977.99","1473.8","756.85","true"
"nifty-500","NIFTY 500","AAVAS","AAVAS FINANCIERS LIMITED","1520","-0.05","-0.8","60423220610.09","2152.9","1060.4","true"
"nifty-500","NIFTY 500","JINDALSAW","JINDAL SAW LIMITED","259.4","-0.8","-2.1","60237408843.86","269.91","153","true"
"nifty-500","NIFTY 500","NCC","NCC LIMITED","149.1","0.6","0.89","60154274926.21","236.89","130","true"
"nifty-500","NIFTY 500","PARADEEP","PARADEEP PHOSPHATES LIMITED","138.3","1.67","2.27","59590451001.09","234.39","99.7","true"
"nifty-500","NIFTY 500","LEMONTREE","LEMON TREE HOTELS LIMITED","118.8","1.84","2.15","58840111923.83","180.68","99.61","true"
"nifty-500","NIFTY 500","BAYERCROP","BAYER CROPSCIENCE LIMITED","4121","-0.61","-25.5","58417814652.47","6511","4030","true"
"nifty-500","NIFTY 500","CIEINDIA","CIE AUTOMOTIVE INDIA LIMITED","457.55","-0.05","-0.25","58185699734.73","526","381.1","true"
"nifty-500","NIFTY 500","CHALET","CHALET HOTELS LIMITED","816.5","0.2","1.6","58166829254.86","1082","691.35","true"
"nifty-500","NIFTY 500","RKFORGE","RAMKRISHNA FORGINGS LIMITED","562","-0.51","-2.9","57710890067.65","691.5","460.15","true"
"nifty-500","NIFTY 500","INDIAMART","INDIAMART INTERMESH LIMITED","1860","-2.43","-46.4","56844949486.79","2799","1860","true"
"nifty-500","NIFTY 500","MINDACORP","MINDA CORPORATION LIMITED","707","1.46","10.2","56661277422.27","711.95","445.05","true"
"nifty-500","NIFTY 500","ABLBL","ADITYA BIRLA LIFESTYLE BRANDS LIMITED","96.49","0.28","0.27","55868142814.65","168","87.91","true"
"nifty-500","NIFTY 500","JSWDULUX","JSW DULUX LIMITED","3237","0.28","8.9","55686816458.87","3915.5","2658.7","true"
"nifty-500","NIFTY 500","AADHARHFC","AADHAR HOUSING FINANCE LIMITED","519","0.66","3.4","55685411752.02","547.8","430.15","true"
"nifty-500","NIFTY 500","CENTRALBK","CENTRAL BANK OF INDIA","32.68","0.46","0.15","55639053783.23","40.92","29.32","true"
"nifty-500","NIFTY 500","PCBL","PCBL CHEMICAL LIMITED","317.45","-1.15","-3.7","55544497185.1","437.3","226.5","true"
"nifty-500","NIFTY 500","TENNIND","TENNECO CLEAN AIR INDIA LIMITED","604.9","2.11","12.5","54852454025.8","657","438.05","true"
"nifty-500","NIFTY 500","ZYDUSWELL","ZYDUS WELLNESS LIMITED","570","-0.94","-5.4","54694557586.98","580","367.55","true"
"nifty-500","NIFTY 500","FACT","FERTILIZERS AND CHEMICALS TRAVANCORE LIMITED","879.45","0.76","6.65","54633320300.53","1058.6","652.1","true"
"nifty-500","NIFTY 500","CHENNPETRO","CHENNAI PETROLEUM CORPORATION LIMITED","1132.5","-2.06","-23.8","54320989034.33","1249","620.85","true"
"nifty-500","NIFTY 500","TECHNOE","TECHNO ELECTRIC & ENGINEERING COMPANY LIMITED","1085","2.94","31","54255149773.38","1654","870","true"
"nifty-500","NIFTY 500","ECLERX","ECLERX SERVICES LIMITED","1332.8","0.6","7.9","54218857660.54","2497.5","1320","true"
"nifty-500","NIFTY 500","JUBLINGREA","JUBILANT INGREVIA LIMITED","640","5.23","31.8","53512142428.4","851.8","537.3","true"
"nifty-500","NIFTY 500","SUMICHEM","SUMITOMO CHEMICAL INDIA LIMITED","435.45","3.47","14.6","53303435001.16","665","362.6","true"
"nifty-500","NIFTY 500","INDGN","INDEGENE LIMITED","515","-1.98","-10.4","53108790170.23","596.8","414","true"
"nifty-500","NIFTY 500","NIVABUPA","NIVA BUPA HEALTH INSURANCE COMPANY LIMITED","85.19","0.73","0.62","52563911458.73","92.9","67.5","true"
"nifty-500","NIFTY 500","WELSPUNLIV","WELSPUN LIVING LIMITED","165","3.88","6.16","52306567071.35","171","107.1","true"
"nifty-500","NIFTY 500","TBOTEK","TBO TEK LIMITED","1522","6.46","92.3","52152959534.64","1764.8","1004.2","true"
"nifty-500","NIFTY 500","LTFOODS","LT FOODS LIMITED","377","2.72","10","51731987538.98","518.55","333.15","true"
"nifty-500","NIFTY 500","SJVN","SJVN LIMITED","72.5","-0.89","-0.65","51712901719.93","102.3","63.02","true"
"nifty-500","NIFTY 500","GODREJIND","GODREJ INDUSTRIES LIMITED","1200.8","2.22","26.1","51676714614.81","1325","744.2","true"
"nifty-500","NIFTY 500","FIRSTCRY","BRAINBEES SOLUTIONS LIMITED","228.18","2.19","4.89","51364846369.68","438.7","207.05","true"
"nifty-500","NIFTY 500","GRAVITA","GRAVITA INDIA LIMITED","1621.2","-0.55","-9","51172812480.61","1949","1266.9","true"
"nifty-500","NIFTY 500","CAPLIPOINT","CAPLIN POINT LABORATORIES LIMITED","2566","-2.28","-60","51019550664.18","2675","1500.3","true"
"nifty-500","NIFTY 500","SONATSOFTW","SONATA SOFTWARE LIMITED","262.5","-1.92","-5.15","50838320051.95","452.8","207.15","true"
"nifty-500","NIFTY 500","SCI","SHIPPING CORPORATION OF INDIA LIMITED","300.7","-1.51","-4.6","50710529111.72","368.75","195.55","true"
"nifty-500","NIFTY 500","IFCI","IFCI LIMITED","76.33","1.94","1.45","50686638709.72","95.8","46.23","true"
"nifty-500","NIFTY 500","SUNTV","SUN TV NETWORK LIMITED","512.4","-0.61","-3.15","50479614745.53","660.7","480.2","true"
"nifty-500","NIFTY 500","GMDCLTD","GUJARAT MINERAL DEVELOPMENT CORPORATION LIMITED","609.3","4.34","25.35","50280239057.4","771.9","374.8","true"
"nifty-500","NIFTY 500","TEJASNET","TEJAS NETWORKS LIMITED","607.1","-0.88","-5.4","49963567467.59","731.9","294","true"
"nifty-500","NIFTY 500","IOB","INDIAN OVERSEAS BANK","34.23","0.41","0.14","49841200135.39","41.8","31.2","true"
"nifty-500","NIFTY 500","JMFINANCIL","JM FINANCIAL LIMITED","129","5.47","6.69","49549984496.73","199.8","112","true"
"nifty-500","NIFTY 500","JKTYRE","JK TYRE & INDUSTRIES LIMITED","396.4","0.6","2.35","49444417332.02","611.9","311","true"
"nifty-500","NIFTY 500","NSLNISP","NMDC STEEL LIMITED","43.03","0.42","0.18","49437169771.34","53.75","33.01","true"
"nifty-500","NIFTY 500","ZENSARTECH","ZENSAR TECHNOLOGIES LIMITED","428","0.63","2.7","48637035873.23","881","423","true"
"nifty-500","NIFTY 500","AFCONS","AFCONS INFRASTRUCTURE LIMITED","308.8","-1.1","-3.45","48132904418.52","479.4","265.8","true"
"nifty-500","NIFTY 500","DEVYANI","DEVYANI INTERNATIONAL LIMITED","112.94","1.41","1.57","47957226214.68","191","91.55","true"
"nifty-500","NIFTY 500","ELECON","ELECON ENGINEERING COMPANY LIMITED","547","2.47","13.2","47945007870.69","683","352","true"
"nifty-500","NIFTY 500","EMMVEE","EMMVEE PHOTOVOLTAIC POWER LIMITED","351","2.33","8","46907847911.29","356.7","171.51","true"
"nifty-500","NIFTY 500","IDBI","IDBI BANK LIMITED","82.3","-1.47","-1.23","46015095425.43","118.38","61.01","true"
"nifty-500","NIFTY 500","SPLPETRO","SUPREME PETROCHEM LIMITED","728","1.97","14.05","45789569603.41","979","462.3","true"
"nifty-500","NIFTY 500","BSOFT","BIRLASOFT LIMITED","276.5","-3.42","-9.8","45749393697.66","474","275","true"
"nifty-500","NIFTY 500","SARDAEN","SARDA ENERGY & MINERALS LIMITED","491.5","-0.97","-4.8","45062843641.23","639.75","421","true"
"nifty-500","NIFTY 500","IRCON","IRCON INTERNATIONAL LIMITED","135.4","3.3","4.33","43997220603.23","207.79","114.5","true"
"nifty-500","NIFTY 500","NIACL","THE NEW INDIA ASSURANCE COMPANY LIMITED","182.4","2.47","4.39","43774777190.4","218","116.97","true"
"nifty-500","NIFTY 500","SWANCORP","SWAN CORP LIMITED","313","-0.14","-0.45","43544364536.25","526.7","295.65","true"
"nifty-500","NIFTY 500","BATAINDIA","BATA INDIA LIMITED","683.6","-0.05","-0.35","43512932089.73","1284.9","605","true"
"nifty-500","NIFTY 500","URBANCO","URBAN COMPANY LIMITED","128.78","-1.94","-2.55","43312716913.43","201.18","100.7","true"
"nifty-500","NIFTY 500","HEG","HEG LIMITED","522","1.03","5.3","43270909633.36","690","459.8","true"
"nifty-500","NIFTY 500","SAPPHIRE","SAPPHIRE FOODS INDIA LIMITED","182.4","0.92","1.66","43047129796.04","368","139.91","true"
"nifty-500","NIFTY 500","CONCORDBIO","CONCORD BIOTECH LIMITED","1288","0.61","7.8","42575320096.17","1980","987","true"
"nifty-500","NIFTY 500","BIKAJI","BIKAJI FOODS INTERNATIONAL LIMITED","647","-0.58","-3.75","42328449995.64","818.7","592.55","true"
"nifty-500","NIFTY 500","DOMS","DOMS INDUSTRIES LIMITED","2292.8","-0.73","-16.8","41202725397.18","2770","2023.9","true"
"nifty-500","NIFTY 500","ACE","ACTION CONSTRUCTION EQUIPMENT LIMITED","1002.2","-2.13","-21.8","41135060892.22","1236","745.1","true"
"nifty-500","NIFTY 500","GRAPHITE","GRAPHITE INDIA LIMITED","610","-0.55","-3.4","40562253347.58","802.4","505.8","true"
"nifty-500","NIFTY 500","DCMSHRIRAM","DCM SHRIRAM LIMITED","1008","0.22","2.2","39836934103.55","1502.3","945.1","true"
"nifty-500","NIFTY 500","UTIAMC","UTI ASSET MANAGEMENT COMPANY LIMITED","945","1.06","9.9","39663892349.53","1494.8","896.5","true"
"nifty-500","NIFTY 500","THELEELA","LEELA PALACES HOTELS & RESORTS LIMITED","479.5","0.85","4.05","38580475840.96","511","384.5","true"
"nifty-500","NIFTY 500","ANURAS","ANUPAM RASAYAN INDIA LIMITED","1267","0.21","2.6","38274182899.03","1415","1045.2","true"
"nifty-500","NIFTY 500","TARIL","TRANSFORMERS AND RECTIFIERS (INDIA) LIMITED","357.3","1.69","5.95","38174191681.4","578.5","224.05","true"
"nifty-500","NIFTY 500","SBFC","SBFC FINANCE LIMITED","90.7","-0.08","-0.07","37264658461.11","123","79.6","true"
"nifty-500","NIFTY 500","IGIL","INTERNATIONAL GEMOLOGICAL INSTITUTE LIMITED","359","1.08","3.85","36374753693.05","442","287","true"
"nifty-500","NIFTY 500","JSWCEMENT","JSW CEMENT LIMITED","136.75","1.36","1.83","36371864077.94","162.15","106.65","true"
"nifty-500","NIFTY 500","CLEAN","CLEAN SCIENCE AND TECHNOLOGY LIMITED","761","0.07","0.5","36212363823.19","1521.9","652","true"
"nifty-500","NIFTY 500","JWL","JUPITER WAGONS LIMITED","266.55","-0.47","-1.25","36101099482.21","393.6","235.65","true"
"nifty-500","NIFTY 500","ABDL","ALLIED BLENDERS AND DISTILLERS LIMITED","670","0.31","2.1","35769583051.91","696.8","382.1","true"
"nifty-500","NIFTY 500","SAREGAMA","SAREGAMA INDIA LIMITED","489.9","-0.59","-2.9","35301930402.28","520","307.05","true"
"nifty-500","NIFTY 500","ABFRL","ADITYA BIRLA FASHION AND RETAIL LIMITED","58.75","1.19","0.69","34481844140.79","94.95","53.51","true"
"nifty-500","NIFTY 500","AEGISVOPAK","AEGIS VOPAK TERMINALS LIMITED","235","0.13","0.31","33815811604.96","302","158","true"
"nifty-500","NIFTY 500","PINELABS","PINE LABS LIMITED","155.49","-0.81","-1.27","33557982661.92","284","134.73","true"
"nifty-500","NIFTY 500","TRIDENT","TRIDENT LIMITED","26.29","0.65","0.17","32762347701.33","33.66","21.98","true"
"nifty-500","NIFTY 500","CANHLIFE","CANARA HSBC LIFE INSURANCE COMPANY LIMITED","139.07","-0.56","-0.79","32679280508","159","106","true"
"nifty-500","NIFTY 500","NUVOCO","NUVOCO VISTAS CORPORATION LIMITED","311.75","2.87","8.7","31155784747.55","477.5","276.25","true"
"nifty-500","NIFTY 500","RITES","RITES LIMITED","230.8","12.86","26.29","30833474811.72","299.8","175","true"
"nifty-500","NIFTY 500","UCOBANK","UCO BANK","26.86","-0.48","-0.13","30453243898.37","34.2","22.22","true"
"nifty-500","NIFTY 500","NEWGEN","NEWGEN SOFTWARE TECHNOLOGIES LIMITED","472.4","0.18","0.85","30107083256.01","1237.4","401.05","true"
"nifty-500","NIFTY 500","BLS","BLS INTERNATIONAL SERVICES LIMITED","246.9","-1.48","-3.7","29825379211.55","414.9","218.9","true"
"nifty-500","NIFTY 500","SIGNATURE","SIGNATUREGLOBAL (INDIA) LIMITED","759","2.69","19.9","29653369203.11","1294","705.2","true"
"nifty-500","NIFTY 500","ITI","ITI LIMITED","301.15","1.16","3.45","28929595526.14","372.85","237","true"
"nifty-500","NIFTY 500","BLUEDART","BLUE DART EXPRESS LIMITED","4900","0.72","35.2","28905805792.79","7080","4628.5","true"
"nifty-500","NIFTY 500","JBMA","JBM AUTO LIMITED","704","0.9","6.25","28290480650.53","790","477","true"
"nifty-500","NIFTY 500","RAILTEL","RAILTEL CORPORATION OF INDIA LIMITED","317.9","3.23","9.95","27703308583.32","436.5","245","true"
"nifty-500","NIFTY 500","TEGA","TEGA INDUSTRIES LIMITED","1672","-1.46","-24.8","27554831012.27","2125","1467","true"
"nifty-500","NIFTY 500","BBTC","THE BOMBAY BURMAH TRADING CORPORATION LIMITED","1538","0.18","2.8","26562563797.51","2135","1314.6","true"
"nifty-500","NIFTY 500","MRPL","MANGALORE REFINERY AND PETROCHEMICALS LIMITED","147.85","-0.81","-1.2","25988613828.05","212.31","120.4","true"
"nifty-500","NIFTY 500","INDIACEM","THE INDIA CEMENTS LIMITED","374.7","-0.62","-2.35","25701664632.06","485.8","312.5","true"
"nifty-500","NIFTY 500","JAINREC","JAIN RESOURCE RECYCLING LIMITED","350.85","0.63","2.2","24739040281.19","593.95","247.57","true"
"nifty-500","NIFTY 500","TRAVELFOOD","TRAVEL FOOD SERVICES LIMITED","1324.5","0.08","1.1","24083158161.03","1445","1008.5","true"
"nifty-500","NIFTY 500","RHIM","RHI MAGNESITA INDIA LIMITED","388","5.51","20.25","23455717229.96","537.7","323.05","true"
"nifty-500","NIFTY 500","TTML","TATA TELESERVICES (MAHARASHTRA) LIMITED","43.02","0.49","0.21","21561980227.27","69.75","31.22","true"
"nifty-500","NIFTY 500","GALLANTT","GALLANTT ISPAT LIMITED","681","-1.6","-11.05","20313439622.9","948","496.25","true"
"nifty-500","NIFTY 500","BLUEJET","BLUE JET HEALTHCARE LIMITED","550.5","4.82","25.3","19278356077.6","1027.8","325","true"
"nifty-500","NIFTY 500","LATENTVIEW","LATENT VIEW ANALYTICS LIMITED","263.65","-2.64","-7.15","19020924106.9","517.5","248","true"
"nifty-500","NIFTY 500","MAPMYINDIA","C.E. INFO SYSTEMS LIMITED","845","4.35","35.25","14586574345.85","1998","795","true"
"nifty-500","NIFTY 500","MMTC","MMTC LIMITED","67.66","-0.57","-0.39","10206037380","78.35","50.1","true"
"midcap-100","NIFTY Midcap 100","BSE","BSE LIMITED","3945","2.05","79.4","1607570818010.06","4446.8","2021.5","true"
"midcap-100","NIFTY Midcap 100","FEDERALBNK","THE FEDERAL BANK  LIMITED","330.85","0.24","0.8","813313266722.97","332","185.11","true"
"midcap-100","NIFTY Midcap 100","MCX","MULTI COMMODITY EXCHANGE OF INDIA LIMITED","2963","4.43","125.8","753769093472.86","3480","1460.8","true"
"midcap-100","NIFTY Midcap 100","SUZLON","SUZLON ENERGY LIMITED","58.34","-0.95","-0.56","707603787052.98","68.3","38.19","true"
"midcap-100","NIFTY Midcap 100","HEROMOTOCO","HERO MOTOCORP LIMITED","4828","0.7","33.7","625005496505.17","6388.5","4190","true"
"midcap-100","NIFTY Midcap 100","INDUSINDBK","INDUSIND BANK LIMITED","940","1.71","15.8","617395981031.12","968.85","710.6","true"
"midcap-100","NIFTY Midcap 100","GVT&D","GE VERNOVA T&D INDIA LIMITED","4900","-0.89","-44","605480973919.86","5650","2265","true"
"midcap-100","NIFTY Midcap 100","BHEL","BHARAT HEAVY ELECTRICALS LIMITED","414.3","0.05","0.2","602257303558.99","424.9","205.12","true"
"midcap-100","NIFTY Midcap 100","AUBANK","AU SMALL FINANCE BANK LIMITED","1048","1.05","10.9","591896013090.12","1079.55","682.15","true"
"midcap-100","NIFTY Midcap 100","LUPIN","LUPIN LIMITED","2397.2","-0.9","-21.8","580536529388.39","2494","1836.8","true"
"midcap-100","NIFTY Midcap 100","POLICYBZR","PB FINTECH LIMITED","1681.2","3.23","52.6","580137075771.98","1974","1364","true"
"midcap-100","NIFTY Midcap 100","LAURUSLABS","LAURUS LABS LIMITED","1492.7","-1.63","-24.7","579573573807.92","1531.2","663.05","true"
"midcap-100","NIFTY Midcap 100","BHARATFORG","BHARAT FORGE LIMITED","2111.7","-1.51","-32.4","561288994440.81","2238","1100.5","true"
"midcap-100","NIFTY Midcap 100","IDFCFIRSTB","IDFC FIRST BANK LIMITED","78.91","-0.73","-0.58","522086857402.2","87","58.08","true"
"midcap-100","NIFTY Midcap 100","POLYCAB","POLYCAB INDIA LIMITED","9710","-2.52","-251","517769266415.37","10126","6346","true"
"midcap-100","NIFTY Midcap 100","PAYTM","ONE 97 COMMUNICATIONS LIMITED","1205.9","5.64","64.4","506285248544.76","1381.8","889.1","true"
"midcap-100","NIFTY Midcap 100","INDUSTOWER","INDUS TOWERS LIMITED","387.45","-1.09","-4.25","497821736858.2","481.5","312.55","true"
"midcap-100","NIFTY Midcap 100","DIXON","DIXON TECHNOLOGIES (INDIA) LIMITED","11970","0.42","50","495216597141.15","18471","9600","true"
"midcap-100","NIFTY Midcap 100","FORTIS","FORTIS HEALTHCARE LIMITED","949.6","-0.77","-7.35","493470894591.91","1104.3","757.15","true"
"midcap-100","NIFTY Midcap 100","PERSISTENT","PERSISTENT SYSTEMS LIMITED","4324.9","-0.04","-1.6","468654578092.95","6599","4244.5","true"
"midcap-100","NIFTY Midcap 100","ASHOKLEY","ASHOK LEYLAND LIMITED","162.05","2.76","4.35","462386979458.13","215.42","114.96","true"
"midcap-100","NIFTY Midcap 100","COFORGE","COFORGE LIMITED","1367.9","-6.67","-97.8","461154034503.72","1994","1008.1","true"
"midcap-100","NIFTY Midcap 100","MARICO","MARICO LIMITED","850.1","1.66","13.85","448725201527.54","854.45","690.2","true"
"midcap-100","NIFTY Midcap 100","POWERINDIA","HITACHI ENERGY INDIA LIMITED","34290","-1.8","-630","434964993264.1","38785","16111","true"
"midcap-100","NIFTY Midcap 100","YESBANK","YES BANK LIMITED","24.5","1.32","0.32","429139408802.74","25.78","17.2","true"
"midcap-100","NIFTY Midcap 100","AUROPHARMA","AUROBINDO PHARMA LIMITED","1551.1","-1.75","-27.6","428140416997.66","1588.9","1016.1","true"
"midcap-100","NIFTY Midcap 100","ICICIGI","ICICI LOMBARD GENERAL INSURANCE COMPANY LIMITED","1761.7","1.15","20","427030152975.28","2068.7","1629.5","true"
"midcap-100","NIFTY Midcap 100","MFSL","MAX FINANCIAL SERVICES LIMITED","1612","1.77","28","426363594041.9","1892.5","1433.6","true"
"midcap-100","NIFTY Midcap 100","NYKAA","FSN E-COMMERCE VENTURES LIMITED","308.65","-0.71","-2.2","421166337302.56","312.9","197.62","true"
"midcap-100","NIFTY Midcap 100","GMRAIRPORT","GMR AIRPORTS LIMITED","113.44","1.2","1.35","402627140141.83","114.65","82.96","true"
"midcap-100","NIFTY Midcap 100","IDEA","VODAFONE IDEA LIMITED","14.62","1.11","0.16","401376140562.14","15.34","6.12","true"
"midcap-100","NIFTY Midcap 100","SRF","SRF LIMITED","2726.5","-0.46","-12.5","394871472582.41","3325","2355","true"
"midcap-100","NIFTY Midcap 100","NAUKRI","INFO EDGE (INDIA) LIMITED","995","1.74","17","379907551351.98","1537.2","908.3","true"
"midcap-100","NIFTY Midcap 100","HINDPETRO","HINDUSTAN PETROLEUM CORPORATION LIMITED","392.85","-0.41","-1.6","376198564551.69","508.45","316.2","true"
"midcap-100","NIFTY Midcap 100","PHOENIXLTD","THE PHOENIX MILLS LIMITED","2011","3.2","62.4","374376916829.53","2025.4","1402.5","true"
"midcap-100","NIFTY Midcap 100","SWIGGY","SWIGGY LIMITED","247.14","3.25","7.79","349782286591.32","474","235.75","true"
"midcap-100","NIFTY Midcap 100","JSWENERGY","JSW ENERGY LIMITED","570","-2.25","-13.15","348402129799.5","617.35","427.75","true"
"midcap-100","NIFTY Midcap 100","TIINDIA","TUBE INVESTMENTS OF INDIA LIMITED","3090","2","60.7","329231249055.72","3419.9","2164.9","true"
"midcap-100","NIFTY Midcap 100","VMM","VISHAL MEGA MART LIMITED","117","-0.81","-0.95","325195152808.37","157.6","98.77","true"
"midcap-100","NIFTY Midcap 100","ALKEM","ALKEM LABORATORIES LIMITED","5562.5","-0.13","-7.5","324579144909.38","5933.5","4716.2","true"
"midcap-100","NIFTY Midcap 100","APLAPOLLO","APL APOLLO TUBES LIMITED","1785.1","-0.2","-3.6","324040796524.36","2301.4","1492","true"
"midcap-100","NIFTY Midcap 100","GLENMARK","GLENMARK PHARMACEUTICALS LIMITED","2157.5","-2.12","-46.8","323943188608.59","2474","1680.4","true"
"midcap-100","NIFTY Midcap 100","KEI","KEI INDUSTRIES LIMITED","5251","-3.25","-176.5","323175232762.65","5708","3601.1","true"
"midcap-100","NIFTY Midcap 100","ABCAPITAL","ADITYA BIRLA CAPITAL LIMITED","391.1","-0.22","-0.85","321145083998.28","399.35","243","true"
"midcap-100","NIFTY Midcap 100","UPL","UPL LIMITED","566","-0.91","-5.2","316529011621.7","812.2","563.15","true"
"midcap-100","NIFTY Midcap 100","RADICO","RADICO KHAITAN LIMITED","3952","0.16","6.5","308722883409.3","3976.6","2500","true"
"midcap-100","NIFTY Midcap 100","NATIONALUM","NATIONAL ALUMINIUM COMPANY LIMITED","334.5","-1.5","-5.1","299123108536.71","445.15","179.93","true"
"midcap-100","NIFTY Midcap 100","HAVELLS","HAVELLS INDIA LIMITED","1188.5","2.52","29.2","298686649448.59","1621.1","1123.6","true"
"midcap-100","NIFTY Midcap 100","NHPC","NHPC LIMITED","79.39","-2.39","-1.94","298392932879.05","89.75","71.62","true"
"midcap-100","NIFTY Midcap 100","BIOCON","BIOCON LIMITED","417.6","-0.17","-0.7","297104419924.66","440.4","331","true"
"midcap-100","NIFTY Midcap 100","VOLTAS","VOLTAS LIMITED","1281.5","0.31","3.9","291372234067.71","1582.5","1186.8","true"
"midcap-100","NIFTY Midcap 100","NMDC","NMDC LIMITED","84.2","-1.13","-0.96","290211415997.6","97.49","67","true"
"midcap-100","NIFTY Midcap 100","INDIANB","INDIAN BANK","819.95","0.4","3.3","288954348053.77","1000.9","606","true"
"midcap-100","NIFTY Midcap 100","MPHASIS","MPHASIS LIMITED","2126.7","-1.61","-34.9","280728941259.67","3037.2","2013","true"
"midcap-100","NIFTY Midcap 100","MANKIND","MANKIND PHARMA LIMITED","2482.9","-2.46","-62.7","280311945265.58","2716.5","1909.7","true"
"midcap-100","NIFTY Midcap 100","360ONE","360 ONE WAM LIMITED","1069.2","-0.5","-5.4","276413830559.46","1273.8","906.05","true"
"midcap-100","NIFTY Midcap 100","WAAREEENER","WAAREE ENERGIES LIMITED","2878","-2.34","-69","274716414439.88","3865","2403","true"
"midcap-100","NIFTY Midcap 100","PAGEIND","PAGE INDUSTRIES LIMITED","43540","5.25","2170","273894948437.35","50590","29805","true"
"midcap-100","NIFTY Midcap 100","PRESTIGE","PRESTIGE ESTATES PROJECTS LIMITED","1625","3.86","60.4","273344151132.43","1814","1090","true"
"midcap-100","NIFTY Midcap 100","COLPAL","COLGATE PALMOLIVE (INDIA) LIMITED","2072","3.71","74.1","272176406899.57","2504","1782","true"
"midcap-100","NIFTY Midcap 100","LTF","L&T FINANCE LIMITED","313.1","0.76","2.35","266373634930.37","329.45","194.4","true"
"midcap-100","NIFTY Midcap 100","GODREJPROP","GODREJ PROPERTIES LIMITED","1949.4","4.44","82.8","262907960934.89","2420","1434","true"
"midcap-100","NIFTY Midcap 100","DABUR","DABUR INDIA LIMITED","445.35","5.48","23.15","262237717110.67","577","403.35","true"
"midcap-100","NIFTY Midcap 100","MRF","MRF LIMITED","129300","1.16","1480","261561805148.18","163600","122000","true"
"midcap-100","NIFTY Midcap 100","OFSS","ORACLE FINANCIAL SERVICES SOFTWARE LIMITED","10860","0.78","84","258274555917.12","11130","6234.5","true"
"midcap-100","NIFTY Midcap 100","SAIL","STEEL AUTHORITY OF INDIA LIMITED","166.5","-4.03","-6.99","240033071137.53","209.7","118.1","true"
"midcap-100","NIFTY Midcap 100","COROMANDEL","COROMANDEL INTERNATIONAL LIMITED","2002.5","-0.12","-2.5","238734186680.18","2718.9","1706.5","true"
"midcap-100","NIFTY Midcap 100","OIL","OIL INDIA LIMITED","420.2","0.78","3.25","228537309037.46","531","384.6","true"
"midcap-100","NIFTY Midcap 100","TATACOMM","TATA COMMUNICATIONS LIMITED","1906","-3.28","-64.6","223225630980","2110","1322.5","true"
"midcap-100","NIFTY Midcap 100","OBEROIRLTY","OBEROI REALTY LIMITED","1810","2.31","40.8","212452339848.35","2005","1391.2","true"
"midcap-100","NIFTY Midcap 100","BLUESTARCO","BLUE STAR LIMITED","1615","-0.82","-13.3","208956371681.7","2040","1450","true"
"midcap-100","NIFTY Midcap 100","PIIND","PI INDUSTRIES LIMITED","2578","0.9","22.9","208277530006.55","4330","2541","true"
"midcap-100","NIFTY Midcap 100","M&MFIN","MAHINDRA & MAHINDRA FINANCIAL SERVICES LIMITED","315.05","-0.24","-0.75","207871256491.31","412.2","246.35","true"
"midcap-100","NIFTY Midcap 100","SUPREMEIND","SUPREME INDUSTRIES LIMITED","3214.5","1.8","56.7","206439139719.28","4664.9","3141","true"
"midcap-100","NIFTY Midcap 100","ATGL","ADANI TOTAL GAS LIMITED","731","-0.08","-0.55","202212313647.67","859.85","462.8","true"
"midcap-100","NIFTY Midcap 100","EXIDEIND","EXIDE INDUSTRIES LIMITED","390","0.62","2.4","176937462000","431","287","true"
"midcap-100","NIFTY Midcap 100","LENSKART","LENSKART SOLUTIONS LIMITED","528","2.53","13.05","176517002487.37","557.65","356.1","true"
"midcap-100","NIFTY Midcap 100","SBICARD","SBI CARDS AND PAYMENT SERVICES LIMITED","596.05","0.48","2.85","176262722732.88","1015","565.45","true"
"midcap-100","NIFTY Midcap 100","BANKINDIA","BANK OF INDIA","141.2","0.57","0.8","171105773662.23","178.36","108.81","true"
"midcap-100","NIFTY Midcap 100","ASTRAL","ASTRAL LIMITED","1360","1.83","24.4","165870606907.84","1768.7","1263.7","true"
"midcap-100","NIFTY Midcap 100","ICICIAMC","ICICI PRUDENTIAL ASSET MANAGEMENT COMPANY LIMITED","3401","2.45","81.4","165849861448.14","3611","2530","true"
"midcap-100","NIFTY Midcap 100","LICHSGFIN","LIC HOUSING FINANCE LIMITED","553","-1.95","-11","165798379975.66","646.5","458.9","true"
"midcap-100","NIFTY Midcap 100","CONCOR","CONTAINER CORPORATION OF INDIA LIMITED","480.25","1.05","5","165327421538.28","629.2","421.45","true"
"midcap-100","NIFTY Midcap 100","JUBLFOOD","JUBILANT FOODWORKS LIMITED","421.55","0.95","3.95","164540597448.02","718.95","408.8","true"
"midcap-100","NIFTY Midcap 100","LGEINDIA","LG ELECTRONICS INDIA LIMITED","1567.9","1.02","15.9","159637085012.52","1749","1304.1","true"
"midcap-100","NIFTY Midcap 100","GROWW","BILLIONBRAINS GARAGE VENTURES LIMITED","205.55","1.72","3.48","157750447082.91","227.2","112","true"
"midcap-100","NIFTY Midcap 100","IRCTC","INDIAN RAILWAY CATERING AND TOURISM CORPORATION LIMITED","503.55","0.13","0.65","151481536560","798.6","492.65","true"
"midcap-100","NIFTY Midcap 100","MOTILALOFS","MOTILAL OSWAL FINANCIAL SERVICES LIMITED","954.1","0.29","2.8","148827490529.03","1097.1","614.9","true"
"midcap-100","NIFTY Midcap 100","KALYANKJIL","KALYAN JEWELLERS INDIA LIMITED","383.2","-0.91","-3.5","146832864445.94","617.7","327.05","true"
"midcap-100","NIFTY Midcap 100","PATANJALI","PATANJALI FOODS LIMITED","412.7","0.4","1.65","142567887136.43","653.93","406.35","true"
"midcap-100","NIFTY Midcap 100","RVNL","RAIL VIKAS NIGAM LIMITED","237.74","0.81","1.91","134577588076.77","405.5","221.55","true"
"midcap-100","NIFTY Midcap 100","COCHINSHIP","COCHIN SHIPYARD LIMITED","1503","-0.32","-4.9","126862290463.93","2186","1187","true"
"midcap-100","NIFTY Midcap 100","BDL","BHARAT DYNAMICS LIMITED","1376.5","0.59","8.1","126511658807.81","2013.5","1086","true"
"midcap-100","NIFTY Midcap 100","PREMIERENE","PREMIER ENERGIES LIMITED","1053","0.19","2","124747471041.51","1136.4","660","true"
"midcap-100","NIFTY Midcap 100","TATAELXSI","TATA ELXSI LIMITED","3584.9","-6.39","-244.8","123075577907.71","6439.5","3562","true"
"midcap-100","NIFTY Midcap 100","HUDCO","HOUSING & URBAN DEVELOPMENT CORPORATION LIMITED","208.1","1.5","3.08","104143431759.93","246.85","159","true"
"midcap-100","NIFTY Midcap 100","IREDA","INDIAN RENEWABLE ENERGY DEVELOPMENT AGENCY LIMITED","128","-0.54","-0.69","101551238214.68","174.6","108.65","true"
"midcap-100","NIFTY Midcap 100","KPITTECH","KPIT TECHNOLOGIES LIMITED","561","-16.46","-110.55","91749290033.13","1328","555.5","true"
"midcap-100","NIFTY Midcap 100","GODFRYPHLP","GODFREY PHILLIPS INDIA LIMITED","2162","-0.51","-11.1","88049399357.44","3947","1832.1","true"
"midcap-100","NIFTY Midcap 100","TATAINVEST","TATA INVESTMENT CORPORATION LIMITED","666","-0.12","-0.8","86677422413.93","1184.7","538.85","true"
"bank","NIFTY Bank","HDFCBANK","HDFC BANK LIMITED","796","-0.24","-1.95","12155643604435","1020.5","726.65","true"
"bank","NIFTY Bank","ICICIBANK","ICICI BANK LIMITED","1377.6","0.17","2.4","9841242612304.74","1500","1187.6","true"
"bank","NIFTY Bank","SBIN","STATE BANK OF INDIA","1043.5","1.62","16.6","4301188176592.78","1234.7","786.55","true"
"bank","NIFTY Bank","AXISBANK","AXIS BANK LIMITED","1363.9","1.35","18.2","3906357391414.63","1418.3","1042.5","true"
"bank","NIFTY Bank","KOTAKBANK","KOTAK MAHINDRA BANK LIMITED","399","1.72","6.75","2929428504972.28","453.2","345.5","true"
"bank","NIFTY Bank","FEDERALBNK","THE FEDERAL BANK  LIMITED","330.85","0.24","0.8","813313266722.97","332","185.11","true"
"bank","NIFTY Bank","INDUSINDBK","INDUSIND BANK LIMITED","940","1.71","15.8","617395981031.12","968.85","710.6","true"
"bank","NIFTY Bank","AUBANK","AU SMALL FINANCE BANK LIMITED","1048","1.05","10.9","591896013090.12","1079.55","682.15","true"
"bank","NIFTY Bank","IDFCFIRSTB","IDFC FIRST BANK LIMITED","78.91","-0.73","-0.58","522086857402.2","87","58.08","true"
"bank","NIFTY Bank","BANKBARODA","BANK OF BARODA","271.05","-0.5","-1.35","501455957137.85","325.5","230.81","true"
"bank","NIFTY Bank","YESBANK","YES BANK LIMITED","24.5","1.32","0.32","429139408802.74","25.78","17.2","true"
"bank","NIFTY Bank","CANBK","CANARA BANK","125.9","0.3","0.38","421956872192.82","162.89","103.55","true"
"bank","NIFTY Bank","PNB","PUNJAB NATIONAL BANK","107.41","0.67","0.72","368889092821.05","135.15","98.5","true"
"bank","NIFTY Bank","UNIONBANK","UNION BANK OF INDIA","174.85","1.4","2.42","336916715543.6","205.49","124.64","true"
"it","NIFTY IT","INFY","INFOSYS LIMITED","986","-1.44","-14.4","3448998154275.85","1728","982.4","true"
"it","NIFTY IT","TCS","TATA CONSULTANCY SERVICES LIMITED","1981.8","-2.45","-49.7","2017715351617.03","3489.9","1976.8","true"
"it","NIFTY IT","HCLTECH","HCL TECHNOLOGIES LIMITED","1035.4","-3.4","-36.4","1088553576533.67","1780.1","1030","true"
"it","NIFTY IT","TECHM","TECH MAHINDRA LIMITED","1360","-3.18","-44.7","861303629587.41","1854","1304.1","true"
"it","NIFTY IT","WIPRO","WIPRO LIMITED","169.85","-0.32","-0.54","485974561038.57","273.1","169.25","true"
"it","NIFTY IT","PERSISTENT","PERSISTENT SYSTEMS LIMITED","4324.9","-0.04","-1.6","468654578092.95","6599","4244.5","true"
"it","NIFTY IT","COFORGE","COFORGE LIMITED","1367.9","-6.67","-97.8","461154034503.72","1994","1008.1","true"
"it","NIFTY IT","LTM","LTM LIMITED","3546.7","0.25","8.7","328474340000.51","6429.5","3528","true"
"it","NIFTY IT","MPHASIS","MPHASIS LIMITED","2126.7","-1.61","-34.9","280728941259.67","3037.2","2013","true"
"it","NIFTY IT","OFSS","ORACLE FINANCIAL SERVICES SOFTWARE LIMITED","10860","0.78","84","258274555917.12","11130","6234.5","true"
"auto","NIFTY Auto","M&M","MAHINDRA & MAHINDRA LIMITED","3132","2.06","63.2","2788363484067.16","3839.9","2896","true"
"auto","NIFTY Auto","MARUTI","MARUTI SUZUKI INDIA LIMITED","14340","1.59","225","1865495662650.67","17370","12201","true"
"auto","NIFTY Auto","BAJAJ-AUTO","BAJAJ AUTO LIMITED","9845","1.33","129","1087314201744.5","10834","7858.5","true"
"auto","NIFTY Auto","EICHERMOT","EICHER MOTORS LIMITED","7144","1","70.5","981799443993.85","8230","5353","true"
"auto","NIFTY Auto","TVSMOTOR","TVS MOTOR COMPANY LIMITED","3491.1","0.88","30.5","817797692993.81","3970","2728.7","true"
"auto","NIFTY Auto","TMPV","TATA MOTORS PASSENGER VEHICLES LIMITED","347.95","-1.21","-4.25","725158500574.41","739.7","294.3","true"
"auto","NIFTY Auto","MOTHERSON","SAMVARDHANA MOTHERSON INTERNATIONAL LIMITED","147.84","-0.18","-0.27","651307296883.39","155.25","89.7","true"
"auto","NIFTY Auto","HEROMOTOCO","HERO MOTOCORP LIMITED","4828","0.7","33.7","625005496505.17","6388.5","4190","true"
"auto","NIFTY Auto","BHARATFORG","BHARAT FORGE LIMITED","2111.7","-1.51","-32.4","561288994440.81","2238","1100.5","true"
"auto","NIFTY Auto","ASHOKLEY","ASHOK LEYLAND LIMITED","162.05","2.76","4.35","462386979458.13","215.42","114.96","true"
"auto","NIFTY Auto","BOSCHLTD","BOSCH LIMITED","40730","2.08","830","352309011451.66","41945","28610","true"
"auto","NIFTY Auto","TIINDIA","TUBE INVESTMENTS OF INDIA LIMITED","3090","2","60.7","329231249055.72","3419.9","2164.9","true"
"auto","NIFTY Auto","SONACOMS","SONA BLW PRECISION FORGINGS LIMITED","617.95","-0.31","-1.95","276282545446.04","632.2","402.3","true"
"auto","NIFTY Auto","UNOMINDA","UNO MINDA LIMITED","1088","0.02","0.2","197344013128.49","1382","994","true"
"auto","NIFTY Auto","EXIDEIND","EXIDE INDUSTRIES LIMITED","390","0.62","2.4","176937462000","431","287","true"
"fmcg","NIFTY FMCG","ITC","ITC LIMITED","290.05","1.08","3.1","2788166031780.68","427","275.05","true"
"fmcg","NIFTY FMCG","HINDUNILVR","HINDUSTAN UNILEVER LIMITED","2181.5","2.99","63.3","1929980348943.79","2750","2022.5","true"
"fmcg","NIFTY FMCG","NESTLEIND","NESTLE INDIA LIMITED","1453","3.4","47.8","1038902921255.82","1498.1","1084.7","true"
"fmcg","NIFTY FMCG","TATACONSUM","TATA CONSUMER PRODUCTS LIMITED","1090","1.34","14.4","707847380245.78","1282.7","1007.2","true"
"fmcg","NIFTY FMCG","VBL","VARUN BEVERAGES LIMITED","514.8","1.43","7.25","701909761245.7","555.8","381","true"
"fmcg","NIFTY FMCG","BRITANNIA","BRITANNIA INDUSTRIES LIMITED","5246","1.93","99.5","616221203846.78","6336","5035","true"
"fmcg","NIFTY FMCG","MARICO","MARICO LIMITED","850.1","1.66","13.85","448725201527.54","854.45","690.2","true"
"fmcg","NIFTY FMCG","GODREJCP","GODREJ CONSUMER PRODUCTS LIMITED","1044.4","3.41","34.4","418554686947.73","1309","967.05","true"
"fmcg","NIFTY FMCG","UNITDSPR","UNITED SPIRITS LIMITED","1351","0.04","0.6","397971690671.21","1488","1210.8","true"
"fmcg","NIFTY FMCG","RADICO","RADICO KHAITAN LIMITED","3952","0.16","6.5","308722883409.3","3976.6","2500","true"
"fmcg","NIFTY FMCG","COLPAL","COLGATE PALMOLIVE (INDIA) LIMITED","2072","3.71","74.1","272176406899.57","2504","1782","true"
"fmcg","NIFTY FMCG","DABUR","DABUR INDIA LIMITED","445.35","5.48","23.15","262237717110.67","577","403.35","true"
"fmcg","NIFTY FMCG","PATANJALI","PATANJALI FOODS LIMITED","412.7","0.4","1.65","142567887136.43","653.93","406.35","true"
"fmcg","NIFTY FMCG","UBL","UNITED BREWERIES LIMITED","1355.1","1.35","18.1","97593938975.78","2110","1276","true"
"fmcg","NIFTY FMCG","EMAMILTD","EMAMI LIMITED","419","3.64","14.7","82320181456.5","634.2","376.4","true"
"pharma","NIFTY Pharma","SUNPHARMA","SUN PHARMACEUTICAL INDUSTRIES LIMITED","1867.4","0.26","4.9","1971817779187.02","1916.6","1548","true"
"pharma","NIFTY Pharma","DIVISLAB","DIVI'S LABORATORIES LIMITED","6542","-0.56","-37","829087987829.16","7071.5","5636.5","true"
"pharma","NIFTY Pharma","CIPLA","CIPLA LIMITED","1457","-0.57","-8.4","817537223676.17","1673","1165.7","true"
"pharma","NIFTY Pharma","DRREDDY","DR. REDDY'S LABORATORIES LIMITED","1337.3","-1.46","-19.8","812919301856.56","1414.9","1148.4","true"
"pharma","NIFTY Pharma","LUPIN","LUPIN LIMITED","2397.2","-0.9","-21.8","580536529388.39","2494","1836.8","true"
"pharma","NIFTY Pharma","LAURUSLABS","LAURUS LABS LIMITED","1492.7","-1.63","-24.7","579573573807.92","1531.2","663.05","true"
"pharma","NIFTY Pharma","TORNTPHARM","TORRENT PHARMACEUTICALS LIMITED","4643.1","0.5","23","485888018145.87","4742.9","3165","true"
"pharma","NIFTY Pharma","AUROPHARMA","AUROBINDO PHARMA LIMITED","1551.1","-1.75","-27.6","428140416997.66","1588.9","1016.1","true"
"pharma","NIFTY Pharma","ALKEM","ALKEM LABORATORIES LIMITED","5562.5","-0.13","-7.5","324579144909.38","5933.5","4716.2","true"
"pharma","NIFTY Pharma","GLENMARK","GLENMARK PHARMACEUTICALS LIMITED","2157.5","-2.12","-46.8","323943188608.59","2474","1680.4","true"
"pharma","NIFTY Pharma","BIOCON","BIOCON LIMITED","417.6","-0.17","-0.7","297104419924.66","440.4","331","true"
"pharma","NIFTY Pharma","MANKIND","MANKIND PHARMA LIMITED","2482.9","-2.46","-62.7","280311945265.58","2716.5","1909.7","true"
"pharma","NIFTY Pharma","ZYDUSLIFE","ZYDUS LIFESCIENCES LIMITED","1109.9","-0.24","-2.7","276906362656.13","1128.5","835.5","true"
"pharma","NIFTY Pharma","IPCALAB","IPCA LABORATORIES LIMITED","1697.8","-0.19","-3.2","235176613816.6","1766.7","1251.6","true"
"pharma","NIFTY Pharma","GLAND","GLAND PHARMA LIMITED","2473.8","-0.85","-21.2","196567552165.34","2528.3","1573.6","true"
"pharma","NIFTY Pharma","JBCHEPHARM","JB CHEMICALS & PHARMACEUTICALS LIMITED","2295","-0.04","-0.9","187344840960.56","2332","1603.5","true"
"pharma","NIFTY Pharma","WOCKPHARMA","WOCKHARDT LIMITED","1971","1.52","29.6","162314843408.37","2422.3","1086.7","true"
"pharma","NIFTY Pharma","AJANTPHARM","AJANTA PHARMA LIMITED","3346.8","-2.22","-75.9","140568889944.37","3506.9","2329.9","true"
"pharma","NIFTY Pharma","ABBOTINDIA","ABBOTT INDIA LIMITED","25580","0.55","140","132905157563.07","37000","25150","true"
"pharma","NIFTY Pharma","PPLPHARMA","PIRAMAL PHARMA LIMITED","169.15","0.63","1.06","104913902172.28","220.85","132.3","true"
"metal","NIFTY Metal","TATASTEEL","TATA STEEL LIMITED","185","-1.63","-3.06","1524947669504.78","224.4","152.51","true"
"metal","NIFTY Metal","HINDALCO","HINDALCO INDUSTRIES LIMITED","939.4","-1.8","-17.2","1356352485875.02","1176","657.5","true"
"metal","NIFTY Metal","JSWSTEEL","JSW STEEL LIMITED","1224.9","-0.12","-1.5","1145673608542.48","1328","1008","true"
"metal","NIFTY Metal","ADANIENT","ADANI ENTERPRISES LIMITED","3143","3.52","107","904434369332.81","3149.8","1753","true"
"metal","NIFTY Metal","VEDL","VEDANTA LIMITED","275.25","-1.96","-5.5","465456468185.22","795","268.7","true"
"metal","NIFTY Metal","JINDALSTEL","JINDAL STEEL LIMITED","1027","-3.12","-33.1","379367947831.15","1306.2","914.6","true"
"metal","NIFTY Metal","APLAPOLLO","APL APOLLO TUBES LIMITED","1785.1","-0.2","-3.6","324040796524.36","2301.4","1492","true"
"metal","NIFTY Metal","NATIONALUM","NATIONAL ALUMINIUM COMPANY LIMITED","334.5","-1.5","-5.1","299123108536.71","445.15","179.93","true"
"metal","NIFTY Metal","NMDC","NMDC LIMITED","84.2","-1.13","-0.96","290211415997.6","97.49","67","true"
"metal","NIFTY Metal","HINDZINC","HINDUSTAN ZINC LIMITED","524.9","-1.55","-8.25","251721584932.02","733","413.5","true"
"metal","NIFTY Metal","SAIL","STEEL AUTHORITY OF INDIA LIMITED","166.5","-4.03","-6.99","240033071137.53","209.7","118.1","true"
"metal","NIFTY Metal","LLOYDSME","LLOYDS METALS AND ENERGY LIMITED","1800.2","-0.56","-10.2","233622737472.44","1888.6","1042.9","true"
"metal","NIFTY Metal","JSL","JINDAL STAINLESS LIMITED","683","-1.39","-9.65","213315562561.18","884","652.25","true"
"metal","NIFTY Metal","WELCORP","WELSPUN CORP LIMITED","1478.4","-2.86","-43.5","193196589679.18","1539","710","true"
"metal","NIFTY Metal","HINDCOPPER","HINDUSTAN COPPER LIMITED","490.5","-2.12","-10.6","160520213219.58","760.05","226.7","true"
"energy","NIFTY Energy","RELIANCE","RELIANCE INDUSTRIES LIMITED","1306.5","0.97","12.6","8801552588810.98","1611.8","1253.2","true"
"energy","NIFTY Energy","NTPC","NTPC LIMITED","357.4","0.21","0.75","1689637264850.54","414.4","315.55","true"
"energy","NIFTY Energy","POWERGRID","POWER GRID CORPORATION OF INDIA LIMITED","287.1","0.28","0.8","1296511899310.25","324.95","250","true"
"energy","NIFTY Energy","COALINDIA","COAL INDIA LIMITED","435.15","-0.89","-3.9","1039401774503.55","491.25","368.65","true"
"energy","NIFTY Energy","ADANIPOWER","ADANI POWER LIMITED","226.21","1.09","2.44","936007654906.99","254.2","109.75","true"
"energy","NIFTY Energy","ONGC","OIL & NATURAL GAS CORPORATION LIMITED","234.92","0.01","0.02","909993514601.02","307.5","227.65","true"
"energy","NIFTY Energy","SUZLON","SUZLON ENERGY LIMITED","58.34","-0.95","-0.56","707603787052.98","68.3","38.19","true"
"energy","NIFTY Energy","CGPOWER","CG POWER AND INDUSTRIAL SOLUTIONS LIMITED","976","2.5","23.85","667361975631.23","978.9","525.5","true"
"energy","NIFTY Energy","TATAPOWER","TATA POWER COMPANY LIMITED","375.15","-2.68","-10.35","623973378450.86","464.9","342.5","true"
"energy","NIFTY Energy","BPCL","BHARAT PETROLEUM CORPORATION LIMITED","303.95","0.13","0.4","614290051942.81","391.65","266.6","true"
"energy","NIFTY Energy","GVT&D","GE VERNOVA T&D INDIA LIMITED","4900","-0.89","-44","605480973919.86","5650","2265","true"
"energy","NIFTY Energy","BHEL","BHARAT HEAVY ELECTRICALS LIMITED","414.3","0.05","0.2","602257303558.99","424.9","205.12","true"
"energy","NIFTY Energy","IOC","INDIAN OIL CORPORATION LIMITED","139.99","0.44","0.61","521581235245.68","188.96","130.22","true"
"energy","NIFTY Energy","ADANIGREEN","ADANI GREEN ENERGY LIMITED","1529.9","2.53","37.7","511479843817.12","1557","765","true"
"energy","NIFTY Energy","ADANIENSOL","ADANI ENERGY SOLUTIONS LIMITED","1516","1.65","24.6","496478588430.37","1614.8","744.9","true"
"energy","NIFTY Energy","GAIL","GAIL (INDIA) LIMITED","174.41","0.55","0.95","469137355676.36","195.45","134.36","true"
"energy","NIFTY Energy","POWERINDIA","HITACHI ENERGY INDIA LIMITED","34290","-1.8","-630","434964993264.1","38785","16111","true"
"energy","NIFTY Energy","HINDPETRO","HINDUSTAN PETROLEUM CORPORATION LIMITED","392.85","-0.41","-1.6","376198564551.69","508.45","316.2","true"
"energy","NIFTY Energy","ABB","ABB INDIA LIMITED","6932","-1.41","-99","362759857763.44","7822.5","4637.5","true"
"energy","NIFTY Energy","JSWENERGY","JSW ENERGY LIMITED","570","-2.25","-13.15","348402129799.5","617.35","427.75","true"
"energy","NIFTY Energy","ENRIN","SIEMENS ENERGY INDIA LIMITED","3636","-1.28","-47.3","320671926632.13","3968","2115","true"
"energy","NIFTY Energy","SIEMENS","SIEMENS LIMITED","3559.1","-1.13","-40.8","313737742636.18","3937.3","2826","true"
"energy","NIFTY Energy","NHPC","NHPC LIMITED","79.39","-2.39","-1.94","298392932879.05","89.75","71.62","true"
"energy","NIFTY Energy","TORNTPOWER","TORRENT POWER LIMITED","1406","-0.63","-8.9","266593550616.92","1824.1","1188","true"
"energy","NIFTY Energy","OIL","OIL INDIA LIMITED","420.2","0.78","3.25","228537309037.46","531","384.6","true"
"energy","NIFTY Energy","PETRONET","PETRONET LNG LIMITED","278.7","-0.75","-2.1","208262907068.09","326.4","235.35","true"
"energy","NIFTY Energy","ATGL","ADANI TOTAL GAS LIMITED","731","-0.08","-0.55","202212313647.67","859.85","462.8","true"
"energy","NIFTY Energy","THERMAX","THERMAX LIMITED","5090","-1.35","-69.5","196680657794.6","5277.8","2742.7","true"
"energy","NIFTY Energy","AEGISLOG","AEGIS LOGISTICS LIMITED","1248","6.3","74","156225000672","1275","576.1","true"
"energy","NIFTY Energy","NLCINDIA","NLC INDIA LIMITED","317.75","-1.32","-4.25","115376947091.79","387.8","220.71","true"
"energy","NIFTY Energy","IGL","INDRAPRASTHA GAS LIMITED","156.85","-4.81","-7.93","109714975038.4","229","141.74","true"
"energy","NIFTY Energy","CESC","CESC LIMITED","169.42","0.36","0.61","106523251901.16","204.5","138.12","true"
"energy","NIFTY Energy","NTPCGREEN","NTPC GREEN ENERGY LIMITED","94.99","-0.53","-0.51","87992248135.71","119.95","84","true"
"energy","NIFTY Energy","CASTROLIND","CASTROL INDIA LIMITED","184.23","-0.11","-0.2","87898541465.73","232.43","170.1","true"
"energy","NIFTY Energy","JPPOWER","JAIPRAKASH POWER VENTURES LIMITED","17.91","1.36","0.24","86951770364.84","27.7","13.15","true"
"energy","NIFTY Energy","INOXWIND","INOX WIND LIMITED","89.75","-0.41","-0.37","86299271778.51","179.21","75.05","true"
"energy","NIFTY Energy","NAVA","NAVA LIMITED","614.85","1.39","8.4","85031601520.54","739.4","501.65","true"
"energy","NIFTY Energy","RPOWER","RELIANCE POWER LIMITED","27.06","8.94","2.22","78274639711.89","70.9","20.17","true"
"energy","NIFTY Energy","MGL","MAHANAGAR GAS LIMITED","1162.8","-0.96","-11.3","66038526643.77","1586.9","900","true"
"energy","NIFTY Energy","SJVN","SJVN LIMITED","72.5","-0.89","-0.65","51712901719.93","102.3","63.02","true"
"realty","NIFTY Realty","DLF","DLF LIMITED","648","4.51","27.95","414540434805.83","859.95","489.4","true"
"realty","NIFTY Realty","PHOENIXLTD","THE PHOENIX MILLS LIMITED","2011","3.2","62.4","374376916829.53","2025.4","1402.5","true"
"realty","NIFTY Realty","LODHA","LODHA DEVELOPERS LIMITED","993","3.95","37.75","274710196966.18","1495.7","650.8","true"
"realty","NIFTY Realty","PRESTIGE","PRESTIGE ESTATES PROJECTS LIMITED","1625","3.86","60.4","273344151132.43","1814","1090","true"
"realty","NIFTY Realty","GODREJPROP","GODREJ PROPERTIES LIMITED","1949.4","4.44","82.8","262907960934.89","2420","1434","true"
"realty","NIFTY Realty","OBEROIRLTY","OBEROI REALTY LIMITED","1810","2.31","40.8","212452339848.35","2005","1391.2","true"
"realty","NIFTY Realty","BRIGADE","BRIGADE ENTERPRISES LIMITED","499.4","-0.25","-1.25","92304602472.67","876.3","450.75","true"
"realty","NIFTY Realty","ANANTRAJ","ANANT RAJ LIMITED","517","-0.82","-4.25","78677286257.42","743.65","403","true"
"realty","NIFTY Realty","ABREL","ADITYA BIRLA REAL ESTATE LIMITED","1394.5","5.36","70.9","72804541234.24","2460.5","1080.1","true"
"realty","NIFTY Realty","SOBHA","SOBHA LIMITED","1414.7","2.63","36.2","62817215662.12","1732.5","1130","true"
"psu-bank","NIFTY PSU Bank","SBIN","STATE BANK OF INDIA","1043.5","1.62","16.6","4301188176592.78","1234.7","786.55","true"
"psu-bank","NIFTY PSU Bank","BANKBARODA","BANK OF BARODA","271.05","-0.5","-1.35","501455957137.85","325.5","230.81","true"
"psu-bank","NIFTY PSU Bank","CANBK","CANARA BANK","125.9","0.3","0.38","421956872192.82","162.89","103.55","true"
"psu-bank","NIFTY PSU Bank","PNB","PUNJAB NATIONAL BANK","107.41","0.67","0.72","368889092821.05","135.15","98.5","true"
"psu-bank","NIFTY PSU Bank","UNIONBANK","UNION BANK OF INDIA","174.85","1.4","2.42","336916715543.6","205.49","124.64","true"
"psu-bank","NIFTY PSU Bank","INDIANB","INDIAN BANK","819.95","0.4","3.3","288954348053.77","1000.9","606","true"
"psu-bank","NIFTY PSU Bank","MAHABANK","BANK OF MAHARASHTRA","91.3","-0.15","-0.14","185383362642.2","94.5","51.71","true"
"psu-bank","NIFTY PSU Bank","BANKINDIA","BANK OF INDIA","141.2","0.57","0.8","171105773662.23","178.36","108.81","true"
"psu-bank","NIFTY PSU Bank","CENTRALBK","CENTRAL BANK OF INDIA","32.68","0.46","0.15","55639053783.23","40.92","29.32","true"
"psu-bank","NIFTY PSU Bank","IOB","INDIAN OVERSEAS BANK","34.23","0.41","0.14","49841200135.39","41.8","31.2","true"
"psu-bank","NIFTY PSU Bank","UCOBANK","UCO BANK","26.86","-0.48","-0.13","30453243898.37","34.2","22.22","true"
"psu-bank","NIFTY PSU Bank","PSB","PUNJAB & SIND BANK","24.53","1.2","0.29","10708193588.49","33.55","20.5","true"
"media","NIFTY Media","ZEEL","ZEE ENTERTAINMENT ENTERPRISES LIMITED","108.2","4.53","4.69","99063218215.57","151.7","68","true"
"media","NIFTY Media","PVRINOX","PVR INOX LIMITED","981.5","2.06","19.85","69813963356.5","1249.7","907.4","true"
"media","NIFTY Media","NAZARA","NAZARA TECHNOLOGIES LIMITED","302.3","-0.26","-0.8","68580057874.43","363.25","215.7","true"
"media","NIFTY Media","SUNTV","SUN TV NETWORK LIMITED","512.4","-0.61","-3.15","50479614745.53","660.7","480.2","true"
"media","NIFTY Media","SAREGAMA","SAREGAMA INDIA LIMITED","489.9","-0.59","-2.9","35301930402.28","520","307.05","true"
"media","NIFTY Media","TIPSMUSIC","TIPS MUSIC LIMITED","659.95","5.29","33.15","30104911798.16","726.75","481.15","true"
"media","NIFTY Media","NETWORK18","NETWORK18 MEDIA & INVESTMENTS LIMITED","32.52","2.94","0.93","21212141880.17","65.29","27.38","true"
"media","NIFTY Media","PFOCUS","PRIME FOCUS LIMITED","232.06","5","11.05","15386264968.92","367","111.1","true"
"media","NIFTY Media","DBCORP","D.B.CORP LIMITED","196.45","2.99","5.7","8926892166.56","291.85","184.51","true"
"media","NIFTY Media","HATHWAY","HATHWAY CABLE & DATACOM LIMITED","11.45","2.69","0.3","5066924131.25","17.98","8.76","true"
